headline,date,market_fact,impact,category,window,original_date,status,input_idx
"US retail sales rise 1.3% in April, strongest gain in over a year",2016-05-13,"SPX up 0.5%, USD strengthened",Low,fiscal_policy,2016-05-H1,2016-05-13,confirmed,20
"Japan Q1 GDP beats expectations, grows 1.7% annualized",2016-05-18,"Nikkei up 0.8%, yen little changed",Low,fiscal_policy,2016-05-H1,2016-05-18,confirmed,21
Greece and creditors reach deal to unlock next tranche of bailout funds,2016-05-09,"Greek ASE index up 3.5%, EUR up 0.3%",Moderate,credit_event,2016-05-H1,2016-05-09,confirmed,22
Venezuela declares economic state of emergency amid deepening crisis,2016-05-13,"Venezuelan bonds fell, EM spreads slightly wider",Low,fiscal_policy,2016-05-H1,2016-05-13,confirmed,23
Saudi Arabia replaces oil minister Ali al-Naimi with Khalid al-Falih,2016-05-07,"WTI down 0.8%, markets assessed policy continuity",Low,energy_opec,2016-05-H1,2016-05-07,confirmed,24
Wildfires in Alberta Canada force shutdown of 1M barrels per day of oil output,2016-05-04,"WTI up 3.5%, Canadian oil sands stocks rallied",High,natural_disaster,2016-05-H1,2016-05-04,confirmed,25
European Commission opens formal fiscal procedure against Spain and Portugal,2016-07-27,"Spanish IBEX down 0.7%, EUR little changed",Low,fiscal_policy,2016-05-H1,2016-05-12,date_corrected,26
Cisco Systems Q3 earnings beat but revenue guidance disappoints,2016-05-18,CSCO down 3.5% after hours,Low,mega_cap_earnings,2016-05-H1,2016-05-18,confirmed,27
ECB cuts deposit rate to -0.4% and expands QE to €80B per month,2016-03-10,"EUR/USD initially fell then surged 3%, DAX swung 4%",High,monetary_policy,2016-03-H1,2016-03-10,confirmed,28
China reports February exports plunge 25.4% year-on-year,2016-03-08,"Shanghai Composite down 2.2%, AUD down 0.8%",Moderate,trade_policy,2016-03-H1,2016-03-08,confirmed,29
"China reports February CPI rises 2.3%, highest in over a year",2016-03-10,"Minimal market reaction, yuan steady",Low,fiscal_policy,2016-03-H1,2016-03-10,confirmed,30
"US February non-farm payrolls rise 242,000, beating expectations",2016-03-04,"SPX up 0.3%, USD fell as wage growth missed",Low,monetary_policy,2016-03-H1,2016-03-04,confirmed,31
Oil prices rally above $38 per barrel on oversupply hopes,2016-03-07,"WTI up 5.5%, energy stocks up 3%",Moderate,energy_opec,2016-03-H1,2016-03-07,confirmed,32
Saudi Arabia and Russia reaffirm Doha output freeze talks for April,2016-03-01,"WTI up 3.5%, SPX up 0.4%",Moderate,energy_opec,2016-03-H1,2016-03-01,confirmed,33
Brazil's Lula detained and questioned by federal police in corruption probe,2016-03-04,"BRL down 2.1%, Bovespa down 1.8%",Moderate,election_political,2016-03-H1,2016-03-04,confirmed,34
Apple files legal brief opposing FBI order to unlock San Bernardino iPhone,2016-03-03,"AAPL up 0.5%, muted broader market reaction",Low,regulatory,2016-03-H1,2016-03-03,confirmed,35
European bank shares slide as Deutsche Bank credit concerns resurface,2016-03-07,"DB down 3.5%, Euro Stoxx Banks index down 2%",Moderate,credit_event,2016-03-H1,2016-03-07,confirmed,36
"US February ISM non-manufacturing index rises to 53.4, beats forecast",2016-03-03,"SPX up 0.1%, minimal reaction",Low,fiscal_policy,2016-03-H1,2016-03-03,confirmed,37
Japan Q4 GDP revised upward to -1.1% annualized from -1.4%,2016-03-08,"Nikkei up 0.5%, yen little changed",Low,fiscal_policy,2016-03-H1,2016-03-08,confirmed,38
Super Tuesday results consolidate Trump and Clinton leads in US primaries,2016-03-02,"Mexican peso fell 1.2%, SPX largely unmoved",Low,election_political,2016-03-H1,2016-03-01,date_corrected,39
Ecuador struck by magnitude 7.8 earthquake killing hundreds,2016-04-16,"EWX emerging market ETF down 0.3%, copper down 0.5%",Low,natural_disaster,2016-04-H2,2016-04-16,confirmed,80
"Amazon Q1 earnings crush estimates, AWS profit surges 64%",2016-04-28,AMZN up 9% after hours,Moderate,mega_cap_earnings,2016-04-H2,2016-04-28,confirmed,81
Exxon Mobil loses AAA credit rating for first time since 1930s,2016-04-26,"XOM down 1.2%, credit markets little moved",Low,credit_event,2016-04-H2,2016-04-26,confirmed,82
"US Q1 GDP advance estimate comes in at 0.5%, well below expectations",2016-04-28,"SPX down 0.4%, dollar index fell 0.6%",Moderate,fiscal_policy,2016-04-H2,2016-04-28,confirmed,83
"G20 finance ministers meet in Shanghai, pledge coordinated support",2016-02-27,"SPX up 1.6% on Friday, global equities rallied",Moderate,geopolitical_diplomatic,2016-02-H2,2016-02-26,date_corrected,84
Apple refuses FBI court order to unlock San Bernardino shooter iPhone,2016-02-17,"AAPL up 1.7%, privacy stocks broadly flat",Low,regulatory,2016-02-H2,2016-02-16,date_corrected,85
Oil rebounds above $33 as Russia and Saudi Arabia discuss output freeze,2016-02-16,"WTI up 6%, SPX up 1.6%",Moderate,energy_opec,2016-02-H2,2016-02-16,confirmed,86
"Iran rejects oil output freeze proposal, says it will boost production",2016-02-17,"WTI fell 3%, energy sector down 1.5%",Moderate,energy_opec,2016-02-H2,2016-02-17,confirmed,87
UK Prime Minister Cameron sets June 23 date for Brexit referendum,2016-02-20,"GBP down 1.8%, FTSE 100 down 2.4%",High,election_political,2016-02-H2,2016-02-20,confirmed,88
"London Mayor Boris Johnson backs Leave campaign, boosting Brexit odds",2016-02-21,"GBP down 1.4% to $1.4080, FTSE down 1.0%",Moderate,election_political,2016-02-H2,2016-02-21,confirmed,89
"Walmart reports Q4 earnings, issues weak full-year guidance",2016-02-18,"WMT down 3.1%, retail sector down 0.5%",Low,mega_cap_earnings,2016-02-H2,2016-02-18,confirmed,90
Hewlett Packard Enterprise reports Q1 earnings beat on cost cuts,2016-02-24,HPE up 5.2% after hours,Low,mega_cap_earnings,2016-02-H2,2016-02-24,confirmed,91
China cuts reserve requirement ratio by 50bp to support slowing economy,2016-02-29,"Shanghai Composite fell 2.9%, copper down 1.2%",Moderate,monetary_policy,2016-02-H2,2016-02-29,confirmed,92
"US existing home sales rise 0.4% in January, beat expectations",2016-02-22,"SPX up 0.1%, homebuilder ETF XHB up 0.6%",Low,fiscal_policy,2016-02-H2,2016-02-22,confirmed,93
ECB's Draghi signals further easing measures at March meeting,2016-02-18,"EUR/USD fell 0.5%, European equities up 1.5%",Moderate,monetary_policy,2016-02-H2,2016-02-18,unverified,94
Fed minutes show officials concerned about global risks slowing hikes,2016-02-17,"SPX up 1.7%, USD weakened, gold up 1%",Moderate,monetary_policy,2016-02-H2,2016-02-17,confirmed,95
Saudi Arabia and Russia agree to freeze oil output at January levels,2016-02-16,WTI up 3.5% on initial headlines,Moderate,energy_opec,2016-02-H2,2016-02-16,confirmed,96
Greek government and creditors clash over pension reform conditions,2016-02-22,"Greek 10-yr yield up 30bp, EUR barely moved",Low,fiscal_policy,2016-02-H2,2016-02-22,unverified,97
Oil prices crash below $27 per barrel as global oversupply deepens,2016-02-11,"WTI hit $26.21 intraday, SPX down 1.2% on the week",High,energy_opec,2016-02-H1,2016-02-11,confirmed,98
Global equities enter correction territory as recession fears mount,2016-02-08,"SPX down 3.1% on the week, Nikkei down 11% over two weeks",High,credit_event,2016-02-H1,2016-02-08,confirmed,99
Wells Fargo Q1 profit falls 6% on loan loss reserve build,2016-04-14,"WFC down 1.9%, bank sector under mild pressure",Low,mega_cap_earnings,2016-04-H1,2016-04-14,confirmed,60
Saudi Arabia threatens to sell US assets if Congress passes 9/11 bill,2016-04-15,"Oil down 1.2%, Treasuries and dollar barely moved",Low,geopolitical_diplomatic,2016-04-H1,2016-04-15,confirmed,61
Panama Papers leak names hundreds of politicians and executives in offshore accounts,2016-04-03,"Mossack Fonseca-linked stocks fell, SPX flat overall",Low,regulatory,2016-04-H1,2016-04-03,date_corrected,62
Fed minutes from March meeting signal cautious approach to rate hikes,2016-04-06,"DXY fell 0.5%, gold up 0.8%, SPX up 0.3%",Low,monetary_policy,2016-04-H1,2016-04-06,confirmed,63
Alcoa Q1 earnings miss estimates as aluminum prices remain depressed,2016-04-11,"AA down 3.1%, metals sector soft",Low,mega_cap_earnings,2016-04-H1,2016-04-11,confirmed,64
"Japan earthquake magnitude 6.5 strikes Kyushu island, disrupts Toyota production",2016-04-14,"Nikkei down 0.3%, Toyota down 1.8%",Low,natural_disaster,2016-04-H1,2016-04-14,confirmed,65
Oil rallies above $42 on growing expectations of Doha producer freeze deal,2016-04-07,"WTI up 6.5% over the week, energy stocks up 3%",Moderate,energy_opec,2016-04-H1,2016-04-07,confirmed,66
"IMF cuts 2016 global growth forecast to 3.2%, warns of rising risks",2016-04-12,"SPX down 0.4%, EM currencies weakened modestly",Low,fiscal_policy,2016-04-H1,2016-04-12,confirmed,67
US Justice Department charges Brazilian Odebrecht executives in bribery probe,2016-04-07,"Brazilian real fell 0.9%, Bovespa down 0.6%",Low,regulatory,2016-04-H1,2016-04-07,unverified,68
Citigroup Q1 profit drops 27% on energy loan losses and weak trading,2016-04-15,"C down 1.6%, financials sector underperformed",Low,mega_cap_earnings,2016-04-H1,2016-04-15,confirmed,69
Doha oil producer meeting collapses without output freeze deal,2016-04-17,"WTI fell 6.8% on Monday open, oil stocks down 2-4%",High,energy_opec,2016-04-H2,2016-04-17,confirmed,70
"Bank of Japan holds rates steady, disappoints markets expecting more easing",2016-04-28,"Nikkei down 3.6%, yen surged 3% to 108",High,monetary_policy,2016-04-H2,2016-04-28,confirmed,71
"Fed holds rates unchanged, signals cautious approach to hikes",2016-04-27,"SPX up 0.2%, dollar weakened slightly, largely priced in",Low,monetary_policy,2016-04-H2,2016-04-27,confirmed,72
Saudi Arabia unveils Vision 2030 economic reform plan under Prince MBS,2016-04-25,"Saudi Tadawul up 1.5%, oil markets little changed",Low,fiscal_policy,2016-04-H2,2016-04-25,confirmed,73
"Apple reports Q2 revenue miss, first iPhone sales decline in history",2016-04-26,"AAPL down 6.3%, Nasdaq down 1.1%",High,mega_cap_earnings,2016-04-H2,2016-04-26,confirmed,74
Alphabet Q1 earnings beat estimates on strong Google advertising revenue,2016-04-21,"GOOGL up 7% after hours, Nasdaq futures up 0.5%",Moderate,mega_cap_earnings,2016-04-H2,2016-04-21,confirmed,75
"Microsoft Q3 earnings beat on cloud growth, Azure revenue up 120%",2016-04-21,MSFT up 4% after hours,Moderate,mega_cap_earnings,2016-04-H2,2016-04-21,confirmed,76
"ECB holds rates steady, Draghi signals further easing remains possible",2016-04-21,"EUR/USD up 0.4%, European equities little changed",Low,monetary_policy,2016-04-H2,2016-04-21,confirmed,77
Brazil Senate votes to put President Rousseff on trial for impeachment,2016-05-12,"Bovespa up 2.5%, BRL strengthened 1.8%",Moderate,election_political,2016-04-H2,2016-04-17,date_corrected,78
US crude oil inventories hit record high above 540 million barrels,2016-04-20,WTI down 3.5% intraday before recovering,Moderate,energy_opec,2016-04-H2,2016-04-20,confirmed,79
Fed minutes signal June rate hike remains live option,2016-05-18,"DXY up 0.8%, SPX down 0.9%, gold down 1.5%",Moderate,monetary_policy,2016-05-H2,2016-05-18,confirmed,0
Japan PM Abe delays planned sales tax hike to 2019,2016-06-01,"JPY strengthened 0.5%, Nikkei fell 0.8%",Low,fiscal_policy,2016-05-H2,2016-05-18,date_corrected,1
Saudi Arabia replaces oil minister Naimi with Al-Falih,2016-05-07,"WTI up 0.5%, markets interpreted as continuity",Low,energy_opec,2016-05-H2,2016-05-07,confirmed,2
"Target Q1 earnings miss estimates, same-store sales decline",2016-05-18,"TGT down 7.5%, retail sector down 1.2%",Moderate,mega_cap_earnings,2016-05-H2,2016-05-18,confirmed,3
"Walmart Q1 earnings beat estimates, raises full-year guidance",2016-05-19,"WMT up 9.6%, best day in 17 years",Moderate,mega_cap_earnings,2016-05-H2,2016-05-19,confirmed,4
EgyptAir Flight MS804 disappears over Mediterranean en route to Cairo,2016-05-19,"Airline stocks down 1-2%, oil flat, SPX down 0.4%",Low,geopolitical_military,2016-05-H2,2016-05-19,confirmed,5
"G7 finance ministers meet in Sendai, warn against competitive devaluations",2016-05-20,"DXY little changed, JPY steady near 110",Low,geopolitical_diplomatic,2016-05-H2,2016-05-20,confirmed,6
US existing home sales rise 1.7% in April to highest since 2007,2016-05-24,"Homebuilder ETF XHB up 0.6%, SPX up 0.5%",Low,fiscal_policy,2016-05-H2,2016-05-23,date_corrected,7
Yellen says Fed rate hike appropriate in coming months if economy improves,2016-05-27,"DXY up 0.5%, SPX up 0.4%, rate hike odds jump to 30%",Moderate,monetary_policy,2016-05-H2,2016-05-27,confirmed,8
Venezuela declares economic emergency as oil revenues collapse,2016-05-17,"Venezuelan bonds fall, EM currencies slightly weaker",Low,credit_event,2016-05-H2,2016-05-17,unverified,9
Obama becomes first sitting US president to visit Hiroshima,2016-05-27,"Markets unmoved, symbolic diplomatic event",Low,geopolitical_diplomatic,2016-05-H2,2016-05-27,confirmed,10
US Q1 GDP revised up to 0.8% from initial 0.5% estimate,2016-05-27,"SPX up 0.4%, dollar strengthened modestly",Low,fiscal_policy,2016-05-H2,2016-05-27,confirmed,11
"Hewlett Packard Enterprise reports Q2 earnings, beats on revenue",2016-05-24,HPE up 6% after hours on cost-cutting progress,Low,mega_cap_earnings,2016-05-H2,2016-05-25,date_corrected,12
OPEC meeting set for June 2 with no production freeze deal in sight,2016-05-25,"WTI slips 0.5%, market skeptical of agreement",Low,energy_opec,2016-05-H2,2016-05-25,unverified,13
Warren Buffett discloses Berkshire bought 9.8M Apple shares in Q1,2016-05-16,AAPL up 3.7% on the news,Moderate,mega_cap_corporate,2016-05-H1,2016-05-16,confirmed,14
Fed April meeting minutes signal possible June rate hike on table,2016-05-18,"DXY up 0.6%, SPX down 0.9%",Moderate,monetary_policy,2016-05-H1,2016-05-18,confirmed,15
"Oil rises above $48 per barrel, longest winning streak in months",2016-05-16,"WTI up 2.1%, energy sector leads gains",Moderate,energy_opec,2016-05-H1,2016-05-16,confirmed,16
Brazil Senate votes to suspend President Dilma Rousseff over budget fraud,2016-05-12,"BRL up 1.8%, Bovespa up 2.4%",Moderate,election_political,2016-05-H1,2016-05-12,confirmed,17
China April retail sales and industrial output miss forecasts,2016-05-13,"Shanghai Composite down 0.9%, copper fell 1.2%",Low,fiscal_policy,2016-05-H1,2016-05-13,confirmed,18
"Macy's reports Q1 earnings miss, cuts full-year guidance sharply",2016-05-11,"M down 15%, retail sector ETF XRT down 3%",Moderate,mega_cap_earnings,2016-05-H1,2016-05-11,confirmed,19
Greece faces new bailout review standoff as IMF and EU clash on debt relief,2016-03-11,"Greek 10-year yields up 30bp, EUR steady",Low,fiscal_policy,2016-03-H1,2016-03-11,unverified,40
"Draghi signals no further rate cuts needed after ECB package, euro surges",2016-03-10,"EUR/USD up 3% to 1.1150, European stocks reversed gains sharply",High,monetary_policy,2016-03-H1,2016-03-10,confirmed,41
"Fed holds rates steady, signals only two hikes in 2016",2016-03-16,"SPX up 0.6%, DXY fell 1%, gold up 1.2%",High,monetary_policy,2016-03-H2,2016-03-16,confirmed,42
Yellen press conference strikes dovish tone on global risks,2016-03-16,10-year Treasury yield fell 8bp to 1.90%,Moderate,monetary_policy,2016-03-H2,2016-03-16,confirmed,43
Brussels terror attacks kill 32 at airport and metro station,2016-03-22,"Euro Stoxx 50 down 1.4%, EUR/USD down 0.4%",Moderate,geopolitical_military,2016-03-H2,2016-03-22,confirmed,44
Oil prices rise above $40 per barrel for first time in 2016,2016-03-18,"WTI closed at $40.20, SPX up 0.5%",Moderate,energy_opec,2016-03-H2,2016-03-18,confirmed,45
Obama arrives in Cuba for historic first US presidential visit in 88 years,2016-03-20,"SPX up 0.1%, Cuban-linked stocks marginally higher",Low,geopolitical_diplomatic,2016-03-H2,2016-03-20,confirmed,46
Nike reports Q3 earnings beat but futures orders disappoint,2016-03-22,NKE down 5.5% after hours,Moderate,mega_cap_earnings,2016-03-H2,2016-03-22,confirmed,47
China cuts reserve requirement ratio by 50bp to support economy,2016-03-29,"Shanghai Composite up 0.4%, muted global reaction",Low,monetary_policy,2016-03-H2,2016-03-29,unverified,48
Yellen speech signals extreme caution on rate hikes given global headwinds,2016-03-29,"SPX up 0.9%, DXY down 0.7%, gold up 1.1%",Moderate,monetary_policy,2016-03-H2,2016-03-29,confirmed,49
"US existing home sales rise 2.2% in February, beat estimates",2016-03-21,Homebuilder ETF XHB up 0.8%,Low,fiscal_policy,2016-03-H2,2016-03-21,confirmed,50
Valeant Pharmaceuticals shares crash as debt and accounting concerns mount,2016-03-15,"VRX down 18%, hit multi-year low below $30",High,credit_event,2016-03-H2,2016-03-16,date_corrected,51
Panama Papers leak exposes offshore accounts of world leaders and billionaires,2016-04-03,Offshore-linked banking stocks dipped 1-2% in Europe,Low,regulatory,2016-03-H2,2016-03-31,date_corrected,52
ECB begins corporate bond purchase program under expanded QE,2016-06-08,European investment-grade credit spreads tightened 5bp,Low,monetary_policy,2016-03-H2,2016-03-16,date_corrected,53
Saudi Arabia and Russia reaffirm oil output freeze talks ahead of Doha meeting,2016-03-20,"WTI up 1.8%, Brent up 1.5%",Moderate,energy_opec,2016-03-H2,2016-03-20,unverified,54
US Q4 2015 GDP revised up to 1.4% from 1.0% second estimate,2016-03-25,"SPX up 0.1%, bond yields barely moved",Low,fiscal_policy,2016-03-H2,2016-03-25,confirmed,55
Doha oil producers meeting ends without output freeze agreement,2016-04-17,"WTI fell 7% on Monday April 18, Brent down 6%",High,energy_opec,2016-04-H1,2016-04-17,confirmed,56
"ECB holds rates steady, Draghi signals no further cuts near term",2016-04-21,"EUR/USD up 0.8%, European equities down 1.2%",Moderate,monetary_policy,2016-04-H1,2016-04-21,confirmed,57
"China Q1 2016 GDP grows 6.7%, slowest pace in seven years",2016-04-15,"Shanghai Composite up 1.3%, copper up 1.5%",Low,fiscal_policy,2016-04-H1,2016-04-15,confirmed,58
"JPMorgan Q1 earnings beat estimates, revenue rises on trading gains",2016-04-13,"JPM up 4.2%, KBW Bank Index up 2.1%",Moderate,mega_cap_earnings,2016-04-H1,2016-04-13,confirmed,59
"Turkey military coup attempt fails overnight, Erdogan survives",2016-07-16,"Turkish lira down 5%, Borsa Istanbul halted, gold up 1%",High,geopolitical_military,2016-07-H2,2016-07-16,confirmed,160
"Bank of England holds rates at 0.5%, surprises markets expecting cut",2016-07-14,"GBP up 1.5%, FTSE down 1%",Moderate,monetary_policy,2016-07-H2,2016-07-14,confirmed,161
Nice truck attack kills 84 on Bastille Day promenade,2016-07-14,"CAC 40 down 1.2%, euro slightly weaker",Moderate,geopolitical_military,2016-07-H2,2016-07-14,confirmed,162
"Netflix Q2 subscriber growth misses estimates, adds 1.7M globally",2016-07-18,NFLX down 13% after hours,Moderate,mega_cap_earnings,2016-07-H2,2016-07-18,confirmed,163
"Microsoft Q4 earnings beat estimates, cloud revenue surges 102%",2016-07-19,"MSFT up 5%, Nasdaq up 0.5%",Moderate,mega_cap_earnings,2016-07-H2,2016-07-19,confirmed,164
"ECB holds rates steady, Draghi signals September stimulus review",2016-07-21,"Euro up 0.5%, European equities flat",Low,monetary_policy,2016-07-H2,2016-07-21,confirmed,165
IMF cuts 2016 global growth forecast to 3.1% citing Brexit uncertainty,2016-07-19,"SPX down 0.1%, broadly shrugged off",Low,fiscal_policy,2016-07-H2,2016-07-19,confirmed,166
Republican National Convention nominates Donald Trump for president,2016-07-19,"SPX flat, markets unmoved by expected outcome",Low,election_political,2016-07-H2,2016-07-19,confirmed,167
"Apple Q3 revenue falls 15% year-over-year, first annual iPhone decline",2016-07-26,AAPL up 6% on better-than-feared results,Moderate,mega_cap_earnings,2016-07-H2,2016-07-26,confirmed,168
"Fed holds rates steady, signals one hike still possible in 2016",2016-07-27,"SPX up 0.2%, dollar slightly weaker",Low,monetary_policy,2016-07-H2,2016-07-27,confirmed,169
Democratic National Convention nominates Hillary Clinton for president,2016-07-28,"SPX flat, markets unmoved",Low,election_political,2016-07-H2,2016-07-26,date_corrected,170
Japan announces 28 trillion yen fiscal stimulus package,2016-07-27,"Nikkei up 1.4%, yen weakened to 105",Moderate,fiscal_policy,2016-07-H2,2016-07-27,confirmed,171
"US May jobs report shows only 38,000 jobs added, worst in years",2016-06-03,"SPX down 0.3%, USD fell sharply, rate hike odds collapsed",High,fiscal_policy,2016-06-H1,2016-06-03,confirmed,172
Fed's Yellen signals caution on rate hikes citing global risks,2016-06-06,"DXY down 0.5%, SPX up 0.3%",Moderate,monetary_policy,2016-06-H1,2016-06-06,confirmed,173
Verizon agrees to acquire Yahoo core business for approximately $4.8B,2016-07-25,"YHOO up 1.5%, deal below earlier expectations",Low,mega_cap_corporate,2016-06-H1,2016-06-13,date_corrected,174
MSCI declines to add China A-shares to emerging market index,2016-06-14,"Shanghai Composite down 0.8%, EM funds saw limited reaction",Low,regulatory,2016-06-H1,2016-06-14,confirmed,175
Brexit polls tighten sharply as Leave campaign gains momentum,2016-06-13,"GBP down 1.2%, FTSE 100 down 1.5%, VIX up 2 pts",High,election_political,2016-06-H1,2016-06-13,confirmed,176
"Fed holds rates steady at June FOMC meeting, cites weak jobs data",2016-06-15,"SPX down 0.2%, 2-year Treasury yield fell 4bp",Low,monetary_policy,2016-06-H1,2016-06-15,confirmed,177
"Bank of Japan holds policy steady, disappoints stimulus expectations",2016-06-16,"Nikkei down 3.1%, yen surged to 104 vs USD",High,monetary_policy,2016-06-H1,2016-06-16,confirmed,178
Orlando Pulse nightclub mass shooting kills 49 people,2016-06-12,"SPX flat Monday, gun stocks rose 5-8%",Low,geopolitical_military,2016-06-H1,2016-06-12,confirmed,179
Deutsche Bank shares plunge 9% on concerns over CoCo bond payments,2016-02-09,"DBK down 9%, European bank index down 6%",High,credit_event,2016-02-H1,2016-02-04,date_corrected,100
Yellen tells Congress Fed is monitoring global financial market turbulence,2016-02-10,"SPX fell 0.1%, rate hike odds dropped sharply",Moderate,monetary_policy,2016-02-H1,2016-02-10,confirmed,101
Japan 10-year bond yield turns negative for first time in history,2016-02-09,"JGB 10-year yield hit -0.035%, yen strengthened to 115",Moderate,monetary_policy,2016-02-H1,2016-02-09,confirmed,102
"US January nonfarm payrolls rise 151,000, missing 190,000 estimate",2016-02-05,"SPX down 1.2%, DXY weakened, gold up 1%",Moderate,monetary_policy,2016-02-H1,2016-02-05,confirmed,103
Iran and Saudi Arabia signal no willingness to cut oil output at OPEC meeting,2016-02-02,WTI fell 3% to $29.50,Moderate,energy_opec,2016-02-H1,2016-02-02,unverified,104
"Twitter reports Q4 earnings, monthly active user growth stalls at 320 million",2016-02-10,TWTR down 12% after-hours,Moderate,mega_cap_earnings,2016-02-H1,2016-02-10,confirmed,105
LinkedIn shares crash 44% after weak Q1 revenue guidance,2016-02-05,"LNKD down 44%, worst single-day drop in company history",High,mega_cap_earnings,2016-02-H1,2016-02-05,confirmed,106
China markets reopen after Lunar New Year holiday with sharp losses,2016-02-15,Shanghai Composite down 3.2% on reopening day,Moderate,geopolitical_diplomatic,2016-02-H1,2016-02-15,confirmed,107
"Gold surges above $1,200 per ounce as safe-haven demand spikes",2016-02-11,"Gold up 4.6% on the day, best week since 2008",High,credit_event,2016-02-H1,2016-02-11,confirmed,108
ECB's Draghi signals additional stimulus measures possible at March meeting,2016-02-12,"European equities rebounded 3%, EUR weakened slightly",Moderate,monetary_policy,2016-02-H1,2016-02-12,unverified,109
"G20 finance ministers meet in Shanghai, pledge to use all policy tools",2016-02-27,"SPX up 0.2%, markets unmoved by statement",Low,geopolitical_diplomatic,2016-02-H1,2016-02-26,date_corrected,110
"US retail sales for January fall 0.1%, missing expectations of 0.1% gain",2016-02-12,"SPX down 0.4%, dollar weakened modestly",Low,fiscal_policy,2016-02-H1,2016-02-12,confirmed,111
Cisco reports Q2 earnings beat but warns of slowing enterprise spending,2016-02-10,"CSCO down 3% after-hours, tech sector broadly flat",Low,mega_cap_earnings,2016-02-H1,2016-02-10,confirmed,112
"China stocks plunge 7%, circuit breaker halts trading for second time",2016-01-07,"Shanghai Composite down 7%, SPX futures fell 2%",High,regulatory,2016-01-H2,2016-01-07,confirmed,113
China scraps circuit breaker after four trading halts in one week,2016-01-08,Shanghai Composite rebounded 2% on Friday after rule scrapped,Moderate,regulatory,2016-01-H2,2016-01-08,confirmed,114
WTI crude oil falls below $30 per barrel for first time since 2003,2016-01-12,"WTI hit $29.93, SPX down 2.2%",High,energy_opec,2016-01-H2,2016-01-15,date_corrected,115
IMF cuts 2016 global growth forecast to 3.4% citing China slowdown,2016-01-19,"SPX down 1.2%, broad risk-off tone",Moderate,fiscal_policy,2016-01-H2,2016-01-19,confirmed,116
ECB's Draghi signals additional stimulus may come in March meeting,2016-01-21,"Euro Stoxx 50 up 3.1%, SPX up 0.5%",Moderate,monetary_policy,2016-01-H2,2016-01-21,confirmed,117
Oil prices crash to 12-year low below $27 as Iran sanctions lifted,2016-01-20,"WTI hit $26.55 intraday, SPX down 1.2% before recovering",High,energy_opec,2016-01-H2,2016-01-20,confirmed,118
"Iran nuclear sanctions formally lifted, country to resume oil exports",2016-01-16,"WTI fell 2%, Brent below $29",Moderate,geopolitical_diplomatic,2016-01-H2,2016-01-16,confirmed,119
Intel warns Q4 revenue at low end of guidance range amid PC weakness,2016-01-07,"INTC down 2.5%, Philadelphia Semiconductor Index down 1.8%",Low,mega_cap_earnings,2016-01-H1,2016-01-07,unverified,140
UK names Theresa May as new Prime Minister after Brexit vote,2016-07-13,"GBP rose 1.2% to 1.297, FTSE 100 up 0.8%",Moderate,election_political,2016-07-H1,2016-07-11,date_corrected,141
"Turkey military coup attempt fails overnight, Erdogan survives",2016-07-16,"Turkish lira down 4.8%, Borsa Istanbul halted, gold up 0.7%",High,geopolitical_military,2016-07-H1,2016-07-15,date_corrected,142
"Bank of England holds rates at 0.5%, signals August cut likely",2016-07-14,"GBP down 1.4%, FTSE 100 up 1.3%",Moderate,monetary_policy,2016-07-H1,2016-07-14,confirmed,143
Terrorist truck attack in Nice kills 84 on Bastille Day,2016-07-14,"Euro down 0.3%, European equities flat, gold up 0.4%",Low,geopolitical_military,2016-07-H1,2016-07-14,confirmed,144
"US June nonfarm payrolls surge 287,000, beating 175,000 estimate",2016-07-08,"SPX up 1.5%, DXY up 0.8%, 10-year yield rose 10bp",Moderate,fiscal_policy,2016-07-H1,2016-07-08,confirmed,145
South China Sea tribunal rules against China's territorial claims,2016-07-12,"Asian equities flat, CNY down 0.2%, markets largely shrugged",Low,geopolitical_diplomatic,2016-07-H1,2016-07-12,confirmed,146
"Alcoa reports Q2 earnings beat, revenues in line with estimates",2016-07-11,"AA up 2.1% after hours, metals sector up 0.5%",Low,mega_cap_earnings,2016-07-H1,2016-07-11,confirmed,147
Oil falls below $45 as global supply glut concerns resurface,2016-07-06,"WTI down 4.9% to $44.74, energy sector down 2.3%",Moderate,energy_opec,2016-07-H1,2016-07-06,confirmed,148
Japan ruling coalition wins two-thirds supermajority in upper house election,2016-07-10,"Nikkei up 4%, JPY weakened 2% to 104 on fiscal stimulus hopes",High,election_political,2016-07-H1,2016-07-10,confirmed,149
Fed's Fischer signals rate hike possible in 2016 at Jackson Hole,2016-08-21,"DXY up 0.5%, gold down 1%",Moderate,monetary_policy,2016-08-H2,2016-08-21,unverified,150
Yellen says case for Fed rate hike has strengthened in Jackson Hole speech,2016-08-26,"SPX up 0.2%, DXY up 0.7%, gold down 0.8%",Moderate,monetary_policy,2016-08-H2,2016-08-26,confirmed,151
Turkey launches military operation Euphrates Shield into northern Syria,2016-08-24,"TRY down 0.5%, oil up 0.3%, SPX flat",Low,geopolitical_military,2016-08-H2,2016-08-24,confirmed,152
Italian banks drag European markets lower on bad loan concerns,2016-08-17,"Italian bank index down 2%, FTSE MIB down 1.2%",Moderate,credit_event,2016-08-H2,2016-08-17,unverified,153
"Salesforce reports Q2 earnings beat, raises full-year revenue guidance",2016-08-18,CRM up 6% after hours,Low,mega_cap_earnings,2016-08-H2,2016-08-18,confirmed,154
"US crude oil inventories fall sharply, boosting oil price recovery",2016-08-17,WTI up 3.2% to above $47,Moderate,energy_opec,2016-08-H2,2016-08-17,confirmed,155
OPEC members signal informal talks on output freeze at Algiers meeting in September,2016-08-22,"WTI up 4% to $48, energy stocks up 2%",Moderate,energy_opec,2016-08-H2,2016-08-22,confirmed,156
Brazil Olympic Games close without major security incident in Rio,2016-08-21,"BRL flat, Bovespa up 0.4%",Low,geopolitical_diplomatic,2016-08-H2,2016-08-21,confirmed,157
North Korea fires ballistic missile into sea off Japan's coast,2016-08-24,"Nikkei down 0.3%, yen briefly strengthened",Low,geopolitical_military,2016-08-H2,2016-08-24,confirmed,158
"UK retail sales beat expectations in July, easing post-Brexit fears",2016-08-18,"GBP up 0.8%, FTSE 100 up 0.5%",Low,fiscal_policy,2016-08-H2,2016-08-18,confirmed,159
"UK MP Jo Cox shot and killed, Brexit campaign suspended",2016-06-16,GBP rallied 1.5% as Remain odds improved,Moderate,election_political,2016-06-H1,2016-06-16,confirmed,180
Oil prices slip as dollar strengthens ahead of FOMC decision,2016-06-07,"WTI down 1.2% to $48.90, energy stocks off 0.8%",Low,energy_opec,2016-06-H1,2016-06-07,unverified,181
China May trade data shows exports fell 4.1% year-on-year,2016-06-08,"AUD down 0.4%, copper slipped 0.6%",Low,trade_policy,2016-06-H1,2016-06-08,confirmed,182
European Central Bank begins corporate bond purchases under CSPP,2016-06-08,"European IG credit spreads tightened 5bp, EUR slightly weaker",Moderate,monetary_policy,2016-06-H1,2016-06-08,confirmed,183
Rio Olympics open as Brazil political crisis deepens under Temer,2016-08-05,"BRL flat, Brazilian assets largely unmoved",Low,election_political,2016-08-H1,2016-08-05,confirmed,184
"Bank of England cuts rates 25bp to 0.25%, launches new QE package",2016-08-04,"GBP down 1.2%, FTSE 100 up 1.6%",Moderate,monetary_policy,2016-08-H1,2016-08-04,confirmed,185
"UK services PMI rebounds sharply to 47.4, beats post-Brexit fears",2016-08-03,"GBP up 1.1%, FTSE 100 up 0.5%",Moderate,fiscal_policy,2016-08-H1,2016-08-03,confirmed,186
Disney reports Q3 earnings miss on ESPN subscriber losses,2016-08-09,"DIS down 3.5%, media sector sold off",Moderate,mega_cap_earnings,2016-08-H1,2016-08-09,confirmed,187
"US July nonfarm payrolls surge 255,000, second strong month in a row",2016-08-05,"SPX up 0.9%, USD strengthened, gold down 0.7%",Moderate,monetary_policy,2016-08-H1,2016-08-05,confirmed,188
"Cisco announces 5,500 job cuts as it pivots away from hardware",2016-08-17,CSCO down 2.6% on the news,Low,mega_cap_corporate,2016-08-H1,2016-08-17,confirmed,189
Oil slides below $42 per barrel on renewed global oversupply fears,2016-08-09,"WTI down 3%, energy sector down 1.8%",Moderate,energy_opec,2016-08-H1,2016-08-09,unverified,190
Fed's Fischer signals rate hike possible in 2016 at Jackson Hole preview,2016-08-21,"USD index up 0.4%, gold down 0.5%",Low,monetary_policy,2016-08-H1,2016-08-12,date_corrected,191
"Turkey GDP contracts after failed coup, Erdogan tightens economic controls",2016-08-10,"TRY down 0.8%, Turkish equities down 1.2%",Low,geopolitical_military,2016-08-H1,2016-08-10,unverified,192
"SPX closes above 2,185 setting new all-time high on jobs optimism",2016-08-05,"SPX hit record 2,185, VIX fell below 12",Low,election_political,2016-08-H1,2016-08-05,confirmed,193
"ECB holds rates steady, Draghi signals no immediate QE expansion",2016-09-08,"EUR/USD up 0.5%, DAX down 0.8%",Moderate,monetary_policy,2016-09-H1,2016-09-08,confirmed,194
Samsung recalls all Galaxy Note 7 phones globally over battery fires,2016-09-02,"Samsung KS down 7%, wiped $17B in market cap",High,mega_cap_corporate,2016-09-H1,2016-09-02,confirmed,195
"North Korea conducts fifth nuclear test, largest to date at 10 kilotons",2016-09-09,"Gold up 0.5%, Korean won down 0.4%, Kospi down 0.6%",Moderate,geopolitical_military,2016-09-H1,2016-09-09,confirmed,196
Fed's Rosengren gives hawkish speech warning of overheating economy,2016-09-09,"SPX down 2.5%, rate-sensitive REITs and utilities sold off sharply",High,monetary_policy,2016-09-H1,2016-09-09,confirmed,197
"US adds 151,000 jobs in August, below 180,000 consensus estimate",2016-09-02,"SPX up 0.4%, September rate hike odds fell to 24%",Low,fiscal_policy,2016-09-H1,2016-09-02,confirmed,198
Apple unveils iPhone 7 without headphone jack at San Francisco event,2016-09-07,"AAPL up 0.1%, market reaction muted",Low,mega_cap_corporate,2016-09-H1,2016-09-07,confirmed,199
BOJ introduces negative interest rate policy of minus 0.1% on reserves,2016-01-29,"Nikkei up 2.8%, yen weakened sharply, SPX up 2.5%",High,monetary_policy,2016-01-H2,2016-01-29,confirmed,120
"US Q4 2015 GDP growth slows to 0.7%, missing 0.8% estimate",2016-01-29,"SPX little changed, dollar weakened slightly",Low,fiscal_policy,2016-01-H2,2016-01-29,confirmed,121
"Netflix reports Q4 subscriber growth beats estimates, shares surge",2016-01-19,NFLX up 8% after-hours on 19.4M new subscribers vs 17.4M estimate,Moderate,mega_cap_earnings,2016-01-H2,2016-01-19,confirmed,122
"IBM Q4 revenue falls for 15th consecutive quarter, misses estimates",2016-01-19,"IBM down 4% after-hours, Dow futures fell",Low,mega_cap_earnings,2016-01-H2,2016-01-19,confirmed,123
Apple Q1 earnings beat but issues cautious Q2 guidance on China weakness,2016-01-26,AAPL down 2% after-hours despite record $75.9B revenue quarter,Low,mega_cap_earnings,2016-01-H2,2016-01-26,confirmed,124
"Fed holds rates steady, signals caution on global economic risks",2016-01-27,"SPX down 1.1%, dollar weakened, statement seen as dovish",Moderate,monetary_policy,2016-01-H2,2016-01-27,confirmed,125
"Royal Dutch Shell announces $3.9B loss and 10,000 job cuts",2016-01-28,"RDSA down 2%, energy sector broadly lower",Low,mega_cap_corporate,2016-01-H2,2016-01-28,confirmed,126
"China stocks plunge 7%, circuit breaker halts trading on first day of 2016",2016-01-04,"CSI 300 down 7%, SPX down 1.5%, VIX spiked to 27",High,regulatory,2016-01-H1,2016-01-04,confirmed,127
China devalues yuan fixing to weakest level since March 2011,2016-01-04,"CNY weakened to 6.5032, EM currencies sold off broadly",High,monetary_policy,2016-01-H1,2016-01-04,confirmed,128
North Korea claims successful hydrogen bomb test at Punggye-ri site,2016-01-06,"Gold up 1%, Nikkei down 2.4%, SPX down 1.1%",Moderate,geopolitical_military,2016-01-H1,2016-01-06,confirmed,129
China halts stock circuit breaker after triggering twice in one week,2016-01-07,"CSI 300 down 7% again before halt abolished, SPX down 2.4%",High,regulatory,2016-01-H1,2016-01-07,confirmed,130
"Saudi Arabia executes Shia cleric Sheikh Nimr, Iran severs diplomatic ties",2016-01-02,"Oil up 2%, Brent briefly above $38, geopolitical risk premium added",Moderate,geopolitical_diplomatic,2016-01-H1,2016-01-03,date_corrected,131
WTI crude oil falls below $33 per barrel to 12-year low,2016-01-07,"WTI hit $32.10 intraday, energy sector down 3%",High,energy_opec,2016-01-H1,2016-01-07,confirmed,132
"US ISM manufacturing index falls to 48.2, signals contraction",2016-01-04,"SPX fell additional 0.5% on data release, dollar weakened slightly",Low,fiscal_policy,2016-01-H1,2016-01-04,confirmed,133
Iran and Saudi Arabia tensions escalate as embassies ransacked in Tehran,2016-01-02,"Brent crude up 1.5%, gold up 0.8%, limited broader market reaction",Low,geopolitical_military,2016-01-H1,2016-01-02,confirmed,134
"US December nonfarm payrolls rise 292,000, unemployment holds at 5%",2016-01-08,"SPX up 0.1%, dollar little changed as Fed rate path uncertainty remained",Low,fiscal_policy,2016-01-H1,2016-01-08,confirmed,135
China yuan falls to five-year low as PBOC sets weaker daily fixing,2016-01-11,"CNY offshore rate hit 6.75, Hang Seng down 2.8%",Moderate,monetary_policy,2016-01-H1,2016-01-11,confirmed,136
Oil slides below $30 per barrel for first time since 2003,2016-01-15,"WTI hit $29.93, SPX down 2.5%, XLE energy ETF down 3.1%",High,energy_opec,2016-01-H1,2016-01-12,date_corrected,137
Iran captures and briefly detains ten US Navy sailors in Persian Gulf,2016-01-12,"Oil up 1% briefly on news, markets largely shrugged off after quick release",Low,geopolitical_military,2016-01-H1,2016-01-12,confirmed,138
JPMorgan Q4 2015 earnings beat estimates with $1.32 EPS,2016-01-14,"JPM up 0.7%, broader financials sector down 1% on macro concerns",Low,mega_cap_earnings,2016-01-H1,2016-01-14,confirmed,139
Saudi Arabia intercepts ballistic missile fired from Yemen near Riyadh airport,2017-11-04,"Oil up 0.8%, gold up 0.3%",Low,geopolitical_military,2017-11-H1,2017-11-04,confirmed,560
"Lebanon PM Hariri resigns unexpectedly citing assassination fears, blames Iran",2017-11-04,"Oil up 1%, regional risk premium elevated",Low,geopolitical_diplomatic,2017-11-H1,2017-11-04,confirmed,561
House Republicans release Tax Cuts and Jobs Act with 20% corporate rate,2017-11-02,"SPX up 0.3%, banks and industrials outperform",Moderate,fiscal_policy,2017-11-H1,2017-11-02,confirmed,562
Jerome Powell nominated by Trump as next Federal Reserve Chairman,2017-11-02,"SPX up 0.2%, seen as continuity pick, DXY flat",Low,monetary_policy,2017-11-H1,2017-11-02,confirmed,563
"Apple reports Q4 revenue of $52.6B, iPhone unit sales miss estimates",2017-11-02,"AAPL down 2% after hours, recovered to flat next day",Low,mega_cap_earnings,2017-11-H1,2017-11-02,confirmed,564
Qualcomm rejects Broadcom's unsolicited $105B takeover bid as too low,2017-11-13,"QCOM up 3%, AVGO down 1.5%",Moderate,mega_cap_corporate,2017-11-H1,2017-11-06,date_corrected,565
"Fed holds rates steady, signals December hike remains likely",2017-11-01,"SPX up 0.1%, 2-year Treasury yield unchanged",Low,monetary_policy,2017-11-H1,2017-11-01,confirmed,566
Senate Republicans unveil tax plan with one-year delay on corporate rate cut,2017-11-09,"SPX down 0.4%, banks sold off on rate delay concerns",Moderate,fiscal_policy,2017-11-H1,2017-11-09,confirmed,567
"Disney reports Q4 earnings, ESPN subscriber losses weigh on results",2017-11-09,"DIS down 2%, media sector weak",Low,mega_cap_earnings,2017-11-H1,2017-11-09,confirmed,568
"Bitcoin surges past $7,000 for first time amid retail investor frenzy",2017-11-02,"BTC hit $7,300, crypto market cap above $200B",Low,regulatory,2017-11-H1,2017-11-01,date_corrected,569
"China reports October CPI at 1.9%, PPI at 6.9% signaling steady growth",2017-11-09,"Shanghai Composite up 0.2%, yuan steady",Low,fiscal_policy,2017-11-H1,2017-11-09,confirmed,570
"US October CPI rises 2.0% year-over-year, core CPI at 1.8%",2017-11-15,"10-year Treasury yield up 3bp, SPX flat",Low,monetary_policy,2017-11-H1,2017-11-15,confirmed,571
"US October retail sales rise 0.2%, missing 0.1% estimate after hurricane boost",2017-11-15,"SPX down 0.1%, dollar slightly weaker",Low,fiscal_policy,2017-11-H1,2017-11-15,unverified,572
"North Korea fires Hwasong-12 missile over Hokkaido, Japan again",2017-09-15,"Nikkei down 0.5%, yen strengthened, gold up 0.4%",Low,geopolitical_military,2017-09-H1,2017-09-15,confirmed,573
Equifax discloses data breach exposing 143 million US consumers,2017-09-07,"EFX down 13.7%, financial sector broadly flat",High,cyber_infrastructure,2017-09-H1,2017-09-07,confirmed,574
"ECB holds rates steady, Draghi signals QE tapering discussion in October",2017-09-07,"EUR up 0.5%, European equities flat",Low,monetary_policy,2017-09-H1,2017-09-07,confirmed,575
"North Korea conducts sixth and largest nuclear test, yield estimated at 100kt",2017-09-03,"Nikkei down 0.6% Monday, gold up 0.8%, yen strengthened",Moderate,geopolitical_military,2017-09-H1,2017-09-03,confirmed,576
Hurricane Irma makes landfall in Florida as Category 4 storm,2017-09-10,"Insurers down 2-4%, homebuilders down 1.5%, gas futures spiked",Moderate,natural_disaster,2017-09-H1,2017-09-10,confirmed,577
Hurricane Harvey flooding drives US gasoline prices to two-year highs,2017-09-01,"RBOB gasoline futures up 3%, refinery stocks fell 2-4%",Moderate,supply_disruption,2017-09-H1,2017-09-01,confirmed,578
Apple unveils iPhone X with $999 price tag and Face ID at special event,2017-09-12,"AAPL up 0.4%, closed near record high above $160",Low,mega_cap_corporate,2017-09-H1,2017-09-12,confirmed,579
Oil prices slide below $45 as OPEC informal meeting doubts mount,2016-09-13,"WTI down 3% on the week, energy sector down 2%",Moderate,energy_opec,2016-09-H1,2016-09-13,confirmed,200
"Clinton stumbles at 9/11 memorial, video of health episode goes viral",2016-09-11,"SPX futures dipped 0.3% Sunday night, recovered by open",Low,election_political,2016-09-H1,2016-09-11,confirmed,201
Russia and US reach ceasefire agreement for Syria conflict,2016-09-09,"Oil down 0.5%, markets largely unmoved",Low,geopolitical_diplomatic,2016-09-H1,2016-09-09,confirmed,202
Deutsche Bank shares hit 30-year low amid DOJ $14B fine fears,2016-09-16,"DB down 8% on the week, European bank index down 3%",High,credit_event,2016-09-H1,2016-09-15,date_corrected,203
"Bank of England holds rates at 0.25%, maintains QE program unchanged",2016-09-15,"GBP up 0.3%, FTSE 100 down 0.4%",Low,monetary_policy,2016-09-H1,2016-09-15,confirmed,204
"China August exports fall 2.8% year-on-year, missing expectations",2016-09-08,"Shanghai Composite down 0.7%, AUD fell 0.4%",Low,trade_policy,2016-09-H1,2016-09-08,confirmed,205
UK votes to leave European Union in historic referendum,2016-06-23,"GBP down 8%, SPX down 3.6%, VIX spiked to 26",High,election_political,2016-06-H2,2016-06-23,confirmed,206
FTSE 100 drops 550 points at open as Brexit result confirmed,2016-06-24,"FTSE 100 down 8.7% at open, recovered to close down 3.2%",High,election_political,2016-06-H2,2016-06-24,confirmed,207
Sterling falls to 31-year low against dollar after Brexit vote,2016-06-24,"GBP/USD hit 1.3229, lowest since 1985",High,election_political,2016-06-H2,2016-06-24,confirmed,208
David Cameron resigns as UK Prime Minister following Brexit vote,2016-06-24,"FTSE 250 down 14%, domestically focused UK stocks hit hardest",High,election_political,2016-06-H2,2016-06-24,confirmed,209
European bank stocks collapse on Brexit contagion fears,2016-06-24,"Euro Stoxx Banks index down 18%, Deutsche Bank down 14%",High,credit_event,2016-06-H2,2016-06-24,confirmed,210
Gold surges above $1300 as investors flee to safe havens post-Brexit,2016-06-24,"Gold up 4.7% to $1322, largest single-day gain in years",High,geopolitical_diplomatic,2016-06-H2,2016-06-24,confirmed,211
Fed's Yellen says Brexit poses significant uncertainty for US outlook,2016-06-28,"SPX up 1.7%, markets stabilize after Fed reassurance",Moderate,monetary_policy,2016-06-H2,2016-06-28,confirmed,212
Markets stage strong recovery as Brexit panic subsides,2016-06-28,"SPX up 1.7%, FTSE 100 up 2.6%, GBP recovered above 1.33",Moderate,election_political,2016-06-H2,2016-06-28,confirmed,213
Scotland's First Minister Sturgeon signals second independence referendum,2016-06-24,"GBP fell additional 0.5%, minimal broader market impact",Low,geopolitical_diplomatic,2016-06-H2,2016-06-24,confirmed,214
Nike reports Q4 earnings miss as futures orders disappoint,2016-06-27,"NKE down 6% after hours, futures orders fell 4%",Moderate,mega_cap_earnings,2016-06-H2,2016-06-27,confirmed,215
Italian bank Monte dei Paschi shares suspended after 40% Brexit drop,2016-06-27,"BMPS down 40% over two days, Italian banking index down 20%",High,credit_event,2016-06-H2,2016-06-27,confirmed,216
UK Labour Party MPs pass vote of no confidence in Jeremy Corbyn,2016-06-28,"Minimal market reaction, GBP steady around 1.34",Low,election_political,2016-06-H2,2016-06-28,confirmed,217
ECB says it stands ready to provide liquidity after Brexit shock,2016-06-24,European markets pared losses slightly on ECB statement,Low,monetary_policy,2016-06-H2,2016-06-24,confirmed,218
Oil falls below $47 as Brexit triggers global growth demand fears,2016-06-24,WTI down 4.9% to $46.70 on Brexit demand shock,Moderate,energy_opec,2016-06-H2,2016-06-24,confirmed,219
Iraqi forces retake Kirkuk from Kurdish forces after independence vote,2017-10-16,"Oil up 0.8%, Kurdish region stocks fell sharply",Low,geopolitical_military,2017-10-H2,2017-10-16,confirmed,600
US government shuts down as Senate fails to pass spending bill,2018-01-20,"SPX down 0.2%, markets largely shrugged off brief shutdown",Low,fiscal_policy,2018-01-H2,2018-01-20,confirmed,601
Davos WEF opens as dollar hits three-year low on Mnuchin weak-dollar comments,2018-01-24,"DXY fell to 89.05, euro hit $1.25",Moderate,geopolitical_diplomatic,2018-01-H2,2018-01-23,date_corrected,602
Trump announces 30% tariffs on imported solar panels and 20% on washing machines,2018-01-22,"SPX down 0.4%, solar stocks fell 5-10%",Moderate,trade_policy,2018-01-H2,2018-01-22,confirmed,603
US government shutdown ends after three days as Senate passes continuing resolution,2018-01-22,"SPX up 0.8%, minimal market reaction to resolution",Low,fiscal_policy,2018-01-H2,2018-01-22,confirmed,604
"Netflix reports Q4 2017 earnings, adds record 8.3 million subscribers globally",2018-01-22,"NFLX up 9.5% after-hours, hit all-time high above $250",Moderate,mega_cap_earnings,2018-01-H2,2018-01-22,confirmed,605
IBM reports Q4 2017 revenue decline for 22nd consecutive quarter,2018-01-18,"IBM down 4.2%, weighed on Dow",Moderate,mega_cap_earnings,2018-01-H2,2018-01-18,confirmed,606
"GE reports Q4 2017 earnings miss, cuts dividend and warns on cash flow",2018-01-24,"GE down 3.5%, stock near six-year low",Moderate,mega_cap_earnings,2018-01-H2,2018-01-24,confirmed,607
Intel CEO Brian Krzanich sells $24M in shares weeks before Meltdown bug disclosure,2018-01-18,"INTC down 1.5%, scrutiny over insider trading timing",Low,mega_cap_corporate,2018-01-H2,2018-01-18,unverified,608
"ECB minutes signal growing confidence in eurozone economy, rate hike talk rises",2018-01-11,"Euro hit $1.2185, European bank stocks up 1%",Low,monetary_policy,2018-01-H2,2018-01-11,confirmed,609
Bank of Canada raises interest rates by 25bp to 1.25%,2018-01-17,"CAD strengthened 0.8% vs USD, TSX up 0.3%",Low,monetary_policy,2018-01-H2,2018-01-17,confirmed,610
Trump administration considers halting purchases of US Treasuries by China,2018-01-10,"10-year Treasury yield spiked to 2.59%, SPX dipped 0.3%",Moderate,trade_policy,2018-01-H2,2018-01-10,confirmed,611
Fiat Chrysler announces plans to move Ram truck production from Mexico to US,2018-01-11,"FCAU up 3.5%, auto sector gained",Low,mega_cap_corporate,2018-01-H2,2018-01-11,confirmed,612
SPX closes above 2800 for first time as January rally extends,2018-01-26,"SPX hit intraday high of 2872, up over 7% YTD",Low,mega_cap_earnings,2018-01-H2,2018-01-26,confirmed,613
"Bitcoin tumbles below $10,000 as South Korea signals crypto exchange ban",2018-01-16,"Bitcoin down 25% on the week, crypto market cap lost $200B",Moderate,regulatory,2018-01-H2,2018-01-16,confirmed,614
US equity markets suffer worst week in two years on rate fears,2018-02-02,"SPX down 2.1%, Dow drops 666 points, VIX surges",High,monetary_policy,2018-02-H1,2018-02-02,confirmed,615
"VIX spikes above 50, XIV inverse volatility ETN faces liquidation",2018-02-05,"SPX down 4.1%, VIX hit 50, Dow drops 1,175 points intraday",High,credit_event,2018-02-H1,2018-02-05,confirmed,616
"US January nonfarm payrolls beat at 200K, wage growth hits 2.9%",2018-02-02,"10-year Treasury yield surges to 2.85%, SPX sells off 2.1%",High,monetary_policy,2018-02-H1,2018-02-02,confirmed,617
Credit Suisse terminates XIV inverse VIX ETN after 96% value loss,2018-02-06,"XIV down 96% after hours, VIX-linked products halted",High,credit_event,2018-02-H1,2018-02-06,confirmed,618
"SPX briefly enters correction territory, down over 10% from January peak",2018-02-08,"SPX down 10.2% from Jan 26 high, Dow falls 1,033 points",High,credit_event,2018-02-H1,2018-02-08,confirmed,619
China orders ICO cryptocurrency fundraising banned immediately,2017-09-04,"Bitcoin fell 7%, Ethereum down 12%",Moderate,regulatory,2017-09-H1,2017-09-04,confirmed,580
US Treasury yields rise as debt ceiling suspended through December 2017,2017-09-08,"10-year yield up 4bp, DXY fell 0.5%",Low,fiscal_policy,2017-09-H1,2017-09-08,confirmed,581
China announces closure of all domestic bitcoin exchanges by end of September,2017-09-14,"Bitcoin down 15%, broader crypto market lost $20B in market cap",High,regulatory,2017-09-H1,2017-09-14,confirmed,582
"UK inflation rises to 2.9%, highest in five years, boosting rate hike bets",2017-09-12,"GBP up 0.6%, UK gilt yields rose 5bp",Low,monetary_policy,2017-09-H1,2017-09-12,confirmed,583
UN Security Council unanimously passes new sanctions on North Korea,2017-09-11,"SPX flat, gold up 0.3%, yen slightly firmer",Low,geopolitical_diplomatic,2017-09-H1,2017-09-11,confirmed,584
"Netflix Q3 earnings beat on subscriber growth, shares surge after hours",2017-10-16,"NFLX up 2% after hours, Nasdaq lifted",Moderate,mega_cap_earnings,2017-10-H2,2017-10-16,confirmed,585
"IBM Q3 revenue falls for 22nd consecutive quarter, shares drop",2017-10-17,"IBM down 4.7%, weighed on Dow",Moderate,mega_cap_earnings,2017-10-H2,2017-10-17,confirmed,586
Spain government invokes Article 155 to impose direct rule on Catalonia,2017-10-21,"EUR down 0.3%, Spanish IBEX down 1.5%",Moderate,geopolitical_diplomatic,2017-10-H2,2017-10-21,date_corrected,587
US Senate passes $4 trillion budget resolution enabling tax reform,2017-10-19,"SPX up 0.5%, financials and small caps rallied",Moderate,fiscal_policy,2017-10-H2,2017-10-19,confirmed,588
"Trump decertifies Iran nuclear deal, refers to Congress for action",2017-10-13,"Oil up 1.2%, SPX flat",Low,geopolitical_diplomatic,2017-10-H2,2017-10-13,confirmed,589
ECB expected to announce QE tapering at October meeting,2017-10-26,"EUR down 1.4%, Bund yields fell",Moderate,monetary_policy,2017-10-H2,2017-10-26,fabricated,590
ECB cuts monthly bond purchases to 30 billion euros starting January 2018,2017-10-26,"EUR/USD fell 1.3% to 1.1640, European stocks up 0.7%",Moderate,monetary_policy,2017-10-H2,2017-10-26,confirmed,591
"Amazon Q3 earnings beat estimates, AWS growth accelerates sharply",2017-10-26,"AMZN up 13% next day, Nasdaq up 0.5%",High,mega_cap_earnings,2017-10-H2,2017-10-26,confirmed,592
Alphabet Q3 earnings beat on strong advertising revenue growth,2017-10-26,GOOGL up 4% after hours,Moderate,mega_cap_earnings,2017-10-H2,2017-10-26,confirmed,593
Microsoft Q1 earnings beat driven by cloud Azure revenue surge,2017-10-26,"MSFT up 6.4% next day, hit record high",Moderate,mega_cap_earnings,2017-10-H2,2017-10-26,confirmed,594
Catalonia parliament votes to declare independence from Spain,2017-10-27,"IBEX down 1.5%, EUR fell 0.4%",Moderate,election_political,2017-10-H2,2017-10-27,confirmed,595
"Spain central government dissolves Catalan parliament, calls new elections",2017-10-27,"IBEX recovered 0.6%, EUR stabilized",Low,geopolitical_diplomatic,2017-10-H2,2017-10-27,confirmed,596
"US GDP Q3 advance estimate comes in at 3.0%, beating expectations",2017-10-27,"SPX up 0.8%, USD strengthened slightly",Low,fiscal_policy,2017-10-H2,2017-10-27,confirmed,597
Trump nominates Jerome Powell as next Federal Reserve chairman,2017-11-02,"SPX up 0.3%, USD little changed, seen as continuity pick",Low,monetary_policy,2017-10-H2,2017-11-02,confirmed,598
Exxon Mobil Q3 earnings miss estimates as refining margins weaken,2017-10-27,"XOM down 3.1%, energy sector underperformed",Low,mega_cap_earnings,2017-10-H2,2017-10-27,confirmed,599
Equifax CEO Richard Smith resigns amid massive data breach fallout,2017-09-26,"EFX down 1.5%, stock had already lost 30% since breach disclosure",Low,mega_cap_corporate,2017-09-H2,2017-09-26,confirmed,540
China central bank orders banks to stop providing services to North Korean entities,2017-09-21,"Won strengthened slightly, minimal market impact",Low,geopolitical_diplomatic,2017-09-H2,2017-09-21,confirmed,541
Apple iPhone X unveiled with Face ID and $999 starting price,2017-09-12,"AAPL up 0.5%, supply chain stocks mixed",Low,mega_cap_corporate,2017-09-H2,2017-09-12,confirmed,542
Oil rises as Saudi Arabia signals OPEC output cut extension beyond March 2018,2017-09-22,"WTI up 1.8% to above $50, energy stocks up 1%",Moderate,energy_opec,2017-09-H2,2017-09-22,confirmed,543
"Bitcoin crashes below $13,000 after hitting $20,000 high in December",2018-01-11,"BTC down 30% from peak, crypto market cap lost $200B",Moderate,credit_event,2018-01-H1,2018-01-11,confirmed,544
South Korea announces plan to ban cryptocurrency trading on exchanges,2018-01-11,"BTC fell 12% intraday, Ethereum down 20%",High,regulatory,2018-01-H1,2018-01-11,confirmed,545
"US December jobs report shows 148,000 jobs added, below 190,000 forecast",2018-01-05,SPX up 0.7% as soft data reduced rate hike fears,Low,fiscal_policy,2018-01-H1,2018-01-05,confirmed,546
Fed December meeting minutes signal three rate hikes planned for 2018,2018-01-03,"10-year Treasury yield rose to 2.46%, SPX up 0.4%",Low,monetary_policy,2018-01-H1,2018-01-03,confirmed,547
"SPX closes above 2,700 for first time on strong global growth optimism",2018-01-04,"SPX hit 2,723 intraday, up 2.6% on the week",Moderate,fiscal_policy,2018-01-H1,2018-01-04,confirmed,548
Apple faces backlash after admitting it slows older iPhones via software,2017-12-20,"AAPL down 1.2%, regulatory scrutiny widened globally",Low,mega_cap_corporate,2018-01-H1,2018-01-08,date_corrected,549
Samsung reports record Q4 operating profit of 15.1 trillion won on chip demand,2018-01-09,"Samsung KS up 2.4%, semiconductor sector rallied",Moderate,mega_cap_earnings,2018-01-H1,2018-01-09,confirmed,550
"China reports December trade surplus of $54.7B, exports up 10.9% year-on-year",2018-01-12,"USD/CNY fell slightly, SPX flat",Low,trade_policy,2018-01-H1,2018-01-12,confirmed,551
China considers slowing or halting purchases of US Treasury bonds,2018-01-10,"10-year yield spiked to 2.59%, DXY fell 0.5%",High,geopolitical_diplomatic,2018-01-H1,2018-01-10,confirmed,552
Iran protests intensify as government cracks down on demonstrators,2018-01-02,"Oil up 1.5%, WTI above $60, SPX barely moved",Low,geopolitical_military,2018-01-H1,2018-01-02,confirmed,553
"WTI crude oil rises above $62 per barrel, highest since May 2015",2018-01-15,"WTI hit $64.77, energy sector up 1.8%",Moderate,energy_opec,2018-01-H1,2018-01-15,confirmed,554
"US December CPI rises 2.1% year-on-year, core CPI up 1.8%",2018-01-12,"10-year yield rose to 2.55%, SPX down 0.1%",Low,monetary_policy,2018-01-H1,2018-01-12,confirmed,555
"JPMorgan Chase reports Q4 EPS of $1.76, beats estimates on tax reform boost",2018-01-12,"JPM up 1.7%, financials sector up 0.9%",Moderate,mega_cap_earnings,2018-01-H1,2018-01-12,confirmed,556
"Wells Fargo Q4 earnings miss estimates, takes $3.35B charge on tax overhaul",2018-01-12,"WFC down 0.8%, underperformed peers on earnings day",Low,mega_cap_earnings,2018-01-H1,2018-01-12,confirmed,557
Fed Chair Yellen signals December rate hike on track in testimony,2017-11-29,"SPX up 0.2%, DXY slightly firmer",Low,monetary_policy,2017-11-H1,2017-11-01,date_corrected,558
Saudi Arabia arrests dozens of princes and ministers in anti-corruption purge,2017-11-04,"Oil up 1.5%, Saudi stocks down 2%",Moderate,geopolitical_political,2017-11-H1,2017-11-04,confirmed,559
US 10-year Treasury yield breaks above 2.9% for first time since 2014,2018-02-21,"10-year yield hits 2.92%, SPX rebounds 1.4%",Moderate,monetary_policy,2018-02-H1,2018-02-12,date_corrected,620
"New Fed Chair Jerome Powell sworn in, replacing Janet Yellen",2018-02-05,SPX down 4.1% on Powell's first day amid broader selloff,Low,monetary_policy,2018-02-H1,2018-02-05,confirmed,621
Bank of England signals faster rate hikes as inflation persists above target,2018-02-08,"GBP up 0.8%, UK gilt yields rise 5bp",Moderate,monetary_policy,2018-02-H1,2018-02-08,confirmed,622
"Cisco Systems reports Q2 earnings beat, raises full-year guidance",2018-02-14,CSCO up 4.5% after hours,Low,mega_cap_earnings,2018-02-H1,2018-02-14,confirmed,623
"US January CPI rises 2.1% year-on-year, core CPI beats at 1.8%",2018-02-14,"SPX up 1.3%, 10-year yield briefly hits 2.91%",Moderate,fiscal_policy,2018-02-H1,2018-02-14,confirmed,624
Japan Nikkei 225 falls 4.7% in single session amid global equity rout,2018-02-06,"Nikkei down 4.7%, yen strengthens to 108 vs dollar",High,credit_event,2018-02-H1,2018-02-06,confirmed,625
US Congress passes two-year budget deal raising spending caps by $300B,2018-02-09,"10-year yield hits 2.86%, deficit concerns weigh on Treasuries",Moderate,fiscal_policy,2018-02-H1,2018-02-09,confirmed,626
US government briefly shuts down as Senate vote delays budget passage,2018-02-09,"SPX down 0.5%, shutdown lasted only hours overnight",Low,fiscal_policy,2018-02-H1,2018-02-09,confirmed,627
Twitter reports first-ever quarterly profit in Q4 2017 earnings,2018-02-08,TWTR up 12% on the day,Low,mega_cap_earnings,2018-02-H1,2018-02-08,confirmed,628
Trump announces 10% tariffs on additional $200B of Chinese goods,2018-07-10,"SPX down 0.7%, CSI 300 down 1.5%",Moderate,trade_policy,2018-07-H1,2018-07-10,confirmed,629
"China retaliates with tariffs on $34B of US goods, trade war escalates",2018-07-06,"SPX down 0.5%, soybean futures fell 1.5%",Moderate,trade_policy,2018-07-H1,2018-07-06,confirmed,630
"US imposes 25% tariffs on $34B of Chinese imports, effective immediately",2018-07-06,"SPX down 0.5%, DXY up 0.3%",Moderate,trade_policy,2018-07-H1,2018-07-06,confirmed,631
Fed minutes signal two more rate hikes in 2018 remain on track,2018-07-05,"10-year Treasury yield rose to 2.83%, SPX flat",Low,monetary_policy,2018-07-H1,2018-07-05,confirmed,632
NATO summit opens as Trump demands allies double defense spending to 4% GDP,2018-07-11,"EUR down 0.4%, European defense stocks up 1%",Low,geopolitical_diplomatic,2018-07-H1,2018-07-11,confirmed,633
"PepsiCo Q2 earnings beat estimates, raises full-year organic revenue outlook",2018-07-10,PEP up 4.5% on the day,Low,mega_cap_earnings,2018-07-H1,2018-07-10,confirmed,634
"US June non-farm payrolls rise 213,000, unemployment ticks up to 4%",2018-07-06,"SPX up 0.9%, 10-year yield rose 3bp",Moderate,fiscal_policy,2018-07-H1,2018-07-06,confirmed,635
"Citigroup Q2 earnings beat on trading revenue, EPS $1.63 vs $1.56 expected",2018-07-13,"C up 1.5%, KBW Bank Index up 0.8%",Low,mega_cap_earnings,2018-07-H1,2018-07-13,confirmed,636
JPMorgan Q2 earnings top estimates with record revenue of $28.4B,2018-07-13,"JPM up 0.5%, financials sector outperformed",Low,mega_cap_earnings,2018-07-H1,2018-07-13,confirmed,637
WTI crude oil falls sharply as Libya reopens oil ports after blockade ends,2018-07-09,"WTI down 4.5% to $70.33, energy sector down 2%",Moderate,energy_opec,2018-07-H1,2018-07-09,confirmed,638
Trump threatens tariffs on all $505B of Chinese imports to the US,2018-07-20,"CSI 300 down 2.5%, yuan weakened to 6.65",High,trade_policy,2018-07-H1,2018-07-05,date_corrected,639
Wells Fargo Q2 earnings miss estimates as interest income disappoints,2018-07-13,"WFC down 1.8%, underperformed bank peers",Low,mega_cap_earnings,2018-07-H1,2018-07-13,confirmed,640
"Fed raises rates 25bp to 1.75-2.00%, signals two more hikes in 2018",2018-06-13,"SPX up 0.4%, DXY strengthened, 2yr yield hit 2.58%",Moderate,monetary_policy,2018-06-H1,2018-06-13,confirmed,641
ECB announces end of QE bond purchases by December 2018,2018-06-14,"EUR down 1.5%, European yields fell, SPX up 0.2%",Moderate,monetary_policy,2018-06-H1,2018-06-14,confirmed,642
"US imposes 25% tariffs on $50B of Chinese goods, China retaliates immediately",2018-06-15,"SPX down 0.4%, emerging market currencies weakened",Moderate,trade_policy,2018-06-H1,2018-06-15,confirmed,643
"Trump and Kim Jong-un hold historic Singapore summit, sign denuclearization agreement",2018-06-12,"SPX up 0.2%, gold flat, markets largely unmoved",Low,geopolitical_diplomatic,2018-06-H1,2018-06-12,confirmed,644
G7 summit ends in chaos as Trump withdraws US endorsement of communique,2018-06-09,"DXY up 0.3%, CAD and EUR weakened slightly",Low,geopolitical_diplomatic,2018-06-H1,2018-06-09,confirmed,645
Italy's new populist government passes first budget resolution in parliament,2018-06-06,"Italian BTPs stable, EUR up 0.3% after earlier volatility",Low,fiscal_policy,2018-06-H1,2018-06-06,unverified,646
"US imposes steel and aluminum tariffs on EU, Canada, and Mexico",2018-06-01,"SPX down 0.7%, steel stocks rose, auto stocks fell",Moderate,trade_policy,2018-06-H1,2018-06-01,confirmed,647
Canada and EU announce retaliatory tariffs against US metals duties,2018-06-05,"SPX down 0.3%, CAD and EUR slightly weaker",Low,trade_policy,2018-06-H1,2018-06-05,unverified,648
OPEC meeting in Vienna expected to discuss production increase,2018-06-22,WTI down 1.2% on expectations of supply increase,Low,energy_opec,2018-06-H1,2018-06-14,date_corrected,649
Argentina secures $50B IMF bailout package to stabilize peso crisis,2018-06-07,"Argentine peso up 5%, EM currencies broadly steadied",Moderate,credit_event,2018-06-H1,2018-06-07,confirmed,650
Brazil trucker strike ends after government agrees to fuel subsidies,2018-06-01,"Brazilian real up 1.5%, Bovespa up 2.1%",Moderate,supply_disruption,2018-06-H1,2018-06-01,unverified,651
"Oracle reports Q4 earnings, cloud revenue growth disappoints Wall Street",2018-06-19,ORCL down 9% after hours,Moderate,mega_cap_earnings,2018-06-H1,2018-06-19,confirmed,652
"Spain's Prime Minister Rajoy ousted in no-confidence vote, Sanchez takes power",2018-06-01,"Spanish IBEX down 0.6%, EUR little changed",Low,election_political,2018-06-H1,2018-06-01,confirmed,653
US 10-year Treasury yield retreats from 3% as safe-haven demand rises,2018-06-11,"10yr yield fell to 2.92%, SPX up 0.1%",Low,monetary_policy,2018-06-H1,2018-06-11,unverified,654
Trump orders airstrikes on Syria with UK and France over chemical attack,2018-04-13,"SPX down 0.3%, oil up 1.5%, gold up 0.5%",Low,geopolitical_military,2018-04-H1,2018-04-13,confirmed,655
"Trump tweets threat to Russia over Syria: missiles coming, smart",2018-04-11,"SPX down 0.3%, WTI up 2.3%, VIX spiked to 20",Moderate,geopolitical_military,2018-04-H1,2018-04-11,confirmed,656
US and China trade tensions escalate as Trump orders $100B more tariffs on China,2018-04-05,"SPX down 2.3%, Nasdaq down 2.6%",High,trade_policy,2018-04-H1,2018-04-05,confirmed,657
China retaliates with 25% tariffs on 106 US goods including soybeans and aircraft,2018-04-04,"SPX down 2.2%, soybeans down 3%, Boeing down 2.5%",High,trade_policy,2018-04-H1,2018-04-04,confirmed,658
"US imposes 25% tariffs on 1,300 Chinese goods worth $50B",2018-04-03,"SPX down 0.9%, DXY up 0.3%",Moderate,trade_policy,2018-04-H1,2018-04-03,confirmed,659
US 10-year Treasury yield breaches 2.9% for first time since 2014,2018-02-21,"SPX down 0.6%, bond yields at 4-year high",Moderate,monetary_policy,2018-02-H2,2018-02-21,confirmed,700
FOMC minutes signal three or more rate hikes in 2018,2018-02-21,"SPX fell 0.7% after release, 10-year yield rose to 2.95%",Moderate,monetary_policy,2018-02-H2,2018-02-21,confirmed,701
"Walmart reports Q4 earnings, online sales growth disappoints",2018-02-20,"WMT down 10.2%, worst single-day drop in 27 years",High,mega_cap_earnings,2018-02-H2,2018-02-20,confirmed,702
US imposes 25% tariff on steel and 10% on aluminum imports,2018-03-01,"Steel stocks up 5%, SPX little changed",Low,trade_policy,2018-02-H2,2018-02-16,date_corrected,703
Mueller indicts 13 Russian nationals for meddling in 2016 US election,2018-02-16,"SPX up 0.1%, markets largely ignored geopolitical headline",Low,geopolitical_diplomatic,2018-02-H2,2018-02-16,confirmed,704
South Africa President Zuma resigns under ANC pressure,2018-02-14,"ZAR strengthened 1.5%, South African equities rallied 3%",Moderate,election_political,2018-02-H2,2018-02-14,date_corrected,705
"UK CPI inflation holds at 3% in January, above Bank of England target",2018-02-13,"GBP rose 0.3%, FTSE 100 down 0.4%",Low,monetary_policy,2018-02-H2,2018-02-20,date_corrected,706
"US existing home sales fall 3.2% in January, missing estimates",2018-02-21,"Homebuilder ETF XHB down 0.8%, broader market ignored data",Low,fiscal_policy,2018-02-H2,2018-02-21,confirmed,707
"HP Inc reports Q1 earnings beat, raises full-year guidance",2018-02-22,HPQ up 5.2% after hours,Low,mega_cap_earnings,2018-02-H2,2018-02-22,confirmed,708
Argentine central bank raises benchmark rate to 27.25% to defend peso,2018-02-16,"ARS stabilized briefly, Argentine stocks down 1.2%",Low,monetary_policy,2018-02-H2,2018-02-16,unverified,709
Israel launches airstrikes on Syria after Iranian drone incursion,2018-02-10,"Oil up 0.5%, SPX little changed, VIX barely moved",Low,geopolitical_military,2018-02-H2,2018-02-10,confirmed,710
US budget deficit projected to exceed $1 trillion by 2020 after tax cuts,2018-02-23,"10-year yield held near 2.87%, SPX down 0.5%",Low,fiscal_policy,2018-02-H2,2018-02-23,unverified,711
Berkshire Hathaway reports record $65B profit boosted by tax reform gains,2018-02-24,"BRK.B up 1.4% Monday, Buffett letter cited stock buybacks",Low,mega_cap_earnings,2018-02-H2,2018-02-24,confirmed,712
"Italy political crisis deepens as coalition talks collapse, spread widens",2018-05-29,"Italian 10Y yield surged 50bp, EUR/USD fell 1.5%, SPX down 1.2%",High,election_political,2018-05-H2,2018-05-28,date_corrected,713
Trump cancels planned North Korea summit with Kim Jong Un,2018-05-24,"SPX down 0.2%, gold up 0.5%, minor risk-off reaction",Low,geopolitical_diplomatic,2018-05-H2,2018-05-24,confirmed,714
Italy's President Mattarella rejects eurosceptic economy minister pick,2018-05-27,"Italian stocks down 2.7%, MIB index fell sharply, EUR hit 6-month low",High,election_political,2018-05-H2,2018-05-27,confirmed,715
"US imposes steel and aluminum tariffs on EU, Canada, and Mexico",2018-05-31,"SPX down 0.7%, steel stocks mixed, EUR down 0.5%",Moderate,trade_policy,2018-05-H2,2018-05-31,confirmed,716
Fed May meeting minutes signal gradual rate hike path remains intact,2018-05-23,"SPX up 0.3%, 10Y yield little changed at 3.06%",Low,monetary_policy,2018-05-H2,2018-05-23,confirmed,717
"Cisco Systems reports Q3 earnings beat, raises full-year guidance",2018-05-16,CSCO up 4.5% after hours,Moderate,mega_cap_earnings,2018-05-H2,2018-05-16,confirmed,718
Walmart reports Q1 earnings beat with strong e-commerce growth of 33%,2018-05-17,"WMT up 4.3%, retail sector outperformed",Moderate,mega_cap_earnings,2018-05-H2,2018-05-17,confirmed,719
Facebook CEO Mark Zuckerberg testifies before US Senate on data privacy,2018-04-10,FB up 4.5% as testimony seen as going smoothly,Moderate,regulatory,2018-04-H1,2018-04-10,confirmed,660
JPMorgan Chase Q1 earnings beat estimates with EPS of $2.37,2018-04-13,"JPM up 0.5%, financials sector flat",Low,mega_cap_earnings,2018-04-H1,2018-04-13,confirmed,661
"Citigroup Q1 earnings top forecasts, revenue rises on trading gains",2018-04-13,"C up 1.3%, KBE bank ETF up 0.4%",Low,mega_cap_earnings,2018-04-H1,2018-04-13,confirmed,662
"WTI crude oil rises above $67, highest level since late 2014",2018-04-12,"WTI hit $67.45, energy sector up 1.2%",Moderate,energy_opec,2018-04-H1,2018-04-12,confirmed,663
"Russia threatens retaliation if US strikes Syria, warns of consequences",2018-04-09,"SPX down 0.5%, VIX up to 18, gold up 0.8%",Moderate,geopolitical_diplomatic,2018-04-H1,2018-04-09,confirmed,664
"Douma chemical attack in Syria kills dozens, US blames Assad regime",2018-04-07,"Oil up 0.8%, gold up 0.4%, SPX little changed",Low,geopolitical_military,2018-04-H1,2018-04-07,confirmed,665
"US non-farm payrolls miss expectations adding only 103,000 jobs in March",2018-04-06,"SPX down 0.3%, 10-year Treasury yield fell to 2.77%",Low,fiscal_policy,2018-04-H1,2018-04-06,confirmed,666
Amazon shares fall as Trump attacks company over taxes and postal rates,2018-04-02,"AMZN down 5.2%, SPX down 2.2%",High,mega_cap_corporate,2018-04-H1,2018-04-02,confirmed,667
Tesla shares drop on reports of additional NHTSA probe into Model X crash,2018-04-11,"TSLA down 7.5%, market cap fell below $50B",Moderate,regulatory,2018-04-H1,2018-04-11,confirmed,668
US 10-year Treasury yield breaks above 3% for first time since 2014,2018-04-24,"TNX hit 3.003%, SPX down 1.3%",High,monetary_policy,2018-04-H2,2018-04-24,confirmed,669
Caterpillar warns Q1 results may be high-water mark for 2018,2018-04-24,"CAT down 6.2%, Dow down 425 points",High,mega_cap_earnings,2018-04-H2,2018-04-24,confirmed,670
"3M misses Q1 earnings estimates, cuts full-year guidance",2018-04-24,"MMM down 6.8%, dragged Dow lower",Moderate,mega_cap_earnings,2018-04-H2,2018-04-24,confirmed,671
Facebook reports strong Q1 earnings despite Cambridge Analytica scandal,2018-04-25,FB up 9% after hours,Moderate,mega_cap_earnings,2018-04-H2,2018-04-25,confirmed,672
Amazon reports Q1 earnings with EPS nearly double analyst estimates,2018-04-26,AMZN up 7.2% next day,High,mega_cap_earnings,2018-04-H2,2018-04-26,confirmed,673
Alphabet Q1 revenue misses estimates as traffic acquisition costs surge,2018-04-23,GOOGL down 4.5% after hours,Moderate,mega_cap_earnings,2018-04-H2,2018-04-23,confirmed,674
Intel beats Q1 estimates and raises full-year guidance,2018-04-26,INTC up 5.8% next session,Moderate,mega_cap_earnings,2018-04-H2,2018-04-26,confirmed,675
North and South Korea leaders meet at DMZ in historic summit,2018-04-27,"KOSPI up 0.9%, gold down 0.5%",Low,geopolitical_diplomatic,2018-04-H2,2018-04-27,confirmed,676
Trump administration considers rejoining Trans-Pacific Partnership trade deal,2018-04-16,"AUD and CAD firmed modestly, SPX flat",Low,trade_policy,2018-04-H2,2018-04-16,confirmed,677
"ECB holds rates steady, Draghi gives no new stimulus signals",2018-04-26,"EUR/USD little changed, European equities flat",Low,monetary_policy,2018-04-H2,2018-04-26,confirmed,678
Syria ceasefire talks stall as US maintains military pressure after strikes,2018-04-17,"Oil up 0.8%, SPX up 0.8% on relief rally",Low,geopolitical_military,2018-04-H2,2018-04-17,unverified,679
US existing home sales fall for second consecutive month in March,2018-04-23,Homebuilder ETF XHB down 1.2%,Low,fiscal_policy,2018-04-H2,2018-04-23,confirmed,680
"Comcast makes formal $31B all-cash bid for Sky, topping Fox offer",2018-04-25,"CMCSA down 1.5%, Sky shares up 3%",Low,mega_cap_corporate,2018-04-H2,2018-04-25,confirmed,681
Argentina central bank raises rates to 30.25% to defend peso,2018-04-27,"ARS stabilized briefly, EM currencies broadly pressured",Moderate,monetary_policy,2018-04-H2,2018-04-27,confirmed,682
"Fed raises rates 25bp, signals two more hikes in 2018",2018-06-13,"SPX up 0.4%, DXY strengthened slightly",Low,monetary_policy,2018-06-H2,2018-06-13,confirmed,683
ECB announces end of QE bond purchases by December 2018,2018-06-14,"EUR fell 0.8%, European bank stocks dropped 2%",Moderate,monetary_policy,2018-06-H2,2018-06-14,confirmed,684
"Trump announces 25% tariffs on $50B of Chinese goods, effective June 15",2018-06-15,"SPX down 0.1%, futures volatile overnight",Low,trade_policy,2018-06-H2,2018-06-15,confirmed,685
China retaliates with 25% tariffs on $34B of US goods including soybeans,2018-06-16,"Soybean futures down 2.5%, SPX down 0.2%",Moderate,trade_policy,2018-06-H2,2018-06-16,confirmed,686
Trump threatens additional $200B in tariffs on Chinese imports at 10%,2018-06-18,"SPX down 0.6%, Nasdaq down 0.9%, yuan weakened",Moderate,trade_policy,2018-06-H2,2018-06-18,confirmed,687
Germany's Merkel faces coalition crisis over migration policy with CSU,2018-06-18,"EUR/USD fell 0.5%, DAX down 1.1%",Moderate,election_political,2018-06-H2,2018-06-18,confirmed,688
US Commerce Department opens Section 232 investigation into auto imports,2018-05-23,"Auto stocks fell 2-3%, SPX down 0.4%",Moderate,trade_policy,2018-06-H2,2018-06-19,date_corrected,689
"Oracle reports Q4 earnings, cloud revenue growth disappoints investors",2018-06-19,ORCL down 9% after hours,Moderate,mega_cap_earnings,2018-06-H2,2018-06-19,confirmed,690
Argentine peso hits record low as IMF bailout talks intensify,2018-06-19,"ARS down 5%, Argentine stocks fell 4%",Moderate,credit_event,2018-06-H2,2018-06-19,confirmed,691
OPEC agrees to raise oil output by 1 million barrels per day,2018-06-22,"WTI fell 3%, Brent fell 2.8%",High,energy_opec,2018-06-H2,2018-06-22,confirmed,692
EU retaliatory tariffs on US goods including Harley-Davidson take effect,2018-06-22,"HOG down 6%, SPX down 0.2%",Moderate,trade_policy,2018-06-H2,2018-06-22,confirmed,693
Harley-Davidson announces plan to shift some production overseas to avoid EU tariffs,2018-06-25,"HOG down 5.9%, Trump tweets criticism of company",Moderate,mega_cap_corporate,2018-06-H2,2018-06-25,confirmed,694
Trump demands NATO allies raise defense spending to 4% of GDP,2018-07-11,"EUR down 0.3%, European defense stocks up slightly",Low,geopolitical_diplomatic,2018-06-H2,2018-06-25,date_corrected,695
Italian coalition government survives first confidence vote in parliament,2018-06-05,"Italian BTP yields fell 10bp, EUR up 0.2%",Low,election_political,2018-06-H2,2018-06-25,date_corrected,696
US Treasury proposes investment restrictions on Chinese tech companies,2018-06-27,"SPX down 1.3%, Chinese ADRs fell 3-5%",High,regulatory,2018-06-H2,2018-06-27,confirmed,697
Nike reports Q4 earnings with strong North America revenue recovery,2018-06-28,NKE up 11% after hours,Moderate,mega_cap_earnings,2018-06-H2,2018-06-28,confirmed,698
Fed Chair Powell delivers first Humphrey-Hawkins testimony to Congress,2018-02-27,"SPX down 1.1%, 10-year yield hit 2.92%",Moderate,monetary_policy,2018-02-H2,2018-02-27,confirmed,699
"Uber self-driving car kills pedestrian in Arizona, first fatal autonomous vehicle death",2018-03-19,"Uber private, GOOGL down 1%, auto tech stocks fell",Low,regulatory,2018-03-H2,2018-03-19,confirmed,740
"Trump announces US withdrawal from Iran nuclear deal, sanctions to return",2018-05-08,"Oil up 2.5%, SPX up 0.3%, Iran rial hit record low",Moderate,geopolitical_diplomatic,2018-05-H1,2018-05-08,confirmed,741
US 10-year Treasury yield breaks above 3% for first time since 2014,2018-04-25,"10Y yield hit 2.97%, SPX down 0.6%, financials outperformed",Moderate,monetary_policy,2018-05-H1,2018-05-01,date_corrected,742
"Apple reports record Q2 earnings, authorizes $100B share buyback",2018-05-01,"AAPL up 4.4% next day, added $50B in market cap",Moderate,mega_cap_earnings,2018-05-H1,2018-05-01,confirmed,743
"US 10-year Treasury yield surges above 3.09%, highest level since 2011",2018-05-15,"SPX down 0.7%, DXY hit highest since January",Moderate,monetary_policy,2018-05-H1,2018-05-15,confirmed,744
Italy political crisis deepens as populist parties near coalition deal,2018-05-09,"Italian BTPs sold off, EUR/USD fell 0.5%, FTSE MIB down 1.2%",Moderate,election_political,2018-05-H1,2018-05-09,confirmed,745
WTI crude oil rises above $70 per barrel for first time since 2014,2018-04-19,"WTI hit $70.73, energy sector up 1.8%",Moderate,energy_opec,2018-05-H1,2018-05-10,date_corrected,746
US and China trade talks in Beijing end without major breakthrough,2018-05-04,"SPX down 0.2%, trade-sensitive industrials fell 0.5%",Low,trade_policy,2018-05-H1,2018-05-04,confirmed,747
North Korea releases three American detainees ahead of Trump-Kim summit,2018-05-09,"SPX up 0.1%, markets largely unmoved",Low,geopolitical_diplomatic,2018-05-H1,2018-05-09,confirmed,748
Tesla shares fall as Elon Musk dismisses analyst questions on earnings call,2018-05-02,"TSLA down 5.5%, bond yields on Tesla debt widened",Moderate,mega_cap_earnings,2018-05-H1,2018-05-02,confirmed,749
"Fed holds rates steady, signals confidence inflation near 2% target",2018-05-02,"SPX up 0.5%, 2Y Treasury yield barely moved",Low,monetary_policy,2018-05-H1,2018-05-02,confirmed,750
US imposes sanctions on Iran's central bank and oil sector,2018-11-05,"Brent crude up 3.1%, European energy stocks gained 1.5%",Moderate,geopolitical_diplomatic,2018-05-H1,2018-05-08,date_corrected,751
Argentina central bank raises rates to 40% to defend collapsing peso,2018-05-04,"ARS down 5% on the day, EM currencies broadly weaker",High,monetary_policy,2018-05-H1,2018-05-04,confirmed,752
Walmart acquires majority stake in India's Flipkart for $16B,2018-05-09,"WMT down 3.4%, AMZN up 1.2% on competitive read-through",Moderate,mega_cap_corporate,2018-05-H1,2018-05-09,confirmed,753
"US April CPI rises 2.5% year-over-year, core CPI at 2.1%",2018-05-10,"10Y yield up 4bp, SPX down 0.1%, inflation fears contained",Low,fiscal_policy,2018-05-H1,2018-05-10,confirmed,754
Israeli military strikes Iranian targets in Syria after rocket attacks,2018-05-10,"Oil up 1.2%, gold up 0.4%, SPX flat",Low,geopolitical_military,2018-05-H1,2018-05-10,confirmed,755
Trump signs proclamation imposing 25% steel and 10% aluminum tariffs,2018-03-08,"SPX up 0.5%, DXY strengthened slightly, steel stocks rallied",Moderate,trade_policy,2018-03-H1,2018-03-08,confirmed,756
Canada and Mexico exempted from US steel and aluminum tariffs initially,2018-03-08,"SPX pared earlier losses, MXN and CAD strengthened on exemption news",Low,trade_policy,2018-03-H1,2018-03-08,confirmed,757
"US adds 313,000 jobs in February, strongest gain in 18 months",2018-03-09,"SPX up 1.7%, VIX fell to 14, wage growth modest at 2.6%",Moderate,fiscal_policy,2018-03-H1,2018-03-09,confirmed,758
Gary Cohn resigns as White House economic adviser over steel tariffs,2018-03-06,"SPX futures fell 1.5%, Dow dropped 300 points on open",High,election_political,2018-03-H1,2018-03-06,confirmed,759
European banks slide on Turkish lira contagion fears,2018-08-13,"BBVA down 4%, UniCredit down 3%, Euro Stoxx Banks index down 3.5%",High,credit_event,2018-08-H1,2018-08-13,confirmed,780
China retaliates with tariffs on $16B of US goods effective August 23,2018-08-08,"SPX down 0.3%, soybeans fell 1.5%",Low,trade_policy,2018-08-H1,2018-08-08,confirmed,781
US and China resume low-level trade talks in Washington,2018-08-22,"SPX up 0.5%, yuan stabilized slightly",Low,geopolitical_diplomatic,2018-08-H1,2018-08-01,date_corrected,782
Nvidia reports Q2 earnings beat but crypto mining revenue collapses,2018-08-16,NVDA down 6% after-hours on weak guidance,Moderate,mega_cap_earnings,2018-08-H1,2018-08-16,confirmed,783
Argentina peso falls to record low amid EM currency contagion,2018-08-13,"ARS down 4%, central bank raises rates to 45%",Moderate,credit_event,2018-08-H1,2018-08-13,confirmed,784
US 10-year Treasury yield falls below 2.87% on safe-haven demand,2018-08-13,"10-year yield dropped 8bp, DXY rose 0.6%",Low,monetary_policy,2018-08-H1,2018-08-13,confirmed,785
Musk tweets considering taking Tesla private at $420 per share,2018-08-07,"TSLA up 11% intraday, trading halted briefly",High,mega_cap_corporate,2018-08-H1,2018-08-07,confirmed,786
WTI crude oil falls below $68 on strong dollar and demand concerns,2018-08-15,"WTI down 2.5% to $67.60, energy sector down 1.2%",Moderate,energy_opec,2018-08-H1,2018-08-15,confirmed,787
Trump threatens $500B in additional tariffs on all Chinese imports,2018-07-20,"SPX down 0.4%, USD strengthened, yuan weakened",Moderate,trade_policy,2018-07-H2,2018-07-20,confirmed,788
"Netflix Q2 subscriber growth misses badly, adds 5.2M vs 6.2M expected",2018-07-16,NFLX down 14% after hours,High,mega_cap_earnings,2018-07-H2,2018-07-16,confirmed,789
"Trump says EU is a foe on trade, attacks NATO allies at Helsinki summit",2018-07-15,"EUR down 0.5%, SPX flat",Low,geopolitical_diplomatic,2018-07-H2,2018-07-16,date_corrected,790
"Trump and Putin hold Helsinki summit, Trump accepts Putin's election denial",2018-07-16,"SPX down 0.1%, RUB strengthened slightly",Low,geopolitical_diplomatic,2018-07-H2,2018-07-16,confirmed,791
"Microsoft reports Q4 earnings, cloud revenue surges 89% year over year",2018-07-19,MSFT up 3.3% after hours,Moderate,mega_cap_earnings,2018-07-H2,2018-07-19,confirmed,792
"Trump publicly criticizes Fed rate hikes, calls policy a mistake",2018-07-19,"DXY dipped 0.5%, SPX up 0.2%",Low,monetary_policy,2018-07-H2,2018-07-19,confirmed,793
"Facebook reports Q2 earnings; revenue growth slows, shares crater",2018-07-25,"FB down 19% next day, wiping $120B in market cap",High,mega_cap_earnings,2018-07-H2,2018-07-25,confirmed,794
"US and EU agree to trade truce, work toward zero tariffs on industrial goods",2018-07-25,"SPX up 0.9%, EUR up 0.6%, auto stocks rallied 3-5%",Moderate,trade_policy,2018-07-H2,2018-07-25,confirmed,795
"US Q2 GDP growth hits 4.1%, strongest pace in nearly four years",2018-07-27,"SPX up 0.5%, USD strengthened, 10-yr yield rose 3bp",Moderate,fiscal_policy,2018-07-H2,2018-07-27,confirmed,796
"Amazon reports Q2 earnings, profit triples to $2.5B on AWS strength",2018-07-26,AMZN up 3.4% after hours,Moderate,mega_cap_earnings,2018-07-H2,2018-07-26,confirmed,797
Intel Q2 earnings beat estimates but data center growth disappoints,2018-07-26,INTC down 8% after hours,Moderate,mega_cap_earnings,2018-07-H2,2018-07-26,confirmed,798
"Fed raises rates 25bp to 2.0-2.25%, signals further hikes ahead",2018-09-26,"SPX up 0.3%, 2-year Treasury yield hit 2.82%",Moderate,monetary_policy,2018-09-H2,2018-09-26,confirmed,799
"US 10-year Treasury yield briefly tops 3.1%, highest since 2011",2018-05-17,"10Y yield hit 3.11%, SPX down 0.7%, utilities and REITs sold off",Moderate,monetary_policy,2018-05-H2,2018-05-17,confirmed,720
North Korea threatens to cancel Trump summit over US military drills,2018-05-16,"SPX down 0.1%, minimal market reaction",Low,geopolitical_diplomatic,2018-05-H2,2018-05-16,confirmed,721
Venezuela presidential election held amid international condemnation,2018-05-20,"Venezuelan bonds fell, oil markets largely unmoved",Low,election_political,2018-05-H2,2018-05-20,confirmed,722
ZTE reaches deal with US Commerce Department to lift export ban,2018-05-21,"ZTE HK shares up 6%, broader US-China trade tension eased slightly",Low,trade_policy,2018-05-H2,2018-05-21,confirmed,723
"WTI crude oil rises above $72 per barrel, highest since November 2014",2018-05-22,"WTI hit $72.24, energy sector up 0.8%",Moderate,energy_opec,2018-05-H2,2018-05-22,confirmed,724
Argentina central bank raises rates to 40% to defend peso from collapse,2018-05-04,"ARS stabilized briefly, EM currencies broadly weaker",Moderate,monetary_policy,2018-05-H2,2018-05-17,date_corrected,725
Trump administration announces tariff exemptions for EU allies expire June 1,2018-05-31,"EUR down 0.3%, European equities fell 0.5%",Low,trade_policy,2018-05-H2,2018-05-29,date_corrected,726
Trump signs executive order banning most Broadcom acquisition of Qualcomm,2018-03-12,"QCOM down 3%, AVGO down 5%",Moderate,regulatory,2018-03-H2,2018-03-12,confirmed,727
Trump announces 25% steel and 10% aluminum tariffs take effect,2018-03-23,"SPX down 2.5%, DJI down 424 points",High,trade_policy,2018-03-H2,2018-03-23,confirmed,728
Facebook shares plunge as Cambridge Analytica data scandal erupts,2018-03-19,"FB down 6.8%, Nasdaq down 1.8%",High,mega_cap_corporate,2018-03-H2,2018-03-19,confirmed,729
"Trump fires National Security Advisor H.R. McMaster, replaces with John Bolton",2018-03-22,"SPX down 0.3%, gold up 0.5%",Low,geopolitical_diplomatic,2018-03-H2,2018-03-22,confirmed,730
"Fed raises rates by 25bp, signals two more hikes in 2018",2018-03-21,"SPX down 0.2%, DXY rose slightly, 10-year yield at 2.9%",Low,monetary_policy,2018-03-H2,2018-03-21,confirmed,731
China announces retaliatory tariffs on 128 US products worth $3B,2018-03-23,"SPX fell additional 0.5%, soybeans down 2%",Moderate,trade_policy,2018-03-H2,2018-03-23,confirmed,732
US expels 60 Russian diplomats over Skripal nerve agent poisoning in UK,2018-03-26,"SPX up 1.1%, markets focused on trade war",Low,geopolitical_diplomatic,2018-03-H2,2018-03-26,confirmed,733
"SPX suffers worst week since January 2016, down 5.9% on trade war fears",2018-03-23,"SPX down 5.9% for the week, VIX hit 24",High,trade_policy,2018-03-H2,2018-03-23,confirmed,734
Amazon shares drop sharply as Trump attacks company over taxes and postal rates,2018-03-28,"AMZN down 4.4%, Nasdaq down 1.3%",Moderate,mega_cap_corporate,2018-03-H2,2018-03-28,confirmed,735
UK and allies expel Russian diplomats in coordinated Skripal response,2018-03-26,"Ruble down 1.2%, Russian equities down 1.5%",Low,geopolitical_military,2018-03-H2,2018-03-26,confirmed,736
"Congress passes $1.3 trillion omnibus spending bill, Trump threatens veto",2018-03-22,"SPX down 0.6%, 10-year yield steady at 2.88%",Low,fiscal_policy,2018-03-H2,2018-03-22,confirmed,737
"Nike Q3 earnings beat estimates, North America revenue returns to growth",2018-03-22,NKE up 4.5% after hours,Low,mega_cap_earnings,2018-03-H2,2018-03-22,confirmed,738
Markets stage sharp rebound as trade war fears ease briefly,2018-03-26,"SPX up 2.7%, DJI up 669 points, best day since 2016",High,trade_policy,2018-03-H2,2018-03-26,confirmed,739
ECB removes easing bias from forward guidance in policy statement,2018-03-08,"EUR/USD up 0.5%, European bond yields ticked higher",Low,monetary_policy,2018-03-H1,2018-03-08,confirmed,760
"North Korea invites Trump to direct talks, offers to suspend nuclear tests",2018-03-08,"SPX up 0.4%, defense stocks dipped slightly",Low,geopolitical_diplomatic,2018-03-H1,2018-03-08,confirmed,761
UK blames Russia for nerve agent attack on Sergei Skripal in Salisbury,2018-03-12,"GBP down 0.3%, RUB weakened 0.8%, European equities flat",Low,geopolitical_military,2018-03-H1,2018-03-12,confirmed,762
"Trump fires Secretary of State Rex Tillerson, nominates CIA director Pompeo",2018-03-13,"SPX down 0.7%, DXY little changed, defense stocks mixed",Moderate,election_political,2018-03-H1,2018-03-13,confirmed,763
EU threatens retaliatory tariffs on US goods including bourbon and Harley-Davidson,2018-03-07,"HOG down 2.5%, SPX fell 0.3% on escalation fears",Moderate,trade_policy,2018-03-H1,2018-03-07,confirmed,764
China reports February trade surplus narrows sharply to $33.7B,2018-03-09,"CNH little changed, Shanghai Composite up 0.4%",Low,trade_policy,2018-03-H1,2018-03-09,confirmed,765
US Senate passes bipartisan bill rolling back Dodd-Frank bank regulations,2018-03-14,"KRE regional bank ETF up 1.8%, SPX financials up 0.6%",Moderate,regulatory,2018-03-H1,2018-03-14,confirmed,766
Oracle reports Q3 earnings miss as cloud transition weighs on revenue,2018-03-19,"ORCL down 9% after hours, Nasdaq down 0.2%",Moderate,mega_cap_earnings,2018-03-H1,2018-03-14,date_corrected,767
Trump imposes new sanctions on Russia over election meddling and cyberattacks,2018-03-15,"RUB down 1.1%, SPX flat, energy stocks little changed",Low,geopolitical_diplomatic,2018-03-H1,2018-03-15,confirmed,768
"Fed's Powell signals gradual rate hike path, markets price four 2018 hikes",2018-03-02,"SPX fell 0.4%, 2-year Treasury yield rose to 2.25%",Low,monetary_policy,2018-03-H1,2018-03-02,confirmed,769
"Turkey central bank holds emergency meeting, raises overnight lending rate to 25%",2018-08-16,"TRY rallied 7% intraday, EM currencies partially recovered",Moderate,monetary_policy,2018-08-H2,2018-08-16,unverified,770
US and China resume low-level trade talks in Washington,2018-08-22,"SPX up 0.2%, optimism limited as no senior officials attend",Low,trade_policy,2018-08-H2,2018-08-22,confirmed,771
Jackson Hole symposium: Powell signals gradual rate hike path will continue,2018-08-24,"SPX up 0.6%, DXY little changed, 10Y yield flat",Low,monetary_policy,2018-08-H2,2018-08-24,confirmed,772
US imposes second round of sanctions on Russia over Skripal nerve agent attack,2018-08-27,"RUB down 3%, Russian equities fell 2%, oil steady",Moderate,geopolitical_diplomatic,2018-08-H2,2018-08-27,confirmed,773
"Argentina peso hits record low, central bank raises rates to 45%",2018-08-29,"ARS down 15% on the day, Merval index down 10%",High,credit_event,2018-08-H2,2018-08-29,confirmed,774
Trump threatens to withdraw US from WTO over unfair rules,2018-08-30,"SPX down 0.4%, DXY up 0.2%",Low,trade_policy,2018-08-H2,2018-08-30,confirmed,775
"US and Mexico reach bilateral NAFTA deal, Canada excluded from talks",2018-08-27,"MXN up 2.5%, SPX up 0.8%, CAD little changed",Moderate,trade_policy,2018-08-H2,2018-08-27,confirmed,776
South Africa enters technical recession as GDP contracts for second consecutive quarter,2018-09-04,"ZAR down 2%, South African equities down 1.5%",Moderate,fiscal_policy,2018-08-H2,2018-08-28,date_corrected,777
Turkey lira collapses as US doubles steel and aluminum tariffs,2018-08-10,"TRY down 16% on the day, EM currencies sold off broadly",High,trade_policy,2018-08-H1,2018-08-10,confirmed,778
Erdogan calls on Turks to sell dollars and euros to defend lira,2018-08-12,TRY briefly recovered 5% before resuming decline,Moderate,geopolitical_diplomatic,2018-08-H1,2018-08-12,confirmed,779
"US imposes 10% tariffs on $200B of Chinese goods, effective September 24",2018-09-17,"SPX down 0.6%, CSI 300 down 1.1%",Moderate,trade_policy,2018-09-H2,2018-09-17,confirmed,800
China retaliates with tariffs on $60B of US goods starting September 24,2018-09-18,"SPX down 0.3%, yuan weakened slightly",Low,trade_policy,2018-09-H2,2018-09-18,confirmed,801
US and Canada resume NAFTA talks as deadline pressure mounts,2018-09-19,"CAD up 0.4%, SPX flat",Low,geopolitical_diplomatic,2018-09-H2,2018-09-19,confirmed,802
US and Canada reach USMCA deal replacing NAFTA after overnight talks,2018-09-30,"CAD up 0.8%, SPX up 0.4%",Moderate,trade_policy,2018-09-H2,2018-09-30,confirmed,803
Italy's coalition government proposes 2019 budget deficit at 2.4% of GDP,2018-09-27,"Italian BTP yields spiked 30bp, EUR down 0.7%, Italian banks down 4-6%",High,fiscal_policy,2018-09-H2,2018-09-27,confirmed,804
Brett Kavanaugh Supreme Court confirmation hearing resumes amid accusations,2018-09-27,"SPX down 0.3%, minimal market reaction",Low,election_political,2018-09-H2,2018-09-27,confirmed,805
"Nike reports Q1 FY2019 earnings beat, shares rise on strong revenue growth",2018-09-25,NKE up 9.2% after hours,Moderate,mega_cap_earnings,2018-09-H2,2018-09-25,confirmed,806
WTI crude oil surges above $72 on Iran sanctions fears and tight supply,2018-09-24,"WTI up 1.8% to $72.08, highest since July",Moderate,energy_opec,2018-09-H2,2018-09-24,unverified,807
"OPEC and allies hold output steady, reject calls to boost supply at Algiers meeting",2018-09-23,"WTI up 1.2%, Brent hit $81",Moderate,energy_opec,2018-09-H2,2018-09-23,confirmed,808
Argentina central bank raises benchmark rate to 65% to defend peso,2018-09-26,"ARS stabilized after 3% intraday drop, EM currencies mixed",Low,monetary_policy,2018-09-H2,2018-09-26,confirmed,809
"US 10-year Treasury yield climbs above 3.1%, highest since 2011",2018-09-26,"10-year yield hit 3.11%, financials up 0.5%",Moderate,monetary_policy,2018-09-H2,2018-09-26,confirmed,810
"Trump addresses UN General Assembly, threatens Iran and trade partners",2018-09-25,"SPX flat, oil up 0.5%",Low,geopolitical_diplomatic,2018-09-H2,2018-09-25,confirmed,811
Emerging market currencies broadly sell off on dollar strength and trade fears,2018-09-21,"DXY up 0.4%, MSCI EM index down 1.2%",Moderate,credit_event,2018-09-H2,2018-09-21,unverified,812
US equity markets suffer worst week since 2011 amid rate fears,2018-10-11,"SPX down 4.1% on the week, Nasdaq down 3.7% Thursday alone",High,credit_event,2018-10-H1,2018-10-11,confirmed,813
"10-year US Treasury yield hits 3.23%, highest level since 2011",2018-10-03,"SPX down 0.6%, bond yields spike drove tech selloff",Moderate,monetary_policy,2018-10-H1,2018-10-03,confirmed,814
Fed Chair Powell says rates still 'a long way' from neutral level,2018-10-03,"DXY up 0.4%, 10-year yield rose to 3.23%",Moderate,monetary_policy,2018-10-H1,2018-10-03,confirmed,815
"US September jobs report shows unemployment falls to 3.7%, 49-year low",2018-10-05,"SPX down 0.6%, bond yields rose further on strong data",Moderate,fiscal_policy,2018-10-H1,2018-10-05,confirmed,816
IMF cuts global growth forecast citing trade war and rising rates,2018-10-09,"SPX down 1.0%, EM currencies weakened",Moderate,trade_policy,2018-10-H1,2018-10-09,confirmed,817
Dow Jones drops 832 points in single session on rate and trade fears,2018-10-10,"DJIA down 3.2%, Nasdaq down 4.1%, VIX surged to 22",High,credit_event,2018-10-H1,2018-10-10,confirmed,818
China Shanghai Composite falls to four-year low amid trade war pressure,2018-10-11,"Shanghai Composite down 5.2% on the week, yuan weakened",High,trade_policy,2018-10-H1,2018-10-11,confirmed,819
"Saudi Arabia announces 500,000 bpd oil output cut to stem price slide",2018-11-11,"WTI up 1.2%, gains quickly faded",Low,energy_opec,2018-11-H1,2018-11-11,unverified,860
Qualcomm abandons $44B NXP Semiconductors acquisition after China blocks deal,2018-07-26,"QCOM up 1.4%, NXPI down 3.6%",Low,regulatory,2018-11-H1,2018-11-01,date_corrected,861
Goldman Sachs faces scrutiny over role in Malaysian 1MDB scandal,2018-11-01,"GS down 7% over the week, underperformed peers",Moderate,regulatory,2018-11-H1,2018-11-01,confirmed,862
Amazon announces HQ2 split between New York and Northern Virginia,2018-11-13,"AMZN up 0.6%, NYC real estate stocks rose modestly",Low,mega_cap_corporate,2018-11-H1,2018-11-13,confirmed,863
"Cisco reports Q1 earnings beat, raises full-year guidance",2018-11-14,"CSCO up 7%, boosted Nasdaq by 0.4%",Moderate,mega_cap_earnings,2018-11-H1,2018-11-14,confirmed,864
US imposes fresh sanctions on Iran targeting oil and banking sectors,2018-11-05,"Oil fell 1% as US granted waivers to eight countries, surprise outcome",Low,geopolitical_diplomatic,2018-11-H1,2018-11-05,confirmed,865
Apple shares fall sharply on reports iPhone XR demand cuts by suppliers,2018-11-05,"AAPL down 5%, Nasdaq down 1.7%",High,mega_cap_corporate,2018-11-H2,2018-11-05,confirmed,866
US and China agree to 90-day trade war truce at G20 summit in Buenos Aires,2018-12-01,"SPX futures up 2.2% Sunday night, SPX up 1.1% Monday",High,trade_policy,2018-11-H2,2018-11-30,date_corrected,867
"Fed Chair Powell signals rates near neutral, softening hawkish stance",2018-11-28,"SPX up 2.3%, DXY fell, 2-year yield dropped 6bp",High,monetary_policy,2018-11-H2,2018-11-28,confirmed,868
"Oil prices enter bear market, WTI down over 20% from October peak",2018-11-20,"WTI fell to $53.43, down 7% on the day",High,energy_opec,2018-11-H2,2018-11-20,confirmed,869
"GM announces closure of five North American plants, cutting 14,700 jobs",2018-11-26,"GM down 2.8%, auto sector fell broadly",Moderate,mega_cap_corporate,2018-11-H2,2018-11-26,confirmed,870
Brexit draft withdrawal agreement triggers UK cabinet resignations,2018-11-15,"GBP down 1.5%, FTSE 100 down 1.2%",Moderate,geopolitical_diplomatic,2018-11-H2,2018-11-15,confirmed,871
Saudi Arabia signals OPEC output cut needed as oil rout deepens,2018-11-19,"WTI down 6.6%, energy sector ETF XLE down 3%",High,energy_opec,2018-11-H2,2018-11-19,confirmed,872
"SPX closes in correction territory, down over 10% from September peak",2018-11-20,"SPX down 1.8%, VIX rose to 23",High,credit_event,2018-11-H2,2018-11-20,confirmed,873
US Treasury Secretary Mnuchin says trade talks with China progressing,2018-11-27,"SPX up 0.3%, move largely dismissed by traders",Low,trade_policy,2018-11-H2,2018-11-27,confirmed,874
Italy rejects EU demand to revise deficit-heavy budget plan,2018-11-21,"Italian 10-year yield up 12bp, EUR down 0.3%",Moderate,fiscal_policy,2018-11-H2,2018-11-21,confirmed,875
"California Camp Fire becomes deadliest in state history, over 80 killed",2018-11-08,PG&E PCG down 45% over the week on liability fears,High,natural_disaster,2018-11-H2,2018-11-16,date_corrected,876
Theresa May survives Conservative party no-confidence vote over Brexit deal,2018-12-12,"GBP up 0.4%, markets largely unmoved",Low,election_political,2018-11-H2,2018-11-16,date_corrected,877
Trump threatens to close US-Mexico border over migrant caravan,2018-11-26,"MXN down 0.6%, SPX flat",Low,geopolitical_diplomatic,2018-11-H2,2018-11-26,confirmed,878
Nvidia warns Q3 revenue will miss guidance on weak gaming GPU demand,2018-11-15,"NVDA down 19% on the day, semiconductor ETF SMH down 5%",High,mega_cap_earnings,2018-11-H2,2018-11-15,confirmed,879
Saudi Arabia admits Jamal Khashoggi died inside Istanbul consulate,2018-10-20,"Oil up 1.5%, SAR stable, SPX down 0.4%",Moderate,geopolitical_diplomatic,2018-10-H2,2018-10-20,confirmed,880
"China Q3 GDP growth slows to 6.5%, weakest since 2009",2018-10-19,"Shanghai Composite down 2.9%, USD/CNY near 6.94",Moderate,fiscal_policy,2018-10-H2,2018-10-19,confirmed,881
SPX falls over 3% as global equity selloff accelerates on rate fears,2018-10-24,"SPX down 3.1%, VIX spiked to 25, Nasdaq down 4.4%",High,monetary_policy,2018-10-H2,2018-10-24,confirmed,882
"Netflix reports Q3 subscriber growth beats estimates, adds 7M globally",2018-10-16,NFLX up 11% after hours,Moderate,mega_cap_earnings,2018-10-H2,2018-10-16,confirmed,883
"Amazon reports Q3 earnings miss on operating income, shares fall sharply",2018-10-25,AMZN down 7.8% next session,High,mega_cap_earnings,2018-10-H2,2018-10-25,confirmed,884
Alphabet Q3 earnings beat estimates but costs rise sharply,2018-10-25,GOOGL down 5.3% after hours on expense concerns,Moderate,mega_cap_earnings,2018-10-H2,2018-10-25,confirmed,885
"Italy government defies EU, resubmits 2.4% deficit budget unchanged",2018-10-22,"Italian BTP yields rose to 3.6%, EUR/USD down 0.4%",Moderate,fiscal_policy,2018-10-H2,2018-10-22,confirmed,886
Trump threatens to withdraw US from Intermediate-Range Nuclear Forces Treaty,2018-10-20,"SPX down 0.2%, defense stocks up slightly",Low,geopolitical_military,2018-10-H2,2018-10-20,confirmed,887
US 10-year Treasury yield retreats from 7-year high near 3.26%,2018-10-26,"10-year yield fell to 3.08%, SPX still down 1.7%",Moderate,monetary_policy,2018-10-H2,2018-10-26,confirmed,888
"Nasdaq enters correction territory, down over 10% from September peak",2018-10-26,"Nasdaq down 10.8% from peak, VIX hit 28",High,monetary_policy,2018-10-H2,2018-10-26,confirmed,889
"Microsoft Q1 earnings beat on cloud revenue, Azure up 76%",2018-10-24,MSFT up 3% after hours before broader selloff,Low,mega_cap_earnings,2018-10-H2,2018-10-24,confirmed,890
"Pipe bombs sent to Clinton, Obama, CNN and other Trump critics intercepted",2018-10-24,"SPX down 0.5%, markets focused on earnings selloff",Low,geopolitical_military,2018-10-H2,2018-10-24,confirmed,891
Saudi Arabia pledges $50B investment at Future Investment Initiative despite boycott,2018-10-23,"Oil up 0.8%, Saudi Tadawul index down 1.2%",Low,geopolitical_diplomatic,2018-10-H2,2018-10-23,unverified,892
"SPX posts worst week since March 2020 analog, down 3.9% for the week",2018-10-26,"SPX weekly loss 3.9%, worst week since early 2016",High,credit_event,2018-10-H2,2018-10-26,confirmed,893
"Fed raises rates 25bp, signals fewer 2019 hikes amid market turmoil",2018-12-19,"SPX down 1.5%, VIX hit 28, DXY up 0.5%",High,monetary_policy,2018-12-H2,2018-12-19,confirmed,894
US government shuts down as Congress fails to pass spending bill,2018-12-22,"SPX down 0.1%, markets largely indifferent on day one",Low,fiscal_policy,2018-12-H2,2018-12-22,confirmed,895
"SPX posts worst Christmas Eve session in history, down 2.7%",2018-12-24,"SPX down 2.7%, Dow fell below 22,000 intraday",High,credit_event,2018-12-H2,2018-12-24,confirmed,896
Treasury Secretary Mnuchin calls bank CEOs to confirm liquidity amid selloff,2018-12-23,"Move widely mocked, SPX down 0.4% Monday after weekend call",Low,fiscal_policy,2018-12-H2,2018-12-23,confirmed,897
SPX surges 5% on December 26 in largest single-day point gain ever,2018-12-26,"SPX up 4.96%, Dow up 1,086 points, VIX fell 5 pts",High,credit_event,2018-12-H2,2018-12-26,confirmed,898
Defense Secretary Mattis resigns citing disagreement with Trump over Syria withdrawal,2018-12-20,"SPX down 1.6%, defense stocks fell 2-3%",Moderate,geopolitical_diplomatic,2018-12-H2,2018-12-20,confirmed,899
US imposes sanctions on Chinese military for buying Russian weapons,2018-09-20,"SPX down 0.4%, defense stocks mixed",Low,geopolitical_diplomatic,2018-10-H1,2018-10-01,date_corrected,820
Hurricane Michael makes landfall in Florida as Category 4 storm,2018-10-10,"Homebuilder and insurer stocks down 1-2%, natural gas up 1%",Low,natural_disaster,2018-10-H1,2018-10-10,confirmed,821
US-Canada reach USMCA deal to replace NAFTA,2018-10-01,"CAD up 0.8%, auto stocks rose modestly",Moderate,trade_policy,2018-10-H1,2018-10-01,confirmed,822
Italy budget standoff with EU deepens as Rome defends deficit target,2018-10-02,"Italian 10-year yield rose to 3.4%, EUR down 0.5%",Moderate,fiscal_policy,2018-10-H1,2018-10-02,confirmed,823
Saudi Arabia denies killing journalist Khashoggi amid international pressure,2018-10-14,"Oil up 1.2%, defense stocks up on potential arms deal scrutiny",Low,geopolitical_diplomatic,2018-10-H1,2018-10-14,confirmed,824
"PepsiCo beats Q3 earnings estimates, raises full-year guidance",2018-10-02,PEP up 2.2% on the day,Low,mega_cap_earnings,2018-10-H1,2018-10-02,confirmed,825
JPMorgan Chase Q3 earnings beat estimates with record revenue,2018-10-12,"JPM up 1.0%, financials sector outperformed on strong results",Low,mega_cap_earnings,2018-10-H1,2018-10-12,confirmed,826
Trump and Xi agree to 90-day trade war truce at G20 summit,2018-12-01,"SPX up 1.1% Monday, futures had surged 2% overnight",Moderate,trade_policy,2018-12-H1,2018-12-01,confirmed,827
Huawei CFO Meng Wanzhou arrested in Canada at US request,2018-12-06,"SPX down 3.1%, Nasdaq down 3.8%, Huawei suppliers sold off sharply",High,geopolitical_diplomatic,2018-12-H1,2018-12-05,date_corrected,828
US yield curve inverts as 2-year yield exceeds 5-year yield,2018-12-03,"SPX down 3.2%, 2y-5y spread inverted for first time since 2007",High,monetary_policy,2018-12-H1,2018-12-03,confirmed,829
OPEC and Russia agree to cut oil output by 1.2 million barrels per day,2018-12-07,"WTI up 2.2% on Friday, had been down 30% from October peak",Moderate,energy_opec,2018-12-H1,2018-12-07,confirmed,830
"US November jobs report shows 155,000 payrolls, below 198,000 estimate",2018-12-07,"SPX down 2.3%, bond yields fell as Fed rate hike fears eased",High,fiscal_policy,2018-12-H1,2018-12-07,confirmed,831
France announces suspension of fuel tax hike amid Yellow Vest protests,2018-12-05,"CAC 40 up 0.8%, EUR little changed",Low,fiscal_policy,2018-12-H1,2018-12-05,confirmed,832
Trump threatens to intervene in Huawei case if it aids trade deal,2018-12-11,"SPX volatile, tech stocks briefly rallied 1% on headline",Low,geopolitical_diplomatic,2018-12-H1,2018-12-11,confirmed,833
UK PM May postpones Parliament vote on Brexit withdrawal agreement,2018-12-10,"GBP down 1.5% to $1.253, FTSE 100 down 0.9%",Moderate,election_political,2018-12-H1,2018-12-10,confirmed,834
UK Parliament holds no-confidence vote in Theresa May as PM,2018-12-12,GBP up 0.6% after May survives vote 200-117,Low,election_political,2018-12-H1,2018-12-12,confirmed,835
ECB confirms end of quantitative easing bond-buying program in December,2018-12-13,"EUR down 0.4%, European equities fell 0.5%",Low,monetary_policy,2018-12-H1,2018-12-13,confirmed,836
Adobe reports Q4 earnings beat with record revenue of $2.46 billion,2018-12-13,ADBE up 3.5% after hours,Low,mega_cap_earnings,2018-12-H1,2018-12-13,confirmed,837
US imposes 10% tariffs on $200B of Chinese goods effective September 24,2018-09-17,"SPX down 0.6%, yuan weakened to 6.87",Moderate,trade_policy,2018-09-H1,2018-09-17,confirmed,838
"ECB holds rates steady, Draghi reaffirms gradual QE wind-down path",2018-09-13,"EUR up 0.4%, European equities flat",Low,monetary_policy,2018-09-H1,2018-09-13,confirmed,839
Trump announces immediate withdrawal of US troops from Syria,2018-12-19,"LMT down 1.5%, oil slipped 1%, SPX added to losses",Moderate,geopolitical_military,2018-12-H2,2018-12-19,confirmed,900
"Apple shares close below $150, down over 37% from October peak",2018-12-21,"AAPL down 3.9% on the day, market cap lost $450B from peak",High,mega_cap_corporate,2018-12-H2,2018-12-21,confirmed,901
Oil falls below $45 per barrel as oversupply and demand fears mount,2018-12-24,"WTI hit $42.53, down over 40% from October high",High,energy_opec,2018-12-H2,2018-12-24,confirmed,902
China cuts reserve requirement ratio by 100bp to boost slowing economy,2019-01-04,"Shanghai Composite up 0.8%, modest reaction",Low,monetary_policy,2018-12-H2,2018-12-26,date_corrected,903
"Fed holds rates steady, signals no hikes in 2019 amid slowdown fears",2019-03-20,"SPX up 0.4%, 10-year yield fell 7bp to 2.54%",High,monetary_policy,2019-03-H2,2019-03-20,confirmed,904
"US Treasury yield curve inverts, 10-year falls below 3-month bill rate",2019-03-22,"SPX down 1.9%, VIX spiked to 17, recession fears surge",High,monetary_policy,2019-03-H2,2019-03-22,confirmed,905
US and China trade talks resume in Beijing with tariff rollback discussions,2019-03-28,"SPX up 0.7%, CSI 300 up 1.2%",Moderate,trade_policy,2019-03-H2,2019-03-28,confirmed,906
Boeing 737 MAX faces expanded global groundings after Ethiopian Airlines crash probe,2019-03-13,"BA down 2.8%, SPX down 0.1%",Moderate,mega_cap_corporate,2019-03-H2,2019-03-18,date_corrected,907
UK Parliament rejects Theresa May's Brexit deal for second time,2019-03-12,"GBP down 0.8%, FTSE 100 down 0.3%",Moderate,election_political,2019-03-H2,2019-03-12,confirmed,908
UK Parliament votes to seek Brexit extension from EU beyond March 29,2019-03-14,"GBP up 0.5%, uncertainty persists",Low,geopolitical_diplomatic,2019-03-H2,2019-03-14,confirmed,909
EU grants UK Brexit extension to April 12 or May 22,2019-03-21,"GBP up 0.3%, FTSE flat",Low,geopolitical_diplomatic,2019-03-H2,2019-03-21,confirmed,910
Mueller investigation report submitted to Attorney General Barr,2019-03-22,SPX moved less than 0.1% on the news,Low,election_political,2019-03-H2,2019-03-22,confirmed,911
"Germany's manufacturing PMI hits 6-year low of 44.7, recession fears mount",2019-03-22,"EUR/USD down 0.5% to 1.1290, DAX down 1.6%",High,fiscal_policy,2019-03-H2,2019-03-22,confirmed,912
Nike reports Q3 earnings beat with strong China and direct-to-consumer growth,2019-03-21,"NKE up 7% after hours, SPX futures up 0.2%",Moderate,mega_cap_earnings,2019-03-H2,2019-03-21,confirmed,913
"Lyft prices IPO at $72 per share, valued at $24 billion",2019-03-28,"LYFT opened at $87.24, closed up 8.7% on debut",Moderate,mega_cap_corporate,2019-03-H2,2019-03-28,confirmed,914
"Fed balance sheet runoff to end in September 2019, holdings to stabilize",2019-03-20,"10-year yield fell, MBS spreads tightened 3bp",Moderate,monetary_policy,2019-03-H2,2019-03-20,confirmed,915
"Cyclone Idai makes landfall in Mozambique, one of worst African storms on record",2019-03-14,"Mozambique bond spreads widened, limited global market impact",Low,natural_disaster,2019-03-H2,2019-03-15,date_corrected,916
"US existing home sales jump 11.8% in February, biggest monthly gain since 2015",2019-03-22,Homebuilder ETF XHB up 1.1%,Low,fiscal_policy,2019-03-H2,2019-03-22,confirmed,917
"Fed signals no rate hikes in 2019, balance sheet runoff to end in September",2019-03-20,"SPX up 1.1%, 10-year yield fell 6bp",High,monetary_policy,2019-03-H1,2019-03-20,confirmed,918
Boeing 737 MAX grounded worldwide after Ethiopian Airlines crash kills 157,2019-03-13,"BA down 5.3%, SPX down 0.1%",High,mega_cap_corporate,2019-03-H1,2019-03-13,confirmed,919
"Apple unveils iPhone XS, XS Max and XR at Cupertino event",2018-09-12,AAPL up 1.0% on event day,Low,mega_cap_corporate,2018-09-H1,2018-09-12,confirmed,840
Argentina raises benchmark interest rate to 60% to defend peso,2018-09-03,"ARS down 8% on the day, EM currencies broadly sold off",High,monetary_policy,2018-09-H1,2018-09-03,confirmed,841
Super Typhoon Mangkhut strikes Philippines as strongest storm of 2018,2018-09-15,"Philippine PSEi down 0.8%, insurance stocks fell",Low,natural_disaster,2018-09-H1,2018-09-14,date_corrected,842
US and Canada trade talks resume in Washington as NAFTA deadline looms,2018-09-05,"CAD strengthened 0.3%, SPX flat",Low,trade_policy,2018-09-H1,2018-09-05,confirmed,843
Nike unveils Colin Kaepernick as face of 30th anniversary Just Do It campaign,2018-09-03,"NKE down 3.2% Tuesday open, recovered by week end",Moderate,mega_cap_corporate,2018-09-H1,2018-09-03,confirmed,844
China's Shanghai Composite falls to lowest level since November 2014,2018-09-06,"Shanghai Composite down 1.2%, hit 2691, lowest since 2014",Moderate,trade_policy,2018-09-H1,2018-09-06,confirmed,845
India rupee hits record low of 72.67 per dollar amid EM selloff,2018-09-04,"INR hit 72.67 per USD, Indian equities down 0.5%",Moderate,credit_event,2018-09-H1,2018-09-04,confirmed,846
US 10-year Treasury yield rises above 2.96% on strong jobs data,2018-09-07,"10-year yield up 5bp to 2.96%, SPX down 0.2%",Low,monetary_policy,2018-09-H1,2018-09-07,confirmed,847
Brazil real hits record low as Lula poll lead rattles investors,2018-09-13,"BRL fell to 4.17 per USD, Bovespa down 2.1%",Moderate,election_political,2018-09-H1,2018-09-13,confirmed,848
Sweden holds general election with far-right Sweden Democrats making gains,2018-09-09,"SEK weakened 0.5%, OMX Stockholm down 0.3%",Low,election_political,2018-09-H1,2018-09-09,confirmed,849
WTI crude oil rises above $70 as Iran sanctions tighten global supply outlook,2018-09-10,"WTI up 1.5% to $70.45, energy sector up 1.2%",Moderate,energy_opec,2018-09-H1,2018-09-10,unverified,850
Woodford Patient Capital Trust shares fall as flagship fund faces redemptions,2018-09-11,"Woodford trust down 3%, UK mid-cap names in fund fell",Low,credit_event,2018-09-H1,2018-09-11,unverified,851
Democrats win House majority in US midterm elections,2018-11-06,"SPX up 2.1%, VIX fell 3 points",Moderate,election_political,2018-11-H1,2018-11-06,confirmed,852
"Fed holds rates steady, signals December hike still on track",2018-11-08,"SPX down 0.2%, 10-year yield flat",Low,monetary_policy,2018-11-H1,2018-11-08,confirmed,853
US and China agree to restart trade talks ahead of G20 summit,2018-11-01,"SPX up 1.1%, CSI 300 up 2.3%",Moderate,trade_policy,2018-11-H1,2018-11-01,unverified,854
Apple shares drop after suppliers cut iPhone production forecasts,2018-11-05,"AAPL down 2.8%, Philadelphia Semiconductor Index down 2%",Moderate,mega_cap_corporate,2018-11-H1,2018-11-05,confirmed,855
"California wildfires kill dozens, destroy town of Paradise",2018-11-08,"PG&E PCG down 52% over two days, utilities sector down 1%",High,natural_disaster,2018-11-H1,2018-11-08,confirmed,856
UK and EU reach draft Brexit withdrawal agreement in principle,2018-11-14,"GBP up 1.5%, FTSE 100 up 0.7%",Moderate,geopolitical_diplomatic,2018-11-H1,2018-11-13,date_corrected,857
UK Brexit Secretary Dominic Raab resigns over draft withdrawal deal,2018-11-15,"GBP down 1.6%, FTSE 250 down 1.9%",Moderate,election_political,2018-11-H1,2018-11-15,confirmed,858
"Oil prices fall for 12th consecutive day, longest losing streak on record",2018-11-13,"WTI down 1.6% to $55.69, energy sector down 1.4%",Moderate,energy_opec,2018-11-H1,2018-11-13,confirmed,859
US existing home sales fall to three-year low in January data release,2019-02-22,"Homebuilder ETF XHB down 0.5%, broader market shrugged it off",Low,fiscal_policy,2019-02-H2,2019-02-22,confirmed,1000
ECB sources signal new TLTRO bank loans under discussion as growth slows,2019-02-21,"Euro fell 0.3%, European bank stocks rose 1%",Moderate,monetary_policy,2019-02-H2,2019-02-21,confirmed,1001
UK Parliament votes to delay meaningful Brexit vote again,2019-02-27,"GBP up 0.4% on reduced no-deal fear, FTSE up 0.2%",Low,election_political,2019-02-H2,2019-02-27,confirmed,1002
Trump tweets US will raise tariffs on $200B Chinese goods to 25%,2019-05-05,"SPX down 2.4%, VIX up 5 pts to 17",High,trade_policy,2019-05-H1,2019-05-05,confirmed,1003
China retaliates with tariffs on $60B of US goods effective June 1,2019-05-13,"SPX down 2.4%, Dow down 617 pts",High,trade_policy,2019-05-H1,2019-05-13,confirmed,1004
US raises tariffs on $200B of Chinese imports to 25% at midnight,2019-05-10,"SPX fell 0.7% on the day, yuan weakened to 6.84",Moderate,trade_policy,2019-05-H1,2019-05-10,confirmed,1005
"US blacklists Huawei, restricts American firms from selling technology to company",2019-05-15,"Philadelphia Semiconductor Index down 3.7%, QCOM down 4%, INTC down 2.5%",High,regulatory,2019-05-H1,2019-05-15,confirmed,1006
Apple reports Q2 earnings beat but warns on trade war uncertainty,2019-05-01,"AAPL up 5% after-hours, SPX futures up 0.4%",Moderate,mega_cap_earnings,2019-05-H1,2019-05-01,confirmed,1007
US and China trade talks in Washington end without deal,2019-05-10,"SPX down 2.2% on the week, VIX spiked to 23",High,geopolitical_diplomatic,2019-05-H1,2019-05-10,confirmed,1008
"Fed holds rates steady, Powell dismisses case for near-term cut",2019-05-01,"SPX down 0.7%, 2-year Treasury yield fell slightly",Moderate,monetary_policy,2019-05-H1,2019-05-01,confirmed,1009
"US unemployment rate falls to 3.6%, lowest since 1969",2019-05-03,"SPX up 0.96%, bond yields rose modestly",Moderate,fiscal_policy,2019-05-H1,2019-05-03,confirmed,1010
Lyft shares fall below IPO price as lock-up concerns and losses weigh,2019-05-07,"LYFT down 5% on the day, below $72 IPO price",Low,mega_cap_corporate,2019-05-H1,2019-05-07,confirmed,1011
Iran says it will suspend parts of 2015 nuclear deal commitments,2019-05-08,"Oil up 0.8%, gold up 0.3%, SPX down 0.2%",Low,geopolitical_diplomatic,2019-05-H1,2019-05-08,confirmed,1012
US sends USS Abraham Lincoln carrier group to Middle East amid Iran tensions,2019-05-05,"Oil up 1.2%, defense stocks edged higher, SPX flat",Low,geopolitical_military,2019-05-H1,2019-05-05,confirmed,1013
"Uber prices IPO at $45 per share, raising $8.1B in largest US IPO since Alibaba",2019-05-09,"UBER opened at $42, closed down 7.6% on first trading day",Moderate,mega_cap_corporate,2019-05-H1,2019-05-09,confirmed,1014
China's yuan falls toward 7 per dollar as trade war intensifies,2019-05-13,"CNY weakened to 6.88, EM currencies sold off broadly",Moderate,trade_policy,2019-05-H1,2019-05-13,confirmed,1015
"Argentina holds emergency rate meeting, raises rates to 74% to defend peso",2019-05-09,"ARS fell 2%, Argentine stocks down 4%",Low,monetary_policy,2019-05-H1,2019-05-09,unverified,1016
"China GDP growth slows to 6.6% in 2018, weakest in 28 years",2019-01-21,"Shanghai Composite down 0.3%, copper fell 0.5%",Low,fiscal_policy,2019-01-H2,2019-01-21,confirmed,1017
UK Parliament rejects Theresa May Brexit deal by historic 230-vote margin,2019-01-15,"GBP fell 1.5% then recovered, FTSE up 0.9%",Moderate,election_political,2019-01-H2,2019-01-15,confirmed,1018
May government survives no-confidence vote by 325 to 306,2019-01-16,"GBP up 0.5%, FTSE flat",Low,election_political,2019-01-H2,2019-01-16,confirmed,1019
Ethiopian Airlines Boeing 737 MAX 8 crashes minutes after takeoff killing all 157 aboard,2019-03-10,"BA down 5.3% over two days, aviation stocks fell",High,natural_disaster,2019-03-H1,2019-03-10,confirmed,920
US-China trade talks resume in Washington with delegation led by Liu He,2019-03-01,"SPX up 0.7%, CSI 300 up 1.2%",Moderate,trade_policy,2019-03-H1,2019-03-01,confirmed,921
Trump extends trade truce deadline with China past March 1 as talks progress,2019-02-24,"SPX up 0.6% Monday, Dow surged 180 points",Moderate,trade_policy,2019-03-H1,2019-02-24,confirmed,922
"ECB cuts 2019 eurozone growth forecast to 1.1% from 1.7%, announces new TLTRO loans",2019-03-07,"EUR/USD down 0.6%, European bank stocks fell 1.5%",Moderate,monetary_policy,2019-03-H1,2019-03-07,confirmed,923
UK Parliament rejects Theresa May's Brexit deal for second time by 149 votes,2019-03-12,"GBP down 0.5%, FTSE 100 down 0.3%",Low,election_political,2019-03-H1,2019-03-12,confirmed,924
UK Parliament votes to reject no-deal Brexit under any circumstances,2019-03-13,"GBP up 0.8%, FTSE 100 flat",Low,election_political,2019-03-H1,2019-03-13,confirmed,925
"US payrolls add only 20,000 jobs in February, far below 180,000 forecast",2019-03-08,"SPX down 0.2%, 10-year yield fell 5bp to 2.63%",Low,fiscal_policy,2019-03-H1,2019-03-08,confirmed,926
"China reports February exports fell 20.7% year-on-year, imports down 5.2%",2019-03-08,"CSI 300 down 1.3%, AUD/USD down 0.4%",Moderate,trade_policy,2019-03-H1,2019-03-08,confirmed,927
India and Pakistan exchange airstrikes in Kashmir escalating military standoff,2019-02-27,"Indian rupee down 0.4%, Sensex down 0.3%",Low,geopolitical_military,2019-03-H1,2019-02-27,confirmed,928
Venezuela power grid suffers massive blackout leaving most of country without electricity,2019-03-07,"Oil up 0.5%, Venezuela sovereign bonds fell marginally",Low,supply_disruption,2019-03-H1,2019-03-07,confirmed,929
Trump-Kim summit in Hanoi collapses with no deal on North Korea denuclearization,2019-02-28,"SPX down 0.3%, markets largely shrugged off breakdown",Low,geopolitical_diplomatic,2019-03-H1,2019-02-28,confirmed,930
FAA becomes last regulator to ground Boeing 737 MAX after pressure from White House,2019-03-13,"BA down 2.8% on the day, total loss from crash exceeded 10%",Moderate,regulatory,2019-03-H1,2019-03-13,confirmed,931
US-China trade talks resume in Washington with progress reported,2019-04-03,"SPX up 0.2%, optimism muted after prior rally",Low,geopolitical_diplomatic,2019-04-H1,2019-04-03,confirmed,932
"Fed releases March FOMC minutes, confirms patient rate stance",2019-04-10,"SPX up 0.4%, 10-year yield flat at 2.50%",Low,monetary_policy,2019-04-H1,2019-04-10,confirmed,933
"ECB holds rates steady, Draghi signals accommodation into 2020",2019-04-10,"EUR/USD down 0.3%, European equities flat",Low,monetary_policy,2019-04-H1,2019-04-10,confirmed,934
"IMF cuts 2019 global growth forecast to 3.3%, weakest since 2009",2019-04-09,"SPX down 0.6%, cyclical sectors sold off",Moderate,fiscal_policy,2019-04-H1,2019-04-09,confirmed,935
"EU grants UK Brexit extension to October 31, 2019",2019-04-11,"GBP up 0.4%, FTSE 100 up 0.3%",Low,geopolitical_diplomatic,2019-04-H1,2019-04-10,date_corrected,936
Boeing faces new scrutiny as FAA audit finds 737 MAX software flaws,2019-04-05,"BA down 2.3%, Dow lagged SPX",Moderate,mega_cap_corporate,2019-04-H1,2019-04-05,unverified,937
US threatens $11B in tariffs on EU goods over Airbus subsidies,2019-04-08,"EUR/USD down 0.4%, European aerospace stocks fell 1-2%",Moderate,trade_policy,2019-04-H1,2019-04-08,confirmed,938
Libya fighting escalates as Haftar forces advance on Tripoli,2019-04-04,"WTI oil up 1.2%, SPX flat",Low,geopolitical_military,2019-04-H1,2019-04-04,confirmed,939
US-China trade talks resume in Washington with high-level delegations,2019-02-11,"SPX up 1.3%, optimism lifted risk assets",Moderate,trade_policy,2019-02-H1,2019-02-11,confirmed,960
Trump signals willingness to extend March 1 trade truce deadline with China,2019-02-24,"SPX up 0.7%, futures rallied on headline",Moderate,trade_policy,2019-02-H1,2019-02-08,date_corrected,961
"US retail sales drop 1.2% in December, worst decline in nine years",2019-02-14,"SPX down 0.4%, dollar weakened",Low,fiscal_policy,2019-02-H1,2019-02-14,confirmed,962
Trump declares national emergency to fund border wall after Congress limits spending,2019-02-15,"SPX up 0.6%, markets largely ignored declaration",Low,election_political,2019-02-H1,2019-02-15,confirmed,963
Trump signs $333 billion spending bill averting second government shutdown,2019-02-15,"SPX up 0.6%, market reaction muted",Low,fiscal_policy,2019-02-H1,2019-02-15,confirmed,964
Lyft files confidential IPO paperwork with SEC ahead of anticipated listing,2019-02-12,Uber and Lyft private valuations watched; broader tech flat,Low,mega_cap_corporate,2019-02-H1,2019-02-12,confirmed,965
"Cisco reports Q2 earnings beat, raises full-year revenue guidance",2019-02-13,"CSCO up 5.3% next day, Nasdaq up 0.4%",Moderate,mega_cap_earnings,2019-02-H1,2019-02-13,confirmed,966
Twitter reports Q4 earnings beat with daily active user growth acceleration,2019-02-07,TWTR up 9.3% on the day,Moderate,mega_cap_earnings,2019-02-H1,2019-02-07,confirmed,967
EU cuts 2019 eurozone GDP growth forecast to 1.3% from 1.9%,2019-02-07,"EUR/USD slipped 0.3%, European equities fell 0.5%",Low,fiscal_policy,2019-02-H1,2019-02-07,confirmed,968
"Germany reports zero GDP growth in Q4 2018, narrowly avoids technical recession",2019-02-14,"DAX down 0.3%, EUR/USD dipped briefly",Low,fiscal_policy,2019-02-H1,2019-02-14,confirmed,969
Venezuela opposition leader Guaido calls for military support as Maduro blocks aid,2019-02-11,"Oil up 0.8%, Venezuelan bonds barely moved",Low,geopolitical_military,2019-02-H1,2019-02-11,unverified,970
India and Pakistan tensions escalate after Kashmir militant attack kills 40 soldiers,2019-02-14,"Indian rupee down 0.5%, Sensex down 0.6%",Low,geopolitical_military,2019-02-H1,2019-02-14,confirmed,971
"Fed's Powell reaffirms patient stance on rates in interview, no hikes imminent",2019-02-04,"SPX up 0.7%, 10-year yield fell 3bp",Moderate,monetary_policy,2019-02-H1,2019-02-04,confirmed,972
US-North Korea second summit announced for February 27-28 in Hanoi,2019-02-05,"Markets flat, geopolitical risk premium unchanged",Low,geopolitical_diplomatic,2019-02-H1,2019-02-05,confirmed,973
"Netflix Q1 earnings miss subscriber growth targets, shares drop",2019-04-16,NFLX down 8% after-hours,Moderate,mega_cap_earnings,2019-04-H2,2019-04-16,unverified,974
Bank of America Q1 earnings beat estimates on strong consumer banking,2019-04-16,"BAC up 2.3%, financials sector up 0.5%",Low,mega_cap_earnings,2019-04-H2,2019-04-16,confirmed,975
"China Q1 GDP grows 6.4%, beating expectations amid trade war",2019-04-17,"Shanghai Composite up 2.4%, copper up 1.2%",Moderate,fiscal_policy,2019-04-H2,2019-04-17,confirmed,976
"Mueller report released publicly, no collusion found against Trump",2019-04-18,"SPX up 0.1%, political uncertainty eased",Low,election_political,2019-04-H2,2019-04-18,confirmed,977
Twitter Q1 earnings beat on revenue and daily active user growth,2019-04-23,TWTR up 15.6% on the day,Moderate,mega_cap_earnings,2019-04-H2,2019-04-23,confirmed,978
"Alphabet Q1 earnings miss revenue estimates, advertising growth slows",2019-04-29,GOOGL down 7.5% after-hours,High,mega_cap_earnings,2019-04-H2,2019-04-29,confirmed,979
"Facebook Q1 earnings beat, raises 2019 expense guidance",2019-04-24,FB up 5.6% next day,Moderate,mega_cap_earnings,2019-04-H2,2019-04-24,confirmed,980
"US initial jobless claims fall to 49-year low of 193,000",2019-04-18,"SPX up 0.5%, dollar index firmed slightly",Low,fiscal_policy,2019-04-H2,2019-04-18,confirmed,981
Boeing faces fresh scrutiny as FAA reveals it knew of 737 MAX sensor flaw,2019-04-22,"BA down 1.1%, Dow lagged SPX",Low,mega_cap_corporate,2019-04-H2,2019-04-22,confirmed,982
"US imposes new sanctions on Iran, ends oil import waivers for all countries",2019-04-22,"WTI up 2.9%, Brent above $74",High,geopolitical_diplomatic,2019-04-H2,2019-04-22,confirmed,983
Amazon Q1 earnings smash estimates with record $3.6B profit,2019-04-25,"AMZN up 2.4%, Nasdaq up 0.3%",Moderate,mega_cap_earnings,2019-04-H2,2019-04-25,confirmed,984
"Microsoft Q3 earnings beat across all segments, cloud revenue surges",2019-04-24,"MSFT up 3.3%, briefly surpassed $1T market cap",Moderate,mega_cap_earnings,2019-04-H2,2019-04-24,confirmed,985
"US Q1 GDP growth comes in at 3.2%, well above 2.3% consensus estimate",2019-04-26,"SPX up 0.5%, dollar index up 0.3%",Moderate,fiscal_policy,2019-04-H2,2019-04-26,confirmed,986
Sudan military ousts President Omar al-Bashir after 30 years in power,2019-04-11,"Frontier markets barely moved, oil steady",Low,geopolitical_military,2019-04-H2,2019-04-11,confirmed,987
Exxon Mobil Q1 earnings miss as refining margins disappoint,2019-04-26,"XOM down 2.5%, energy sector lagged",Low,mega_cap_earnings,2019-04-H2,2019-04-26,confirmed,988
"Trump delays March 1 tariff hike on Chinese goods, cites trade progress",2019-02-24,"SPX up 0.6%, Dow up 180 points, trade-sensitive stocks rallied",Moderate,trade_policy,2019-02-H2,2019-02-24,confirmed,989
US-China trade talks in Washington conclude with no final deal signed,2019-02-22,"SPX flat, markets had largely priced in extension",Low,trade_policy,2019-02-H2,2019-02-22,confirmed,990
Fed Chair Powell tells Senate committee Fed will be patient on rate moves,2019-02-26,"SPX up 0.1%, 10-year yield dipped slightly",Low,monetary_policy,2019-02-H2,2019-02-26,confirmed,991
Powell reiterates balance sheet runoff could end sooner than expected,2019-02-27,"SPX up 0.3%, bond yields fell 2bp",Low,monetary_policy,2019-02-H2,2019-02-27,confirmed,992
"Trump and Kim Jong Un meet for second summit in Hanoi, Vietnam",2019-02-27,"SPX barely moved, markets indifferent to geopolitical event",Low,geopolitical_diplomatic,2019-02-H2,2019-02-27,confirmed,993
"Hanoi summit collapses, Trump walks away from Kim with no deal",2019-02-28,"SPX down 0.3%, minimal reaction",Low,geopolitical_diplomatic,2019-02-H2,2019-02-28,confirmed,994
"Michael Cohen testifies before Congress, attacks Trump in public hearing",2019-02-27,"SPX unmoved, markets ignored political drama",Low,election_political,2019-02-H2,2019-02-27,confirmed,995
"India and Pakistan exchange airstrikes over Kashmir, raising war fears",2019-02-26,"Indian rupee fell 0.5%, Sensex down 0.3%, global markets calm",Low,geopolitical_military,2019-02-H2,2019-02-26,confirmed,996
"Pakistan shoots down Indian warplane, pilot captured amid Kashmir crisis",2019-02-27,"Indian markets down 0.6%, oil up 0.5% on regional risk",Moderate,geopolitical_military,2019-02-H2,2019-02-27,confirmed,997
"Walmart reports Q4 earnings beat, US comparable sales up 4.2%",2019-02-19,"WMT up 2.2%, retail sector outperformed",Moderate,mega_cap_earnings,2019-02-H2,2019-02-19,confirmed,998
Home Depot Q4 earnings miss estimates on higher costs and weak guidance,2019-02-26,"HD down 2.2%, dragged Dow lower",Moderate,mega_cap_earnings,2019-02-H2,2019-02-26,confirmed,999
"US adds Huawei to export blacklist consideration, talks continue",2019-04-07,Philadelphia Semiconductor Index down 0.8%,Low,trade_policy,2019-04-H1,2019-04-07,unverified,940
"JPMorgan Q1 2019 earnings beat estimates, revenue hits record $29.9B",2019-04-12,"JPM up 4.7%, KBW Bank Index up 2.1%",Moderate,mega_cap_earnings,2019-04-H1,2019-04-12,confirmed,941
Wells Fargo Q1 2019 earnings miss on net interest income decline,2019-04-12,"WFC down 2.9%, weighed on bank sector",Moderate,mega_cap_earnings,2019-04-H1,2019-04-12,confirmed,942
"US March CPI rises 1.9% year-over-year, core at 2.0%",2019-04-10,"Treasuries little changed, SPX up 0.1%",Low,monetary_policy,2019-04-H1,2019-04-10,confirmed,943
Sudan President Omar al-Bashir ousted in military coup,2019-04-11,"Gold up 0.3%, broader markets unaffected",Low,geopolitical_military,2019-04-H1,2019-04-11,confirmed,944
"SPX closes above 2,900 for first time since October 2018 selloff",2019-04-15,"SPX up 0.1%, reclaimed 2,900 level",Low,election_political,2019-04-H1,2019-04-15,confirmed,945
Apple warns Q1 revenue will miss guidance on weak China iPhone demand,2019-01-02,"AAPL down 10%, SPX down 2.5%",High,mega_cap_earnings,2019-01-H1,2019-01-02,confirmed,946
"China Caixin manufacturing PMI falls to 49.7, contraction territory",2019-01-02,"Shanghai Composite down 1.4%, copper fell 1%",Moderate,fiscal_policy,2019-01-H1,2019-01-02,confirmed,947
"Fed Chair Powell signals patience on rate hikes, open to adjusting balance sheet",2019-01-04,"SPX up 3.4%, best day since 2018 Christmas rally",High,monetary_policy,2019-01-H1,2019-01-04,confirmed,948
"US December jobs report shows 312,000 payrolls added, beats expectations",2019-01-04,SPX up 3.4% on the day alongside Powell comments,Moderate,fiscal_policy,2019-01-H1,2019-01-04,confirmed,949
US and China trade negotiators hold deputy-level talks in Beijing,2019-01-07,"SPX up 0.7%, optimism on trade truce",Low,trade_policy,2019-01-H1,2019-01-07,confirmed,950
China announces RRR cut of 100bp to inject liquidity into economy,2019-01-04,"Shanghai Composite up 2.1%, yuan strengthened",Moderate,monetary_policy,2019-01-H1,2019-01-04,confirmed,951
US government partial shutdown extends past two-week mark with no deal,2019-01-07,"SPX largely flat, markets shrugged off shutdown risk",Low,fiscal_policy,2019-01-H1,2019-01-07,confirmed,952
Trump and Xi trade teams hold face-to-face talks in Beijing for three days,2019-01-07,"SPX up 1.7% over two sessions, risk-on tone",Moderate,trade_policy,2019-01-H1,2019-01-07,confirmed,953
UK Parliament begins five-day debate on Theresa May Brexit withdrawal deal,2019-01-09,"GBP/USD flat near 1.274, outcome uncertain",Low,geopolitical_diplomatic,2019-01-H1,2019-01-09,confirmed,954
Samsung warns Q4 operating profit to fall 29% on chip price weakness,2019-01-08,"Samsung KS down 2.4%, memory chip stocks fell globally",Moderate,mega_cap_earnings,2019-01-H1,2019-01-08,confirmed,955
"White House says Trump and Xi spoke by phone, trade talks progressing",2019-01-11,"SPX up 0.5%, modest risk-on reaction",Low,trade_policy,2019-01-H1,2019-01-11,unverified,956
"US December CPI flat month-on-month, annual rate falls to 1.9%",2019-01-11,"SPX up 0.5%, reinforces Fed patience narrative",Low,monetary_policy,2019-01-H1,2019-01-11,confirmed,957
UK Parliament votes to reject Theresa May's Brexit deal by 230 votes,2019-01-15,"GBP fell 0.8% initially then recovered, FTSE up 0.9%",Low,election_political,2019-01-H1,2019-01-15,confirmed,958
JPMorgan and Wells Fargo Q4 earnings beat estimates on trading revenue,2019-01-15,"JPM up 0.7%, WFC up 0.5%, financials sector up 1%",Low,mega_cap_earnings,2019-01-H1,2019-01-15,confirmed,959
US 2-year and 10-year Treasury yield curve inverts for first time since 2007,2019-08-14,"SPX down 2.9%, VIX spiked to 22",High,credit_event,2019-08-H2,2019-08-14,confirmed,1080
Trump delays 10% tariffs on consumer electronics from China to December 15,2019-08-13,"SPX up 1.5%, retail stocks rallied 2-3%",Moderate,trade_policy,2019-08-H2,2019-08-13,confirmed,1081
Argentina peso crashes 15% after Macri loses primary election badly,2019-08-12,"ARS down 15%, Merval index down 38%, EM currencies sold off",High,election_political,2019-08-H2,2019-08-12,confirmed,1082
Hong Kong airport cancels all flights as protesters occupy terminals,2019-08-12,"Hang Seng down 2.1%, HKD pressured",Moderate,geopolitical_military,2019-08-H2,2019-08-12,confirmed,1083
Cisco reports strong Q4 earnings but issues weak forward guidance on China,2019-08-14,CSCO down 8.6% next day,Moderate,mega_cap_earnings,2019-08-H2,2019-08-14,confirmed,1084
Italy PM Conte resigns as coalition government collapses,2019-08-20,"Italian BTPs rallied, spread vs Bunds tightened 20bp",Low,election_political,2019-08-H2,2019-08-20,confirmed,1085
Trump says he is the chosen one to take on China in trade war,2019-08-21,"SPX up 0.6%, markets largely shrugged off rhetoric",Low,trade_policy,2019-08-H2,2019-08-21,confirmed,1086
"US and China agree to partial trade deal, pause tariff escalation",2019-10-11,"SPX up 1.1%, offshore yuan strengthened 0.8%",High,trade_policy,2019-10-H1,2019-10-11,confirmed,1087
Trump announces US troops to withdraw from northern Syria ahead of Turkish offensive,2019-10-07,"SPX down 0.3%, Turkish lira fell 1.2%",Low,geopolitical_military,2019-10-H1,2019-10-07,confirmed,1088
Turkey launches Operation Peace Spring military offensive into northern Syria,2019-10-09,"SPX down 0.1%, oil up 1.4%, TRY fell 2%",Low,geopolitical_military,2019-10-H1,2019-10-09,confirmed,1089
FOMC minutes signal Fed open to further rate cuts if outlook deteriorates,2019-10-09,"SPX up 0.6%, 2-year Treasury yield fell 4bp",Moderate,monetary_policy,2019-10-H1,2019-10-09,confirmed,1090
US blacklists 28 Chinese entities including Hikvision over Xinjiang surveillance,2019-10-07,"Hikvision down 10% in Shenzhen, KWEB down 1.5%",Moderate,trade_policy,2019-10-H1,2019-10-07,confirmed,1091
"JPMorgan Chase reports Q3 EPS of $2.68, beats estimates on strong consumer banking",2019-10-15,"JPM up 3.0%, KBE bank ETF up 1.8%",Moderate,mega_cap_earnings,2019-10-H1,2019-10-15,confirmed,1092
UK and EU restart Brexit negotiations after Johnson submits revised withdrawal proposal,2019-10-02,"GBP up 1.5%, FTSE 100 down 0.4%",Moderate,geopolitical_diplomatic,2019-10-H1,2019-10-02,confirmed,1093
"US ISM manufacturing PMI falls to 47.8 in September, weakest since 2009",2019-10-01,"SPX down 1.2%, 10-year Treasury yield fell 8bp",High,fiscal_policy,2019-10-H1,2019-10-01,confirmed,1094
US imposes $7.5B in tariffs on EU goods after WTO rules on Airbus subsidies,2019-10-02,"Euro fell 0.4%, European aerospace stocks down 1-2%",Low,trade_policy,2019-10-H1,2019-10-02,confirmed,1095
WeWork withdraws IPO filing as SoftBank considers bailout package,2019-09-30,SoftBank Tokyo shares down 2.5%,Low,mega_cap_corporate,2019-10-H1,2019-10-01,date_corrected,1096
"US non-farm payrolls rise 136K in September, unemployment hits 50-year low of 3.5%",2019-10-04,"SPX up 1.4%, 10-year yield rose 6bp, rate cut odds fell",Moderate,fiscal_policy,2019-10-H1,2019-10-04,confirmed,1097
ECB publishes minutes showing broad support for September stimulus package restart,2019-10-10,"EUR/USD fell 0.3%, European equities up 0.5%",Low,monetary_policy,2019-10-H1,2019-10-10,confirmed,1098
Drone attack on Saudi Aramco knocks out 5% of global oil supply,2019-09-14,"WTI oil up 15% at Monday open, Brent up 14.6%",High,energy_opec,2019-09-H1,2019-09-14,confirmed,1099
Theresa May announces resignation as UK Prime Minister over Brexit failure,2019-05-24,"GBP down 0.5%, FTSE 100 down 0.3%",Low,election_political,2019-05-H2,2019-05-24,confirmed,1040
India's Modi wins landslide re-election victory securing BJP majority,2019-05-23,"Sensex up 3.7%, Indian rupee strengthened 1.2%",Moderate,election_political,2019-05-H2,2019-05-23,confirmed,1041
EU parliamentary elections see populist and green parties gain seats,2019-05-26,"Euro flat, European equities little changed Monday",Low,election_political,2019-05-H2,2019-05-26,confirmed,1042
Trump threatens 5% tariff on all Mexican imports over border migration,2019-05-30,"SPX down 1.3%, MXN down 2.8%, auto stocks fell 3-4%",High,trade_policy,2019-05-H2,2019-05-30,confirmed,1043
WTI crude oil falls below $57 on global growth demand concerns,2019-05-28,"WTI down 5.3% on the week, energy sector down 2.1%",Moderate,energy_opec,2019-05-H2,2019-05-28,confirmed,1044
"Salesforce reports strong Q1 earnings, raises full-year revenue guidance",2019-05-29,CRM up 4.2% after hours,Low,mega_cap_earnings,2019-05-H2,2019-05-29,confirmed,1045
Fed Chair Powell signals rate cut likely at July meeting,2019-07-10,"SPX hit all-time high above 3000, up 0.45%",Moderate,monetary_policy,2019-07-H1,2019-07-10,confirmed,1046
US and China agree to resume trade talks after G20 truce,2019-06-29,"SPX up 0.8%, hitting new record highs",Moderate,trade_policy,2019-07-H1,2019-07-01,date_corrected,1047
JPMorgan Chase Q2 earnings beat estimates with record revenue,2019-07-16,"JPM up 1.2%, financials sector up 0.5%",Low,mega_cap_earnings,2019-07-H1,2019-07-15,date_corrected,1048
Iran seizes British oil tanker Stena Impero in Strait of Hormuz,2019-07-19,"Oil up 1.5%, GBP down 0.3%",Low,geopolitical_military,2019-07-H1,2019-07-19,confirmed,1049
"US June jobs report shows 224,000 payrolls added, beats forecasts",2019-07-05,SPX fell 0.2% as strong data reduced rate cut expectations,Low,monetary_policy,2019-07-H1,2019-07-05,confirmed,1050
ECB's Draghi signals fresh stimulus possible as eurozone inflation weak,2019-06-18,"EUR/USD down 0.5%, European stocks up 1%",Moderate,monetary_policy,2019-07-H1,2019-07-02,date_corrected,1051
SPX crosses 3000 for first time in history intraday,2019-07-10,"SPX closed above 3000 for first time, up 0.23%",Low,mega_cap_corporate,2019-07-H1,2019-07-11,date_corrected,1052
Wells Fargo Q2 earnings miss on net interest income decline,2019-07-16,"WFC down 2.9%, dragged bank stocks lower",Moderate,mega_cap_earnings,2019-07-H1,2019-07-15,date_corrected,1053
US Treasury 10-year yield falls below 2.05% on global growth fears,2019-07-03,"10-year yield at 1.95%, lowest since November 2016",Moderate,monetary_policy,2019-07-H1,2019-07-03,unverified,1054
Facebook announces Libra cryptocurrency project faces congressional scrutiny,2019-06-18,"FB down 1.3%, crypto-related stocks volatile",Low,regulatory,2019-07-H1,2019-07-02,date_corrected,1055
US imposes 10% tariff on remaining $300B Chinese goods starting September 1,2019-08-01,"SPX down 0.9%, VIX up 3 pts, yuan weakened",High,trade_policy,2019-08-H1,2019-08-01,confirmed,1056
China lets yuan break 7 per dollar for first time since 2008,2019-08-05,"SPX down 2.98%, VIX spiked to 24, CNY hit 7.05",High,monetary_policy,2019-08-H1,2019-08-05,confirmed,1057
US Treasury officially labels China a currency manipulator,2019-08-05,"DXY up 0.4%, EM currencies sold off broadly",Moderate,geopolitical_diplomatic,2019-08-H1,2019-08-05,confirmed,1058
China halts purchases of US agricultural products in trade retaliation,2019-08-06,"Soybean futures down 1.5%, SPX down 0.3%",Moderate,trade_policy,2019-08-H1,2019-08-06,confirmed,1059
Reserve Bank of India cuts benchmark rate by 35bp to 5.4%,2019-08-07,"Indian rupee and Sensex little changed, move largely expected",Low,monetary_policy,2019-08-H1,2019-08-07,confirmed,1060
US-China trade talks confirmed to resume in September in Washington,2019-08-08,"SPX up 1.5%, risk assets rallied on trade optimism",Moderate,trade_policy,2019-08-H1,2019-08-08,confirmed,1061
Argentina peso crashes 15% after Macri loses primary election to Fernandez,2019-08-12,"ARS down 15%, Merval index down 38% in dollar terms",High,election_political,2019-08-H1,2019-08-12,confirmed,1062
"US 2-year Treasury yield briefly exceeds 10-year yield, inverting curve",2019-08-14,"SPX down 2.9%, VIX spiked to 22, 30-year yield hit record low",High,credit_event,2019-08-H1,2019-08-14,confirmed,1063
Trump delays tariffs on Chinese consumer goods including phones and laptops to December 15,2019-08-13,"SPX up 1.5%, tech stocks rallied, AAPL up 4%",Moderate,trade_policy,2019-08-H1,2019-08-13,confirmed,1064
"Hong Kong protesters shut down airport, flights cancelled for second day",2019-08-13,"Hang Seng down 0.5%, Cathay Pacific down 3%",Low,geopolitical_military,2019-08-H1,2019-08-13,confirmed,1065
"Fed signals rate cut likely at July meeting, Powell cites global risks",2019-07-10,"SPX up 0.5%, 10-year yield fell to 2.04%",Moderate,monetary_policy,2019-07-H2,2019-07-16,date_corrected,1066
"Netflix Q2 subscriber growth misses badly, adds 2.7M vs 5M expected",2019-07-17,NFLX down 10.3% after hours,High,mega_cap_earnings,2019-07-H2,2019-07-17,confirmed,1067
US and China resume trade talks after G20 truce but little progress reported,2019-07-19,"SPX down 0.6%, trade-sensitive stocks fell",Low,trade_policy,2019-07-H2,2019-07-19,unverified,1068
Iran seizes British-flagged tanker Stena Impero in Strait of Hormuz,2019-07-19,"Oil up 1.5%, GBP down 0.3%",Moderate,geopolitical_military,2019-07-H2,2019-07-19,confirmed,1069
ECB holds rates but signals September cut and QE restart are on table,2019-07-25,"EUR/USD down 0.4%, European equities up 0.5%",Low,monetary_policy,2019-07-H2,2019-07-25,confirmed,1070
"Facebook reports Q2 earnings, revenue beats despite $5B FTC fine charge",2019-07-24,FB up 1.8% after hours,Low,mega_cap_earnings,2019-07-H2,2019-07-24,confirmed,1071
"Alphabet Q2 earnings beat estimates, revenue up 19% year-over-year",2019-07-25,GOOGL up 9.6% the following day,High,mega_cap_earnings,2019-07-H2,2019-07-25,confirmed,1072
"US GDP growth slows to 2.1% in Q2 2019, beating 1.8% consensus estimate",2019-07-26,"SPX up 0.7%, dollar strengthened slightly",Moderate,fiscal_policy,2019-07-H2,2019-07-26,confirmed,1073
Boris Johnson becomes UK Prime Minister pledging Brexit by October 31,2019-07-24,GBP fell to two-year low near 1.2380,Moderate,election_political,2019-07-H2,2019-07-24,confirmed,1074
Fed cuts interest rates by 25bp for first time since 2008 financial crisis,2019-07-31,"SPX down 1.1%, DXY up 0.5% as Powell signals no rate-cut cycle",High,monetary_policy,2019-07-H2,2019-07-31,confirmed,1075
China announces retaliatory tariffs on $75B of US goods,2019-08-23,"SPX down 2.6%, VIX spiked to 24",High,trade_policy,2019-08-H2,2019-08-23,confirmed,1076
Trump tweets order for US companies to find alternative to China,2019-08-23,"SPX fell additional 1% intraday, Dow down 623 points on day",High,trade_policy,2019-08-H2,2019-08-23,confirmed,1077
Fed Chair Powell signals cautious easing path in Jackson Hole speech,2019-08-23,"SPX down 2.6% on day, markets wanted stronger dovish signal",Moderate,monetary_policy,2019-08-H2,2019-08-23,confirmed,1078
"Germany reports Q2 GDP contraction of 0.1%, raising recession fears",2019-08-14,"DAX down 2.2%, SPX down 0.7%",Moderate,fiscal_policy,2019-08-H2,2019-08-14,confirmed,1079
US government shutdown becomes longest in history at 22 days,2019-01-12,"SPX down 0.1%, markets largely shrug off milestone",Low,fiscal_policy,2019-01-H2,2019-01-12,confirmed,1020
"Netflix Q4 earnings beat on subscriber growth, adds 8.8M subscribers",2019-01-17,NFLX up 6.5% after hours,Moderate,mega_cap_earnings,2019-01-H2,2019-01-17,confirmed,1021
"ECB holds rates, Draghi warns of slowdown in euro area growth",2019-01-24,"EUR down 0.4%, European equities flat",Low,monetary_policy,2019-01-H2,2019-01-24,confirmed,1022
US and China hold trade talks in Washington as tariff truce continues,2019-01-22,"SPX up 0.2%, positive sentiment on trade progress",Low,trade_policy,2019-01-H2,2019-01-22,confirmed,1023
IMF cuts 2019 global growth forecast to 3.5% citing trade tensions,2019-01-21,"SPX down 0.1%, DAX down 0.3%",Low,geopolitical_diplomatic,2019-01-H2,2019-01-21,confirmed,1024
"Venezuela opposition leader Guaido declares himself president, US recognizes him",2019-01-23,"Oil up 1.5%, Venezuelan bonds volatile",Moderate,geopolitical_political,2019-01-H2,2019-01-23,confirmed,1025
Trump signs bill to reopen government for three weeks without wall funding,2019-01-25,"SPX up 0.1%, DXY flat, shutdown ends after 35 days",Low,fiscal_policy,2019-01-H2,2019-01-25,confirmed,1026
Apple supplier Skyworks cuts revenue outlook on weak iPhone demand,2019-01-17,"SWKS down 8%, AAPL down 1.2%, semiconductor index down 2%",Moderate,mega_cap_corporate,2019-01-H2,2019-01-17,confirmed,1027
"Caterpillar Q4 earnings miss, warns of headwinds from China slowdown",2019-01-28,"CAT down 9.1%, SPX down 0.8% on opening",High,mega_cap_earnings,2019-01-H2,2019-01-28,confirmed,1028
Nvidia cuts Q4 revenue guidance citing weak China gaming demand,2019-01-28,"NVDA down 14%, SOX semiconductor index down 4%",High,mega_cap_earnings,2019-01-H2,2019-01-28,confirmed,1029
US charges Huawei with bank fraud and theft of trade secrets,2019-01-28,"SPX down 0.1%, telecom and chip stocks slightly lower",Low,regulatory,2019-01-H2,2019-01-28,confirmed,1030
Fed signals patience on rate hikes in January meeting minutes leak,2019-01-30,"SPX up 1.6%, 10-year yield fell 5bp",High,monetary_policy,2019-01-H2,2019-01-30,date_corrected,1031
Boeing 737 MAX deliveries accelerate as order book swells to record,2019-01-30,"BA up 6.3%, SPX up 0.9% on strong earnings beat",Moderate,mega_cap_earnings,2019-01-H2,2019-01-29,date_corrected,1032
Trump signs executive order blacklisting Huawei from US suppliers,2019-05-15,"Philadelphia Semiconductor Index down 3.7%, SPX down 0.7%",High,trade_policy,2019-05-H2,2019-05-16,date_corrected,1033
US adds Huawei to Commerce Department Entity List,2019-05-16,"QCOM down 4.5%, INTC down 2.8%, AVGO down 5.3%",High,regulatory,2019-05-H2,2019-05-16,confirmed,1034
China threatens rare earth export restrictions in trade war escalation,2019-05-20,"MP Materials up 12%, rare earth miners surged",Moderate,trade_policy,2019-05-H2,2019-05-20,confirmed,1035
Google suspends Android license for Huawei cutting off software updates,2019-05-20,"GOOGL down 2.1%, Huawei supply chain stocks fell sharply",Moderate,mega_cap_corporate,2019-05-H2,2019-05-20,confirmed,1036
US Commerce Department grants Huawei 90-day temporary license reprieve,2019-05-20,"Semiconductor stocks partially recovered, SOX up 1.5%",Moderate,trade_policy,2019-05-H2,2019-05-20,confirmed,1037
SPX falls into correction territory on US-China trade war fears,2019-05-23,"SPX down 1.3% on the day, down 4.6% from May highs",Moderate,trade_policy,2019-05-H2,2019-05-23,confirmed,1038
US 10-year Treasury yield drops below 2.30% on recession fears,2019-05-23,"10-year yield fell to 2.29%, lowest since October 2017",Moderate,monetary_policy,2019-05-H2,2019-05-23,confirmed,1039
"ECB cuts deposit rate by 10bp to -0.50%, restarts QE at €20B/month",2019-09-12,"EUR/USD down 0.4%, European equities up 0.7%",Moderate,monetary_policy,2019-09-H1,2019-09-12,confirmed,1100
Trump delays some China tariffs to December 15 as goodwill gesture,2019-08-13,"SPX up 0.7%, tech stocks gained 1%",Moderate,trade_policy,2019-09-H1,2019-09-11,date_corrected,1101
China exempts 16 categories of US goods from retaliatory tariffs,2019-09-11,"SPX up 0.3%, soybeans up 1.2%",Low,trade_policy,2019-09-H1,2019-09-10,date_corrected,1102
US and China confirm trade talks to resume in Washington in October,2019-09-05,"SPX up 1.3%, VIX fell to 16",Moderate,trade_policy,2019-09-H1,2019-09-05,confirmed,1103
"UK Parliament passes law blocking no-deal Brexit, defying Johnson",2019-09-04,"GBP up 0.8%, FTSE 100 down 0.4%",Low,election_political,2019-09-H1,2019-09-04,confirmed,1104
Boris Johnson loses working majority as MP Philip Lee defects to Lib Dems,2019-09-03,"GBP down 0.5%, FTSE 250 down 0.6%",Low,election_political,2019-09-H1,2019-09-03,confirmed,1105
Hong Kong Chief Executive Carrie Lam formally withdraws extradition bill,2019-09-04,"Hang Seng up 3.9%, HKD stable",Moderate,geopolitical_diplomatic,2019-09-H1,2019-09-04,confirmed,1106
"US manufacturing PMI falls to 49.1, lowest since January 2016",2019-09-03,"SPX down 0.7%, 10-year Treasury yield fell 6bp",Moderate,fiscal_policy,2019-09-H1,2019-09-03,confirmed,1107
Apple unveils iPhone 11 lineup with no 5G capability at California event,2019-09-10,"AAPL up 0.6%, muted reaction to event",Low,mega_cap_corporate,2019-09-H1,2019-09-10,confirmed,1108
Saudi Arabia's Crown Prince names new Aramco CEO ahead of planned IPO,2019-09-01,"Aramco bond yields tightened slightly, limited market impact",Low,mega_cap_corporate,2019-09-H1,2019-09-01,unverified,1109
Argentina imposes capital controls as peso hits record low against dollar,2019-09-01,"ARS fell 2%, EM currencies broadly weaker",Moderate,credit_event,2019-09-H1,2019-09-01,confirmed,1110
US imposes 15% tariffs on $112B of Chinese consumer goods as scheduled,2019-09-01,"SPX down 0.7%, yuan weakened past 7.15",Moderate,trade_policy,2019-09-H1,2019-09-01,confirmed,1111
China retaliates with new tariffs on $75B of US goods including autos,2019-09-01,"SPX fell 0.7%, VIX up 1.5 points",Moderate,trade_policy,2019-09-H1,2019-09-01,confirmed,1112
"Saudi Aramco oil facilities hit by drone and missile attack, output halved",2019-09-14,"WTI oil up 14.7% on Monday open, biggest single-day spike since 1991",High,energy_opec,2019-09-H2,2019-09-14,confirmed,1113
"Fed cuts interest rates by 25bp, second cut of 2019 cycle",2019-09-18,"SPX up 0.3%, 10-year yield fell 3bp, move largely priced in",Low,monetary_policy,2019-09-H2,2019-09-18,confirmed,1114
Fed repo market operations surge as overnight rates spike to 10%,2019-09-17,"Fed injects $53B in overnight repos, first such operation since 2008",Moderate,monetary_policy,2019-09-H2,2019-09-17,confirmed,1115
US and China announce high-level trade talks scheduled for October,2019-09-19,"SPX up 0.5%, yuan strengthened, industrial stocks rallied",Moderate,trade_policy,2019-09-H2,2019-09-19,unverified,1116
Trump confirms US withheld $400M in military aid to Ukraine before call,2019-09-23,"SPX down 0.2%, political uncertainty weighed on sentiment",Low,election_political,2019-09-H2,2019-09-23,unverified,1117
House Speaker Pelosi announces formal impeachment inquiry into Trump,2019-09-24,"SPX down 0.6%, VIX ticked up slightly, defense stocks mixed",Low,election_political,2019-09-H2,2019-09-24,confirmed,1118
UK Supreme Court rules Boris Johnson's prorogation of Parliament unlawful,2019-09-24,"GBP up 0.8%, FTSE 100 down 0.3%, Brexit uncertainty persisted",Moderate,election_political,2019-09-H2,2019-09-24,confirmed,1119
"Chewy prices IPO at $22, surges 59% on first day of trading",2019-06-14,"CHWY closed at $34.99, market cap hit $8.8B on debut",Low,mega_cap_corporate,2019-06-H1,2019-06-14,confirmed,1140
"Fed signals rate cuts possible, holds rates steady at June meeting",2019-06-19,"SPX up 0.3%, 10-year Treasury yield fell to 2.03%",High,monetary_policy,2019-06-H2,2019-06-19,confirmed,1141
"Trump and Xi agree to meet at G20, trade talks to resume",2019-06-18,"SPX up 0.97%, Dow up 353 points",High,trade_policy,2019-06-H2,2019-06-18,confirmed,1142
Iran shoots down US RQ-4 Global Hawk drone over Strait of Hormuz,2019-06-20,"Oil up 5%, gold up 1.5%, SPX down 0.1%",High,geopolitical_military,2019-06-H2,2019-06-20,confirmed,1143
Trump calls off retaliatory strikes on Iran with planes already in air,2019-06-20,"Safe-haven bids eased, oil pared gains slightly",Moderate,geopolitical_military,2019-06-H2,2019-06-20,confirmed,1144
ECB President Draghi signals additional stimulus if inflation stays weak,2019-06-18,"EUR/USD fell 0.5%, European equities rallied 1%",Moderate,monetary_policy,2019-06-H2,2019-06-18,confirmed,1145
G20 summit opens in Osaka as trade tensions dominate agenda,2019-06-28,SPX up 0.6% on optimism ahead of Trump-Xi meeting,Moderate,geopolitical_diplomatic,2019-06-H2,2019-06-28,confirmed,1146
"Trump and Xi reach trade war truce at G20, US halts new tariffs",2019-06-29,"SPX futures up 1%, Dow opened up 300 points Monday",High,trade_policy,2019-06-H2,2019-06-29,confirmed,1147
US allows Huawei to buy US components again as part of trade truce,2019-06-29,"Huawei suppliers rallied 2-5%, SOX semiconductor index up 2%",Moderate,trade_policy,2019-06-H2,2019-06-29,confirmed,1148
"Gold hits six-year high above $1,400 on dovish Fed and Iran tensions",2019-06-21,"Gold settled at $1,400, highest since 2013",Moderate,geopolitical_military,2019-06-H2,2019-06-21,confirmed,1149
Nike reports Q4 earnings beat with strong direct-to-consumer growth,2019-06-27,"NKE up 1.5% after hours, largely in line with expectations",Low,mega_cap_earnings,2019-06-H2,2019-06-27,confirmed,1150
US current account deficit widens to $130.4B in Q1 2019,2019-06-20,"DXY barely moved, market reaction minimal",Low,fiscal_policy,2019-06-H2,2019-06-20,confirmed,1151
OPEC+ meeting delayed as members wrangle over production cut extension,2019-06-28,"WTI oil little changed, traders awaited formal decision",Low,energy_opec,2019-06-H2,2019-06-28,confirmed,1152
Saudi Arabia and Russia agree to extend OPEC+ output cuts nine months,2019-07-02,"WTI up 1.5% to near $59, Brent up 1.2%",Moderate,energy_opec,2019-06-H2,2019-06-29,date_corrected,1153
"US existing home sales rise 2.5% in May, beating estimates",2019-06-21,"SPX barely moved, data seen as backward-looking",Low,fiscal_policy,2019-06-H2,2019-06-21,confirmed,1154
"Fed cuts rates 25bp for third time in 2019, signals pause",2019-10-30,"SPX up 0.3%, 2-year yield fell 3bp",Low,monetary_policy,2019-10-H2,2019-10-30,confirmed,1155
"US and China agree to partial trade truce, phase one deal framework",2019-10-11,"SPX up 1.1% on Friday, futures extended gains into week",Moderate,trade_policy,2019-10-H2,2019-10-11,confirmed,1156
Turkey invades northern Syria after Trump orders US troops withdrawn,2019-10-09,"SPX down 0.1%, oil up 1%, TRY fell 2%",Low,geopolitical_military,2019-10-H2,2019-10-09,confirmed,1157
US Senate passes bipartisan bill sanctioning Turkey over Syria incursion,2019-10-17,"TRY down 0.8%, minimal SPX reaction",Low,geopolitical_diplomatic,2019-10-H2,2019-10-17,unverified,1158
UK and EU reach new Brexit withdrawal agreement ahead of deadline,2019-10-17,"GBP up 1.5%, FTSE 250 up 1.8%",Moderate,geopolitical_diplomatic,2019-10-H2,2019-10-17,confirmed,1159
"UK Parliament votes to delay Brexit decision, forces extension request",2019-10-19,"GBP fell 0.7%, UK uncertainty persists",Moderate,election_political,2019-10-H2,2019-10-19,confirmed,1160
"Netflix Q3 subscriber growth misses estimates, adds 6.8M vs 7M expected",2019-10-16,NFLX down 6.5% after hours,Moderate,mega_cap_earnings,2019-10-H2,2019-10-16,confirmed,1161
"Amazon Q3 earnings miss profit estimates, operating income falls short",2019-10-24,"AMZN down 1.5% after hours, Nasdaq flat",Low,mega_cap_earnings,2019-10-H2,2019-10-24,confirmed,1162
"Alphabet Q3 earnings beat expectations, revenue up 20% year-over-year",2019-10-28,GOOGL up 2.7% next day,Low,mega_cap_earnings,2019-10-H2,2019-10-28,confirmed,1163
Apple Q4 earnings beat on iPhone revenue and services growth,2019-10-30,"AAPL up 2.3% next day, hit record high",Moderate,mega_cap_earnings,2019-10-H2,2019-10-30,confirmed,1164
Facebook Q3 earnings beat estimates despite regulatory scrutiny,2019-10-30,FB up 4% after hours,Moderate,mega_cap_earnings,2019-10-H2,2019-10-30,confirmed,1165
"US GDP Q3 advance estimate comes in at 1.9%, beats 1.6% forecast",2019-10-30,"SPX up 0.3%, recession fears eased",Low,fiscal_policy,2019-10-H2,2019-10-30,confirmed,1166
Chile cancels APEC summit amid violent anti-government protests,2019-10-30,"CLP fell 1%, copper down 0.5%",Low,geopolitical_military,2019-10-H2,2019-10-30,confirmed,1167
"WeWork abandons IPO plans, SoftBank leads $9.5B rescue package",2019-10-22,"SoftBank ADR down 4%, private market sentiment hit",Moderate,mega_cap_corporate,2019-10-H2,2019-10-22,confirmed,1168
Fed holds rates steady after three consecutive cuts,2019-10-30,"SPX up 0.3%, move widely expected",Low,monetary_policy,2019-11-H1,2019-10-30,date_corrected,1169
US and China signal progress toward phase one trade deal,2019-11-01,"SPX up 1.0%, hit all-time high above 3050",Moderate,trade_policy,2019-11-H1,2019-11-01,confirmed,1170
"ISM manufacturing PMI falls to 48.3, contraction deepens",2019-11-01,"SPX shrugged off data, closed up 1%",Low,fiscal_policy,2019-11-H1,2019-11-01,confirmed,1171
WeWork co-founder Adam Neumann reaches settlement with SoftBank,2019-11-05,SoftBank Tokyo shares down 2%,Low,mega_cap_corporate,2019-11-H1,2019-11-05,unverified,1172
"Uber reports Q3 loss of $1.16B, shares fall after earnings miss",2019-11-04,UBER down 7% after hours,Moderate,mega_cap_earnings,2019-11-H1,2019-11-04,confirmed,1173
Bolivia President Evo Morales resigns amid election fraud protests,2019-11-10,"Bolivian boliviano stable, EM markets unmoved",Low,election_political,2019-11-H1,2019-11-10,confirmed,1174
Disney Plus streaming service launches with 10 million subscribers on day one,2019-11-12,DIS up 7% on subscriber surprise,Moderate,mega_cap_corporate,2019-11-H1,2019-11-12,confirmed,1175
Trump says US-China trade deal needs new location after Chile cancels APEC,2019-11-06,"SPX dipped 0.2%, trade uncertainty brief",Low,trade_policy,2019-11-H1,2019-11-06,confirmed,1176
"Hong Kong protests intensify, university campuses become battlegrounds",2019-11-11,"Hang Seng down 2.6%, HSI hit 4-week low",Moderate,geopolitical_military,2019-11-H1,2019-11-11,confirmed,1177
"Fed Chair Powell testifies economy in good place, no rate cuts imminent",2019-11-13,"SPX up 0.1%, markets unmoved",Low,monetary_policy,2019-11-H1,2019-11-13,confirmed,1178
Trump threatens additional tariffs on European auto imports,2019-11-14,"Euro Stoxx auto index down 1.2%, EUR flat",Low,trade_policy,2019-11-H1,2019-11-14,confirmed,1179
Nike reports Q1 FY2020 earnings beat with 28% digital sales growth,2019-09-24,"NKE up 4.1% after hours, Dow Jones added 10 points",Low,mega_cap_earnings,2019-09-H2,2019-09-24,confirmed,1120
US consumer confidence index falls sharply to 125.1 in September,2019-09-24,"SPX down 0.3%, retail stocks underperformed",Low,fiscal_policy,2019-09-H2,2019-09-24,confirmed,1121
Saudi Arabia says oil production fully restored after drone attacks,2019-09-25,"WTI oil fell 2.5%, giving back part of post-attack premium",Moderate,energy_opec,2019-09-H2,2019-09-25,confirmed,1122
Trump releases transcript of Ukraine phone call amid impeachment pressure,2019-09-25,"SPX down 0.1%, markets largely unmoved by political development",Low,election_political,2019-09-H2,2019-09-25,confirmed,1123
US-China trade talks stall as China cancels farm visits before October round,2019-09-26,"SPX down 0.5%, agricultural commodities fell, yuan weakened slightly",Moderate,trade_policy,2019-09-H2,2019-09-26,confirmed,1124
ECB chief Draghi defends September stimulus package amid governing council splits,2019-09-19,"Euro fell 0.3%, European bank stocks down 1.2%",Low,monetary_policy,2019-09-H2,2019-09-19,confirmed,1125
WeWork IPO officially postponed indefinitely as valuation collapses,2019-09-30,"SoftBank shares down 2%, broader tech sentiment dampened",Moderate,mega_cap_corporate,2019-09-H2,2019-09-30,confirmed,1126
"Fed signals rate cut possible, Powell says will act as appropriate",2019-06-04,"SPX up 2.1%, best day since January, 10Y yield fell to 2.07%",High,monetary_policy,2019-06-H1,2019-06-04,confirmed,1127
Mexico avoids US tariffs with deal to curb migrant flows,2019-06-07,"SPX up 1.0%, MXN strengthened 2.7% vs USD",Moderate,trade_policy,2019-06-H1,2019-06-07,confirmed,1128
"US May nonfarm payrolls miss badly, only 75,000 jobs added",2019-06-07,"10Y yield fell to 2.08%, SPX up 0.5% on rate cut hopes",Moderate,fiscal_policy,2019-06-H1,2019-06-07,confirmed,1129
"Trump and Xi agree to meet at G20, trade war truce possible",2019-06-18,"SPX up 0.5%, futures rallied on headline",Low,geopolitical_diplomatic,2019-06-H1,2019-06-08,date_corrected,1130
ECB's Draghi signals new stimulus if inflation outlook does not improve,2019-06-18,"EUR down 0.4%, European equities up 1%, bund yields fell",Moderate,monetary_policy,2019-06-H1,2019-06-06,date_corrected,1131
Tanker attacks in Gulf of Oman raise fears of US-Iran conflict,2019-06-13,"Oil up 2.2%, gold up 0.5%, SPX down 0.2%",Moderate,geopolitical_military,2019-06-H1,2019-06-13,confirmed,1132
US accuses Iran of responsibility for Gulf of Oman tanker explosions,2019-06-13,"WTI crude spiked to $53.35, Strait of Hormuz risk premium priced in",Moderate,geopolitical_military,2019-06-H1,2019-06-13,confirmed,1133
Hong Kong extradition bill protests draw over one million marchers,2019-06-09,"Hang Seng down 0.7%, HKD stable on peg",Low,election_political,2019-06-H1,2019-06-09,confirmed,1134
Broadcom cuts revenue forecast by $2B citing US-China trade war impact,2019-06-06,"AVGO down 5.6%, Philadelphia Semiconductor Index down 2%",Moderate,mega_cap_earnings,2019-06-H1,2019-06-06,confirmed,1135
DOJ opens antitrust review of major US tech platforms,2019-06-03,"GOOGL down 6%, FB down 7.5%, AMZN down 4.6%",High,regulatory,2019-06-H1,2019-06-03,confirmed,1136
"India retaliates against US tariffs, raises duties on 28 American goods",2019-06-16,"INR weakened slightly, SPX impact minimal",Low,trade_policy,2019-06-H1,2019-06-05,date_corrected,1137
OPEC meeting postponed as members struggle to agree on output cuts,2019-06-03,"WTI crude fell 1.5%, uncertainty over supply policy",Low,energy_opec,2019-06-H1,2019-06-03,unverified,1138
Australia RBA cuts interest rate to record low 1.25%,2019-06-04,"AUD down 0.5%, ASX 200 up 0.5%",Low,monetary_policy,2019-06-H1,2019-06-04,confirmed,1139
"US November jobs report shows 266,000 payrolls added, unemployment 3.5%",2019-12-06,"SPX up 0.9%, 10-year yield up 8bp to 1.84%",Moderate,fiscal_policy,2019-12-H1,2019-12-06,confirmed,1200
US and China sign Phase One trade deal at White House,2020-01-15,"SPX up 0.7%, hit record high above 3,300",Moderate,trade_policy,2020-01-H2,2020-01-15,confirmed,1201
China confirms human-to-human transmission of novel coronavirus,2020-01-20,"SPX down 0.3%, gold up 0.5%",Low,pandemic_health,2020-01-H2,2020-01-20,confirmed,1202
Wuhan city of 11 million locked down as coronavirus spreads,2020-01-23,"SPX down 0.9%, oil down 2.5%, Asian markets fell 2-3%",Moderate,pandemic_health,2020-01-H2,2020-01-23,confirmed,1203
WHO declares coronavirus a public health emergency of international concern,2020-01-30,"SPX down 1.8%, VIX spiked to 18, oil down 3%",High,pandemic_health,2020-01-H2,2020-01-30,confirmed,1204
"Netflix reports Q4 2019 earnings, adds 8.8 million subscribers",2020-01-21,NFLX up 2.5% after hours,Low,mega_cap_earnings,2020-01-H2,2020-01-21,confirmed,1205
"IBM reports Q4 2019 earnings, revenue misses estimates again",2020-01-21,IBM down 4.4% after hours,Low,mega_cap_earnings,2020-01-H2,2020-01-21,confirmed,1206
"Intel reports Q4 2019 earnings, beats estimates and raises guidance",2020-01-23,INTC up 8% after hours,Moderate,mega_cap_earnings,2020-01-H2,2020-01-23,confirmed,1207
"Chinese markets reopen after Lunar New Year, Shanghai drops sharply",2020-02-03,Shanghai Composite down ~8% on reopening after extended holiday; Wuhan lockdown began Jan 23 but markets were already closed for Lunar New Year holiday,High,pandemic_health,2020-01-H2,2020-01-23,date_corrected,1208
US Senate impeachment trial of President Trump formally begins,2020-01-16,"SPX flat, markets largely indifferent to proceedings",Low,election_political,2020-01-H2,2020-01-16,confirmed,1209
"ECB holds rates steady, Lagarde launches strategic policy review",2020-01-23,"EUR/USD barely moved, SPX unaffected",Low,monetary_policy,2020-01-H2,2020-01-23,confirmed,1210
WTI crude oil falls below $54 on coronavirus demand fears,2020-01-27,"WTI down 3.2% to $53.14, energy stocks down 2%",Moderate,energy_opec,2020-01-H2,2020-01-27,confirmed,1211
"Apple reports record Q1 2020 earnings, revenue hits $91.8 billion",2020-01-28,"AAPL up 2.2% after hours, SPX futures recovered",Moderate,mega_cap_earnings,2020-01-H2,2020-01-28,confirmed,1212
"Fed holds rates steady, Powell signals no change in near-term outlook",2020-01-29,"SPX up 1.0%, brief relief rally from coronavirus selloff",Moderate,monetary_policy,2020-01-H2,2020-01-29,confirmed,1213
Boeing 737 MAX return to service delayed further into mid-2020,2020-01-21,"BA down 3.2%, Dow lagged SPX",Low,mega_cap_corporate,2020-01-H2,2020-01-21,unverified,1214
China reports cluster of mysterious pneumonia cases in Wuhan to WHO,2019-12-31,"SPX flat, markets largely ignored initial report; WHO was notified by China on Dec 31 2019, with WHO publicly reporting Jan 5 2020 and identifying novel coronavirus on Jan 9 2020",Low,pandemic_health,2020-01-H1,2020-01-09,date_corrected,1215
US and China sign Phase One trade deal after 18 months of negotiations,2020-01-15,"SPX hit record high above 3,288, up 0.7% on the week; signing ceremony was January 15, markets anticipated and reacted around that date",Moderate,trade_policy,2020-01-H1,2020-01-13,date_corrected,1216
Iran fires ballistic missiles at US military bases in Iraq,2020-01-08,"Oil fell back after initial spike, SPX recovered to close up 0.2%",Low,geopolitical_military,2020-01-H1,2020-01-08,confirmed,1217
US kills Iranian General Qasem Soleimani in Baghdad drone strike,2020-01-03,"Oil up 3%, gold up 1.5%, SPX futures fell 0.5% then recovered",Moderate,geopolitical_military,2020-01-H1,2020-01-03,confirmed,1218
WHO confirms human-to-human transmission of novel coronavirus in China,2020-01-22,"SPX down 0.9%, first notable market reaction to coronavirus",Moderate,pandemic_health,2020-01-H1,2020-01-22,confirmed,1219
"Cisco Systems Q1 earnings miss, warns of slowing enterprise spending",2019-11-13,"CSCO down 7% after hours, Nasdaq down 0.3%",Moderate,mega_cap_earnings,2019-11-H1,2019-11-13,confirmed,1180
SPX closes above 3100 for first time on US-China trade optimism,2019-11-15,"SPX hit record 3120, VIX fell to 12",Moderate,trade_policy,2019-11-H1,2019-11-15,confirmed,1181
"Fed holds rates steady, signals no cuts in 2020",2019-12-11,"SPX up 0.3%, 10-year yield rose to 1.89%",Low,monetary_policy,2019-12-H2,2019-12-11,confirmed,1182
US and China reach Phase One trade deal in principle,2019-12-13,"SPX up 0.9%, CSI 300 up 1.8%, yuan strengthened",Moderate,trade_policy,2019-12-H2,2019-12-13,confirmed,1183
UK Conservative Party wins landslide majority in general election,2019-12-12,"GBP up 2.5%, FTSE 250 up 3.6% on December 13",High,election_political,2019-12-H2,2019-12-12,confirmed,1184
US House of Representatives votes to impeach President Trump,2019-12-18,"SPX down 0.04%, markets largely ignored event",Low,election_political,2019-12-H2,2019-12-18,confirmed,1185
Nike reports fiscal Q2 earnings beat with strong China sales growth,2019-12-19,NKE up 2.5% after hours,Low,mega_cap_earnings,2019-12-H2,2019-12-19,confirmed,1186
Boeing CEO Dennis Muilenburg ousted amid 737 MAX crisis,2019-12-23,BA up 2.9% on leadership change hopes,Moderate,mega_cap_corporate,2019-12-H2,2019-12-23,confirmed,1187
"US consumer confidence rises to 126.8 in December, beats estimates",2019-12-31,SPX flat on thin holiday volume,Low,fiscal_policy,2019-12-H2,2019-12-31,unverified,1188
"SPX closes 2019 up 29%, best annual return since 2013",2019-12-31,"SPX closed at 3230.78, up 28.9% for the year",Low,mega_cap_corporate,2019-12-H2,2019-12-31,confirmed,1189
China cuts reserve requirement ratio by 50bp effective January 2020,2019-12-23,"Shanghai Composite up 0.4%, yuan steady",Low,monetary_policy,2019-12-H2,2019-12-23,confirmed,1190
US and China reach phase one trade deal framework agreement,2019-12-13,"SPX up 0.9%, hit all-time high above 3,168",High,trade_policy,2019-12-H1,2019-12-13,confirmed,1191
US delays tariff hike on $160B Chinese goods set for December 15,2019-12-13,"S&P 500 futures up 0.8%, yuan strengthened 0.5%",High,trade_policy,2019-12-H1,2019-12-13,confirmed,1192
"Fed holds rates steady, signals no hikes in 2020",2019-12-11,"SPX up 0.3%, 10-year Treasury yield little changed",Low,monetary_policy,2019-12-H1,2019-12-11,confirmed,1193
UK Conservative Party wins landslide majority under Boris Johnson,2019-12-12,"GBP up 2.5% to 1.35, FTSE 250 up 3.4%",High,election_political,2019-12-H1,2019-12-12,confirmed,1194
ECB holds rates unchanged under new President Christine Lagarde,2019-12-12,"EUR/USD barely moved, European equities flat",Low,monetary_policy,2019-12-H1,2019-12-12,confirmed,1195
House Judiciary Committee approves two articles of impeachment against Trump,2019-12-13,"SPX up 0.9%, markets ignored impeachment proceedings",Low,election_political,2019-12-H1,2019-12-13,confirmed,1196
"US November CPI rises 2.1% year-over-year, above expectations",2019-12-11,SPX moved less than 0.1% on the data,Low,fiscal_policy,2019-12-H1,2019-12-11,unverified,1197
Oracle Q2 earnings miss revenue estimates on weak cloud growth,2019-12-09,ORCL down 3.8% after hours,Moderate,mega_cap_earnings,2019-12-H1,2019-12-09,confirmed,1198
"OPEC agrees to deepen oil output cuts by additional 500,000 bpd",2019-12-06,"WTI up 1.0% to $59.20, gains faded by end of week",Low,energy_opec,2019-12-H1,2019-12-06,confirmed,1199
OPEC sources signal deeper production cuts likely at December Vienna meeting,2019-11-22,WTI crude up 1.2% to $58.60,Low,energy_opec,2019-11-H2,2019-11-22,confirmed,1240
China reports slowest daily COVID-19 case growth in weeks,2020-02-16,"SPX up 0.2%, brief relief rally",Low,pandemic_health,2020-02-H2,2020-02-16,confirmed,1241
Japan Q4 GDP contracts 6.3% annualized on consumption tax hike,2020-02-17,"Nikkei down 0.4%, yen strengthened slightly",Low,fiscal_policy,2020-02-H2,2020-02-17,confirmed,1242
Walmart reports Q4 earnings with strong US comparable sales growth of 1.9%,2020-02-18,"WMT up 2.5%, retail sector outperformed",Low,mega_cap_earnings,2020-02-H2,2020-02-18,confirmed,1243
Apple warns Q2 revenue will miss guidance due to COVID-19 supply disruption,2020-02-17,"AAPL down 2.7%, Nasdaq down 1.2%",Moderate,mega_cap_corporate,2020-02-H2,2020-02-17,confirmed,1244
CDC warns Americans COVID-19 community spread in US is inevitable,2020-02-25,SPX futures drop 1.5% Sunday night,High,pandemic_health,2020-02-H2,2020-02-21,date_corrected,1245
Italy reports sudden cluster of COVID-19 cases in Lombardy region,2020-02-21,"Italian stocks down 4%, European markets sell off sharply",High,pandemic_health,2020-02-H2,2020-02-21,confirmed,1246
Iran confirms multiple COVID-19 deaths as outbreak spreads rapidly,2020-02-21,"Oil down 3%, EM currencies weakened",Moderate,pandemic_health,2020-02-H2,2020-02-21,confirmed,1247
South Korea reports surge in COVID-19 cases linked to Daegu church cluster,2020-02-21,"KOSPI down 3.9%, won weakened 1.5%",High,pandemic_health,2020-02-H2,2020-02-21,confirmed,1248
Global equity markets suffer worst week since 2008 financial crisis on COVID fears,2020-02-24,"SPX down 3.4%, VIX surged above 25",High,pandemic_health,2020-02-H2,2020-02-24,confirmed,1249
US 10-year Treasury yield falls to record low below 1.4% on safe-haven demand,2020-02-24,"10Y yield hit 1.37%, gold up 1.7%",High,monetary_policy,2020-02-H2,2020-02-24,confirmed,1250
Oil prices fall sharply as COVID-19 demand destruction fears intensify,2020-02-24,"WTI down 4.5% to $51, Brent below $57",High,energy_opec,2020-02-H2,2020-02-24,confirmed,1251
SPX drops 3% for second consecutive day as pandemic fears accelerate,2020-02-25,"SPX down 3.0%, cumulative 5-day loss exceeds 8%",High,pandemic_health,2020-02-H2,2020-02-25,confirmed,1252
CDC official warns US should prepare for significant COVID-19 disruption,2020-02-25,"VIX spiked to 28, SPX fell additional 3% intraday",High,pandemic_health,2020-02-H2,2020-02-25,confirmed,1253
Microsoft warns fiscal Q3 revenue will miss guidance due to COVID supply chain issues,2020-02-26,"MSFT down 2.5%, Nasdaq down 3.1%",High,mega_cap_corporate,2020-02-H2,2020-02-26,confirmed,1254
"SPX enters correction territory, down more than 10% from February peak",2020-02-27,"SPX down 4.4% on day, fastest correction from ATH ever recorded",High,pandemic_health,2020-02-H2,2020-02-27,confirmed,1255
Fed Chair Powell issues rare statement signaling readiness to act on COVID risks,2020-02-28,"SPX briefly pared losses, still closed down 0.8% on Friday",Moderate,monetary_policy,2020-02-H2,2020-02-28,confirmed,1256
Global equities post worst weekly performance since 2008 financial crisis,2020-02-28,"SPX down 11.5% for the week, VIX closed at 40.1",High,pandemic_health,2020-02-H2,2020-02-28,confirmed,1257
G7 finance ministers hold emergency call to coordinate COVID-19 economic response,2020-03-03,"Markets unimpressed, SPX closed near weekly lows",Low,fiscal_policy,2020-02-H2,2020-02-28,date_corrected,1258
Fed launches $500B repo operations and expands QE to unlimited Treasuries,2020-03-17,"SPX down 5.2%, VIX above 80",High,monetary_policy,2020-03-H2,2020-03-17,confirmed,1259
"Australia bushfires reach catastrophic scale, smoke blankets Sydney",2019-12-19,"ASX down 0.5%, insurance stocks fell 1-2%",Low,natural_disaster,2020-01-H1,2020-01-02,date_corrected,1220
Federal Reserve releases December meeting minutes signaling rates on hold,2020-01-03,"SPX down 0.7%, 10-year Treasury yield fell 6bp",Low,monetary_policy,2020-01-H1,2020-01-03,confirmed,1221
"US December nonfarm payrolls come in at 145,000, below 160,000 estimate",2020-01-10,"SPX up 0.7% as soft data reduced rate-hike fears, dollar dipped",Low,monetary_policy,2020-01-H1,2020-01-10,confirmed,1222
China's Wuhan locks down city of 11 million to contain coronavirus outbreak,2020-01-23,"SPX down 0.9%, airline and casino stocks fell 2-4%",Moderate,pandemic_health,2020-01-H1,2020-01-23,confirmed,1223
"JPMorgan reports record Q4 profit of $8.5B, revenue beats estimates",2020-01-14,"JPM up 1.2%, financials sector up 0.5%, SPX hit new record",Low,mega_cap_earnings,2020-01-H1,2020-01-14,confirmed,1224
Iraq parliament votes to expel US troops following Soleimani killing,2020-01-05,"Oil up 1%, SPX down 0.3%, gold up 0.5%",Low,geopolitical_diplomatic,2020-01-H1,2020-01-05,confirmed,1225
Trump signs USMCA trade agreement replacing NAFTA into law,2020-01-29,"SPX reaction minimal, deal had been priced in for weeks",Low,trade_policy,2020-01-H1,2020-01-29,confirmed,1226
US and China signal progress on phase one trade deal framework,2019-11-07,"SPX up 0.8%, hit new intraday record above 3120",Moderate,trade_policy,2019-11-H2,2019-11-16,date_corrected,1227
Hong Kong protests escalate as university campus becomes battleground,2019-11-18,"Hang Seng down 1.8%, HSI fell below 26000",Moderate,geopolitical_military,2019-11-H2,2019-11-18,confirmed,1228
Nvidia reports Q3 earnings beat driven by data center and gaming demand,2019-11-14,NVDA up 5% after hours,Moderate,mega_cap_earnings,2019-11-H2,2019-11-14,confirmed,1229
US Senate passes Hong Kong Human Rights and Democracy Act unanimously,2019-11-19,"SPX down 0.4%, Hang Seng fell 1.6%",Moderate,geopolitical_diplomatic,2019-11-H2,2019-11-19,confirmed,1230
Fed minutes show officials see rates on hold barring significant deterioration,2019-11-20,"SPX down 0.4%, 10-year yield slipped to 1.77%",Low,monetary_policy,2019-11-H2,2019-11-20,confirmed,1231
"US reports October retail sales rise 0.3%, beating expectations",2019-11-15,"SPX up 0.2%, consumer staples outperformed",Low,fiscal_policy,2019-11-H2,2019-11-15,confirmed,1232
Trump signs executive order blacklisting Huawei supply chain extensions,2019-11-19,"Semiconductor ETF SOXX down 1%, Huawei suppliers fell 2-4%",Moderate,trade_policy,2019-11-H2,2019-11-19,unverified,1233
China cuts one-year loan prime rate by 5bp to 4.15%,2019-11-20,"Shanghai Composite up 0.3%, yuan steady",Low,monetary_policy,2019-11-H2,2019-11-20,confirmed,1234
Reports emerge phase one trade deal may slip into 2020 as venue dispute continues,2019-11-21,"SPX down 0.7%, VIX rose to 13.5",Moderate,trade_policy,2019-11-H2,2019-11-21,confirmed,1235
"Deere reports Q4 earnings miss, cuts 2020 outlook on weak farm equipment demand",2019-11-27,DE down 2.5% on the day,Low,mega_cap_earnings,2019-11-H2,2019-11-27,confirmed,1236
Trump signs Hong Kong Human Rights and Democracy Act into law,2019-11-27,"Hang Seng down 0.5%, SPX flat ahead of Thanksgiving",Low,geopolitical_diplomatic,2019-11-H2,2019-11-27,confirmed,1237
US GDP revised up to 2.1% annualized growth in Q3 2019,2019-11-27,"SPX up 0.4%, 10-year yield rose 2bp",Low,fiscal_policy,2019-11-H2,2019-11-27,confirmed,1238
SPX closes above 3100 for first time as trade optimism lifts markets,2019-11-14,"SPX hit record 3133, up 0.2% on the day",Moderate,trade_policy,2019-11-H2,2019-11-25,date_corrected,1239
China injects 1.2 trillion yuan via reverse repos to stabilize markets after holiday,2020-02-03,Shanghai Composite fell 7.7% on reopening despite PBOC action,High,monetary_policy,2020-02-H1,2020-02-03,confirmed,1320
Wuhan coronavirus death toll surpasses SARS epidemic total with over 800 dead,2020-02-09,"SPX down 0.5%, WTI oil fell to $49, 13-month low",Moderate,pandemic_health,2020-02-H1,2020-02-09,confirmed,1321
WHO officially names coronavirus disease COVID-19,2020-02-11,"SPX up 0.6%, markets little moved by naming announcement",Low,pandemic_health,2020-02-H1,2020-02-11,confirmed,1322
"China reports single-day case count drops sharply due to methodology change, then reverses",2020-02-13,"SPX fell 0.2% as Hubei reports 14,840 new cases using clinical diagnosis",Moderate,pandemic_health,2020-02-H1,2020-02-13,confirmed,1323
"Fed Chair Powell tells Congress monetary policy is appropriate, economy in good place",2020-02-11,"SPX up 0.5%, 10-year Treasury yield rose 3bp",Low,monetary_policy,2020-02-H1,2020-02-11,confirmed,1324
Diamond Princess cruise ship quarantined in Yokohama with 135 COVID-19 cases,2020-02-05,Royal Caribbean and Carnival each fell 3-5% on the week,Moderate,pandemic_health,2020-02-H1,2020-02-05,confirmed,1325
Oil falls below $50 per barrel as COVID-19 crushes demand outlook,2020-02-04,"WTI hit $49.31, lowest since January 2019, down 20% from January peak",High,energy_opec,2020-02-H1,2020-02-04,confirmed,1326
"OPEC technical committee recommends additional 600,000 bpd cut to counter virus demand hit",2020-02-06,"WTI up 2.5% on day, but gains faded as Russia hesitated",Moderate,energy_opec,2020-02-H1,2020-02-06,confirmed,1327
"Twitter reports Q4 revenue of $1.01B, monetizable daily users up 21% year-over-year",2020-02-06,TWTR up 15% on strong user growth beat,Moderate,mega_cap_earnings,2020-02-H1,2020-02-06,confirmed,1328
"US 10-year Treasury yield falls to 1.51%, lowest since October 2019 on virus fears",2020-02-03,"10-year yield dropped 10bp in a week, gold up 1.5%",Moderate,monetary_policy,2020-02-H1,2020-02-03,confirmed,1329
Softbank-backed WeWork rival Knotel raises $400M as co-working sector reels,2020-02-04,"Minimal market impact, private transaction",Low,mega_cap_corporate,2020-02-H1,2020-02-04,unverified,1330
"SPX closes at record high 3,380 as markets shrug off coronavirus fears",2020-02-12,"SPX hit all-time high of 3,380, VIX fell to 14.8",Moderate,pandemic_health,2020-02-H1,2020-02-12,confirmed,1331
UK formally leaves European Union single market transition period begins,2020-02-01,"GBP fell 0.3%, FTSE 100 up 0.4%, muted reaction as priced in",Low,geopolitical_diplomatic,2020-02-H1,2020-02-01,date_corrected,1332
"US adds 4.8 million jobs in June, unemployment falls to 11.1%",2020-07-02,"SPX up 0.5%, futures had rallied overnight",Moderate,fiscal_policy,2020-07-H1,2020-07-02,confirmed,1333
"Texas, Florida, California pause or reverse reopening as COVID cases surge",2020-06-26,"SPX down 1.0%, airline and hotel stocks fell 3-5%",Moderate,pandemic_health,2020-07-H1,2020-07-01,date_corrected,1334
"China passes national security law for Hong Kong, criminalizing dissent",2020-06-30,"Hang Seng down 0.5%, USD/HKD peg concerns resurfaced",Low,geopolitical_diplomatic,2020-07-H1,2020-07-01,date_corrected,1335
US officially withdraws from World Health Organization amid pandemic,2020-07-07,"SPX flat, markets largely shrugged off diplomatic move",Low,geopolitical_diplomatic,2020-07-H1,2020-07-07,confirmed,1336
Moderna COVID-19 vaccine shows immune response in all Phase 1 trial participants,2020-07-14,"MRNA up 16%, SPX up 0.9%, travel stocks rallied",High,pandemic_health,2020-07-H1,2020-07-14,confirmed,1337
"Twitter accounts of Biden, Obama, Musk, Gates hacked in Bitcoin scam",2020-07-15,"TWTR down 4% intraday, recovered to close down 2.4%",Moderate,cyber_infrastructure,2020-07-H1,2020-07-15,confirmed,1338
"China reports Q2 GDP growth of 3.2%, first major economy to recover",2020-07-16,"Shanghai Composite up 1.8%, copper prices rose 1%",Moderate,fiscal_policy,2020-07-H1,2020-07-15,date_corrected,1339
US Senate fails first procedural vote on $1.8T coronavirus stimulus bill,2020-03-22,"SPX down 2.9% Monday, VIX hit 85 intraday",High,fiscal_policy,2020-03-H2,2020-03-22,confirmed,1260
"Congress passes $2.2T CARES Act, largest US fiscal stimulus in history",2020-03-25,SPX up 6.2% on day of Senate passage; House passed on March 27,High,fiscal_policy,2020-03-H2,2020-03-25,confirmed,1261
New York Governor Cuomo orders all non-essential workers to stay home,2020-03-20,"SPX down 4.3%, WTI fell below $20",High,pandemic_health,2020-03-H2,2020-03-20,confirmed,1262
Fed announces unlimited QE and corporate bond buying for first time ever,2020-03-23,"SPX down 2.9% at open, closed down 2.9%, hit cycle low 2191",High,monetary_policy,2020-03-H2,2020-03-23,confirmed,1263
US weekly jobless claims surge to record 3.28 million,2020-03-26,"SPX up 6.2% despite data, priced in stimulus passage",Moderate,fiscal_policy,2020-03-H2,2020-03-26,confirmed,1264
"SPX posts best three-day rally since 1933, up 17.6% from March 23 low",2020-03-26,SPX up 17.6% over three sessions from March 23 trough,High,credit_event,2020-03-H2,2020-03-26,confirmed,1265
"Trump signs $2.2T CARES Act into law, direct payments to Americans authorized",2020-03-27,SPX up 3.4% on signing day,Moderate,fiscal_policy,2020-03-H2,2020-03-27,confirmed,1266
"WTI crude oil falls below $20 per barrel, lowest since 2002",2020-03-20,"WTI broke below $20 on March 20; on March 18 WTI was trading in the low-to-mid $20s, not yet sub-$20",High,energy_opec,2020-03-H2,2020-03-18,date_corrected,1267
Fed establishes money market mutual fund liquidity facility MMLF,2020-03-18,"Money market spreads tightened, SPX down 5.2% on day",Moderate,monetary_policy,2020-03-H2,2020-03-18,confirmed,1268
ECB launches €750B Pandemic Emergency Purchase Programme,2020-03-18,"Italian BTP yields fell 60bp, EUR/USD up 0.8%",High,monetary_policy,2020-03-H2,2020-03-18,confirmed,1269
G7 leaders hold emergency video summit on coronavirus economic response,2020-03-16,"SPX down 12% on Monday open, worst day since 1987",Low,geopolitical_diplomatic,2020-03-H2,2020-03-16,confirmed,1270
US-Canada border closes to non-essential travel due to COVID-19,2020-03-18,"CAD/USD little changed, markets focused on Fed action",Low,pandemic_health,2020-03-H2,2020-03-18,confirmed,1271
"Nike reports quarterly earnings, withdraws full-year guidance citing COVID-19",2020-03-24,"NKE down 4% after hours, China store closures cited",Low,mega_cap_earnings,2020-03-H2,2020-03-24,confirmed,1272
Fed establishes Primary Dealer Credit Facility and Commercial Paper Funding Facility,2020-03-17,"Investment-grade credit spreads tightened 20bp; PDCF announced March 17, CPFF also re-established March 17",Moderate,monetary_policy,2020-03-H2,2020-03-17,confirmed,1273
Saudi Arabia announces plans to boost oil output to record 12.3 million bpd in April,2020-03-11,Saudi Aramco announced the output hike on March 11 following the OPEC+ breakdown on March 6; WTI crashed ~25% on March 9 when markets opened after the weekend announcement,High,energy_opec,2020-03-H2,2020-03-16,date_corrected,1274
UK government announces £330B loan guarantee package for businesses,2020-03-17,"FTSE 100 down 4%, GBP/USD down 1.2%",Moderate,fiscal_policy,2020-03-H2,2020-03-17,confirmed,1275
"US coronavirus cases surpass 100,000, most in any country globally",2020-03-26,VIX remained above 60 despite stimulus rally,Low,pandemic_health,2020-03-H2,2020-03-26,confirmed,1276
WHO declares COVID-19 a global pandemic,2020-03-11,"SPX down 4.9%, VIX spiked sharply; VIX intraday high of 75.47 came later on March 16",High,pandemic_health,2020-03-H1,2020-03-11,confirmed,1277
Fed cuts rates by 50bp in emergency inter-meeting action,2020-03-03,"SPX down 2.8% on the day despite cut, 10-year yield hit record low 0.91%",High,monetary_policy,2020-03-H1,2020-03-03,confirmed,1278
"Fed cuts rates to zero in emergency Sunday meeting, launches unlimited QE",2020-03-15,"SPX futures hit limit down, opened down 8% Monday; unlimited QE was announced separately on March 23",High,monetary_policy,2020-03-H1,2020-03-15,confirmed,1279
"Saudi Arabia launches oil price war, slashes crude prices after OPEC+ talks collapse",2020-03-08,"WTI down 25%, SPX futures limit down Sunday night",High,energy_opec,2020-03-H1,2020-03-08,confirmed,1280
Trump announces 30-day travel ban on Europe to contain COVID-19 spread,2020-03-11,"Dow futures down 1,000 points overnight, airlines down 10-15%",High,pandemic_health,2020-03-H1,2020-03-11,confirmed,1281
Italy places entire country under lockdown to combat coronavirus outbreak,2020-03-10,"European equities down 7-8%, SPX down 7.6%",High,pandemic_health,2020-03-H1,2020-03-09,date_corrected,1282
NYSE circuit breakers triggered twice in one week as markets freefall,2020-03-09,"SPX down 7.6%, trading halted for 15 minutes at open",High,credit_event,2020-03-H1,2020-03-09,confirmed,1283
US 10-year Treasury yield falls below 0.5% for first time in history,2020-03-09,"10-year yield hit 0.318% intraday, gold up 3%",High,monetary_policy,2020-03-H1,2020-03-09,confirmed,1284
Fed announces $1.5 trillion in repo operations to ease funding markets,2020-03-12,"SPX still fell 9.5% on the day, worst since 1987",High,monetary_policy,2020-03-H1,2020-03-12,confirmed,1285
"SPX enters bear market, down 20% from February record high",2020-03-11,"SPX closed down 20% from Feb 19 peak, fastest bear market in history",High,credit_event,2020-03-H1,2020-03-11,confirmed,1286
Trump declares national emergency over coronavirus pandemic,2020-03-13,"SPX surged 9.3%, largest single-day gain since 2008",High,fiscal_policy,2020-03-H1,2020-03-13,confirmed,1287
NBA suspends season after Utah Jazz player tests positive for COVID-19,2020-03-11,"MSG Networks down 10%, sports-related stocks fell sharply",Moderate,pandemic_health,2020-03-H1,2020-03-11,confirmed,1288
ECB announces emergency bond-buying program worth 750 billion euros,2020-03-18,"European equities pared losses, Italian spreads tightened 60bp",Moderate,monetary_policy,2020-03-H1,2020-03-12,date_corrected,1289
Dollar funding squeeze sends DXY surging as global banks hoard USD,2020-03-12,"DXY up 2.5% on the week, EUR/USD cross-currency basis swaps blew out",High,credit_event,2020-03-H1,2020-03-12,confirmed,1290
Boeing suspends dividend and draws down $13.8 billion credit line,2020-03-11,"BA down 18% on the week, already down 50% from January highs",Moderate,mega_cap_corporate,2020-03-H1,2020-03-11,confirmed,1291
US reports first COVID-19 death on US soil in Washington state,2020-02-29,"SPX fell 0.8%, VIX remained elevated above 40",Low,pandemic_health,2020-03-H1,2020-03-01,date_corrected,1292
G7 finance ministers issue joint statement pledging coordinated COVID response,2020-03-03,"Markets initially rallied 1% then reversed sharply, statement seen as lacking specifics",Low,geopolitical_diplomatic,2020-03-H1,2020-03-03,confirmed,1293
China reports manufacturing PMI collapses to record low 35.7 in February,2020-02-29,"Asian equities fell 1-2%, copper down 1.5%",Low,trade_policy,2020-03-H1,2020-03-02,date_corrected,1294
OPEC+ agrees to record 9.7 million bpd output cut to stabilize oil,2020-04-09,"WTI up 12% on the day, still closed week down 20%",Moderate,energy_opec,2020-04-H1,2020-04-09,confirmed,1295
US initial jobless claims hit 6.6 million for second consecutive week,2020-04-09,"SPX down 4.4%, VIX above 50",High,fiscal_policy,2020-04-H1,2020-04-02,date_corrected,1296
Fed announces unlimited asset purchases and expands to corporate bonds,2020-03-23,"SPX up 1.4%, credit spreads tightened sharply",High,monetary_policy,2020-04-H1,2020-04-09,date_corrected,1297
"US COVID-19 death toll surpasses 10,000 as New York remains epicenter",2020-04-06,SPX up 7.0% on hopes curve flattening,Moderate,pandemic_health,2020-04-H1,2020-04-06,unverified,1298
Trump extends US social distancing guidelines through April 30,2020-03-29,SPX fell 4.4% on the day,Moderate,pandemic_health,2020-04-H1,2020-04-02,date_corrected,1299
Germany and France jointly propose 500 billion euro EU recovery grants,2020-05-18,"Euro up 0.8%, Italian BTPs rallied sharply",Moderate,fiscal_policy,2020-05-H2,2020-05-18,confirmed,1420
US imposes export restrictions on Huawei suppliers using American technology,2020-05-15,"Semiconductor stocks fell 2-4%, SOX down 2.1%",High,trade_policy,2020-05-H2,2020-05-15,confirmed,1421
AstraZeneca pauses global COVID-19 vaccine trial after participant illness,2020-09-08,"AZN down 1.5%, SPX down 2.8% on the day",High,pandemic_health,2020-09-H1,2020-09-08,confirmed,1422
"US August CPI rises 0.4%, core inflation exceeds expectations",2020-09-11,"SPX up 0.5%, 10-year yield ticked up 2bp",Low,fiscal_policy,2020-09-H1,2020-09-11,confirmed,1423
"Nasdaq enters correction, falls 10% from September peak in three days",2020-09-03,"Nasdaq down 5% on the day, QQQ dropped 10% in three sessions",High,mega_cap_corporate,2020-09-H1,2020-09-03,confirmed,1424
SoftBank revealed as 'Nasdaq whale' buying billions in tech call options,2020-09-04,"Tech stocks sold off sharply, Nasdaq down 1.3% Friday",Moderate,mega_cap_corporate,2020-09-H1,2020-09-04,confirmed,1425
"ECB holds rates steady, signals concern over euro strength",2020-09-10,"EUR/USD fell 0.5%, European equities flat",Low,monetary_policy,2020-09-H1,2020-09-10,confirmed,1426
UK introduces Internal Market Bill overriding parts of Brexit withdrawal agreement,2020-09-09,"GBP fell 1.5%, FTSE 100 down 0.6%",Moderate,geopolitical_diplomatic,2020-09-H1,2020-09-09,confirmed,1427
"US weekly jobless claims rise unexpectedly to 884,000 missing forecasts",2020-09-10,"SPX down 0.6%, dollar strengthened slightly",Low,fiscal_policy,2020-09-H1,2020-09-10,confirmed,1428
Oracle wins bid to acquire TikTok US operations over Microsoft,2020-09-14,"ORCL up 4%, MSFT down 0.3%",Moderate,mega_cap_corporate,2020-09-H1,2020-09-14,confirmed,1429
"California wildfires burn over 2 million acres, largest in state history",2020-09-09,"PG&E down 3%, utility sector flat, SPX largely unaffected",Low,natural_disaster,2020-09-H1,2020-09-09,confirmed,1430
Fed's Powell reiterates commitment to near-zero rates and asset purchases,2020-09-01,"SPX up 0.2%, 10-year yield unchanged at 0.72%",Low,monetary_policy,2020-09-H1,2020-09-01,unverified,1431
Russia claims Sputnik V COVID vaccine produces antibodies in all trial participants,2020-09-04,"Global vaccine stocks mixed, SPX little changed",Low,pandemic_health,2020-09-H1,2020-09-04,confirmed,1432
WTI crude oil falls below $37 on demand recovery fears and OPEC compliance concerns,2020-09-08,"WTI down 7% on the week, energy sector down 5%",Moderate,energy_opec,2020-09-H1,2020-09-08,confirmed,1433
Nikola founder Trevor Milton resigns amid fraud allegations,2020-09-20,"NKLA down 11% Monday, GM down 3%",Moderate,mega_cap_corporate,2020-09-H1,2020-09-20,confirmed,1434
US imposes new sanctions on Chinese officials over Hong Kong crackdown,2020-09-11,"Hang Seng down 0.7%, USD/CNH barely moved",Low,geopolitical_diplomatic,2020-09-H1,2020-09-11,unverified,1435
Fed announces Main Street Lending Program begins accepting loans,2020-06-15,"SPX up 0.8%, credit spreads tightened",Low,monetary_policy,2020-06-H2,2020-06-15,confirmed,1436
"US retail sales surge 17.7% in May, record monthly gain",2020-06-16,"SPX up 0.8%, 10-year yield rose slightly",Moderate,fiscal_policy,2020-06-H2,2020-06-16,confirmed,1437
Dexamethasone shown to reduce COVID-19 deaths in UK trial,2020-06-16,"SPX up 1.5%, travel stocks rallied 3-5%",Moderate,pandemic_health,2020-06-H2,2020-06-16,confirmed,1438
"US reports single-day record of over 25,000 new COVID-19 cases",2020-06-19,"SPX down 0.6% Friday, VIX ticked up",Low,pandemic_health,2020-06-H2,2020-06-19,unverified,1439
US imposes sanctions on Chinese officials over Xinjiang human rights abuses,2020-07-09,"SPX down 0.6%, US-China trade tensions weighed on sentiment",Low,geopolitical_diplomatic,2020-07-H1,2020-07-09,confirmed,1340
PepsiCo Q2 earnings beat estimates despite pandemic disruption,2020-07-13,"PEP up 2.1%, consumer staples sector outperformed",Low,mega_cap_earnings,2020-07-H1,2020-07-13,confirmed,1341
"JPMorgan and Citigroup post strong Q2 trading revenues, beat estimates",2020-07-14,"JPM up 1.0%, C up 2.0%, KBW Bank Index up 1.5%",Moderate,mega_cap_earnings,2020-07-H1,2020-07-14,confirmed,1342
"US-China trade deal Phase 1 review meeting cancelled, tensions rise",2020-08-01,"SPX down 0.4%, yuan weakened slightly",Low,geopolitical_diplomatic,2020-08-H1,2020-08-01,unverified,1343
"Berkshire Hathaway reports Q2 earnings, reveals $9B net loss on investments",2020-08-08,BRK.B up 2% as operating earnings beat expectations,Low,mega_cap_earnings,2020-08-H1,2020-08-01,date_corrected,1344
"US weekly jobless claims rise to 1.186 million, recovery pace slows",2020-08-06,"SPX down 0.5%, 10-year yield dipped to 0.52%",Low,fiscal_policy,2020-08-H1,2020-08-06,confirmed,1345
Trump signs executive orders banning TikTok and WeChat in 45 days,2020-08-06,"Tencent HK down 10%, MSFT up 5% on TikTok acquisition speculation",High,regulatory,2020-08-H1,2020-08-06,confirmed,1346
"Gold surges past $2,000 per ounce for first time in history",2020-08-04,"Gold hit $2,067 intraday, DXY fell to two-year low",Moderate,monetary_policy,2020-08-H1,2020-08-04,confirmed,1347
"Massive explosion at Beirut port kills over 100, devastates city",2020-08-04,"Lebanese pound fell, regional markets down 1-2%, oil up 0.5%",Moderate,geopolitical_military,2020-08-H1,2020-08-04,confirmed,1348
Trump signs executive orders extending unemployment benefits at $400 per week,2020-08-08,"SPX up 0.3%, futures had priced in Congressional impasse",Low,fiscal_policy,2020-08-H1,2020-08-08,confirmed,1349
"US July nonfarm payrolls add 1.763 million jobs, unemployment falls to 10.2%",2020-08-07,"SPX up 0.5%, 10-year yield rose to 0.57%",Low,fiscal_policy,2020-08-H1,2020-08-07,confirmed,1350
"Russia claims first COVID-19 vaccine approval, dubbed Sputnik V",2020-08-11,"SPX up 0.3%, vaccine stocks dipped, MRNA down 5%",Low,pandemic_health,2020-08-H1,2020-08-11,confirmed,1351
Softbank revealed as mystery Nasdaq options whale driving tech rally,2020-09-04,"Nasdaq up 2.1% on week, tech volatility elevated",Moderate,mega_cap_corporate,2020-08-H1,2020-08-13,date_corrected,1352
US 30-year mortgage rate hits record low of 2.88%,2020-08-06,"Homebuilder ETF XHB up 1.5%, financials flat",Low,monetary_policy,2020-08-H1,2020-08-06,confirmed,1353
Fed announces average inflation targeting shift at Jackson Hole,2020-08-27,"SPX up 1.0%, gold up 0.5%, DXY weakened",Moderate,monetary_policy,2020-08-H2,2020-08-27,confirmed,1354
"Apple reaches $2 trillion market cap, first US company to do so",2020-08-19,"AAPL up 1.3%, market cap hit $2T intraday",Low,mega_cap_corporate,2020-08-H2,2020-08-19,confirmed,1355
Nasdaq hits record high as tech rally extends into late August,2020-08-18,"Nasdaq up 0.7%, SPX up 0.3% to near all-time high",Low,mega_cap_earnings,2020-08-H2,2020-08-18,confirmed,1356
Belarus protests intensify as Lukashenko refuses to resign after disputed election,2020-08-16,"BYR stable, minimal global market reaction",Low,election_political,2020-08-H2,2020-08-16,confirmed,1357
US weekly jobless claims rise unexpectedly to 1.1 million,2020-08-20,"SPX down 0.6%, 10-year Treasury yield dipped slightly",Low,fiscal_policy,2020-08-H2,2020-08-20,confirmed,1358
Salesforce announces acquisition of Slack rival Slack for $27.7 billion,2020-12-01,"SPX flat on day, CRM up 2%",Low,mega_cap_corporate,2020-08-H2,2020-08-25,date_corrected,1359
EU proposes digital services tax targeting US tech giants,2020-09-23,"FAANG stocks down 0.5-1%, largely absorbed",Low,regulatory,2020-09-H2,2020-09-23,unverified,1400
Federal Reserve's Powell warns of prolonged economic scarring without more fiscal support,2020-09-23,"SPX down 0.8%, 10-year yield fell to 0.67%",Moderate,monetary_policy,2020-09-H2,2020-09-23,confirmed,1401
Dollar index surges to two-month high as risk-off sentiment grips markets,2020-09-25,"DXY up 0.6% to 94.6, gold fell 1.2%",Moderate,credit_event,2020-09-H2,2020-09-25,unverified,1402
"OPEC+ warns of oil demand recovery slower than expected, holds output steady",2020-09-17,WTI fell 2.1% to $39.60,Moderate,energy_opec,2020-09-H2,2020-09-17,unverified,1403
China announces plan to impose national security law on Hong Kong,2020-05-21,"HSI down 5.6%, HKD under pressure",High,geopolitical_diplomatic,2020-05-H2,2020-05-21,confirmed,1404
US Senate passes Holding Foreign Companies Accountable Act targeting Chinese firms,2020-05-20,"Chinese ADRs fell 3-5%, BABA down 2.4%",Moderate,regulatory,2020-05-H2,2020-05-20,confirmed,1405
Moderna reports positive early-stage COVID-19 vaccine trial data,2020-05-18,"MRNA up 20%, SPX up 3.2%",High,pandemic_health,2020-05-H2,2020-05-18,confirmed,1406
"Fed Chair Powell warns of prolonged recession, rules out negative rates",2020-05-13,"SPX down 0.8%, 10-year yield fell slightly",Low,monetary_policy,2020-05-H2,2020-05-17,date_corrected,1407
US retail sales plunge record 16.4% in April as lockdowns bite,2020-05-15,"SPX down 1.7%, dollar strengthened",Moderate,fiscal_policy,2020-05-H2,2020-05-15,confirmed,1408
Trump threatens to terminate US-China phase one trade deal,2020-05-14,"SPX futures dropped 1.5%, yuan weakened",Moderate,trade_policy,2020-05-H2,2020-05-14,confirmed,1409
"US weekly jobless claims reach 2.4 million, total exceeds 38 million since March",2020-05-21,"SPX down 0.8%, market largely priced in",Low,fiscal_policy,2020-05-H2,2020-05-21,confirmed,1410
Trump signs executive order to streamline environmental reviews for infrastructure,2020-05-19,"Construction stocks up 1%, SPX flat",Low,regulatory,2020-05-H2,2020-05-19,unverified,1411
Walmart Q1 2020 earnings beat estimates as grocery and e-commerce surge,2020-05-19,"WMT up 2.2%, retail sector outperformed",Low,mega_cap_earnings,2020-05-H2,2020-05-19,confirmed,1412
European Commission proposes 750 billion euro COVID recovery fund,2020-05-27,"Euro up 1.4%, European equities up 2-3%, DAX up 3.2%",High,fiscal_policy,2020-05-H2,2020-05-27,confirmed,1413
Trump signs executive order targeting social media liability protections,2020-05-28,"TWTR down 4%, FB down 1.6%, Nasdaq down 0.5%",Moderate,regulatory,2020-05-H2,2020-05-28,confirmed,1414
US GDP Q1 2020 revised down to minus 5% annualized rate,2020-05-28,"SPX up 0.5%, markets focused on reopening optimism",Low,fiscal_policy,2020-05-H2,2020-05-28,confirmed,1415
"Trump announces press conference on China, signals end to Hong Kong special status",2020-05-29,"HSI down 0.7%, yuan weakened, SPX down 0.6%",Moderate,geopolitical_diplomatic,2020-05-H2,2020-05-29,confirmed,1416
Minneapolis protests over George Floyd death spread to major US cities,2020-05-28,"SPX fell 0.5%, retail stocks dipped on looting fears",Low,election_political,2020-05-H2,2020-05-28,confirmed,1417
Nvidia reports record Q1 revenue driven by data center and gaming demand,2020-05-21,"NVDA up 5.3%, semiconductor index up 2%",Moderate,mega_cap_earnings,2020-05-H2,2020-05-20,date_corrected,1418
Oil prices rise above $30 per barrel as OPEC plus cuts take effect,2020-05-18,"WTI up 8%, energy sector up 3.5%",Moderate,energy_opec,2020-05-H2,2020-05-18,confirmed,1419
Nationwide protests over George Floyd death continue across US cities,2020-06-01,"SPX up 0.5%, markets largely shrugged off unrest",Low,election_political,2020-06-H1,2020-06-01,confirmed,1380
World Bank approves $160 billion COVID-19 emergency response package,2020-06-02,"EM equities up 1.2%, dollar slightly weaker",Low,fiscal_policy,2020-06-H1,2020-06-02,unverified,1381
OPEC+ agrees to extend record 9.7 million bpd output cuts by one month,2020-06-06,"WTI up 4.2%, Brent crossed $42",Moderate,energy_opec,2020-06-H1,2020-06-06,confirmed,1382
European Central Bank expands PEPP by 600 billion euros to 1.35 trillion,2020-06-04,"Euro up 0.8%, European equities up 2.1%",Moderate,monetary_policy,2020-06-H1,2020-06-04,confirmed,1383
Hertz files for Chapter 11 bankruptcy protection amid COVID-19 revenue collapse,2020-05-22,"HTZ shares down 39%, credit markets noted stress in travel sector",Moderate,credit_event,2020-06-H1,2020-05-22,confirmed,1384
US Senate passes $3 trillion HEROES Act stimulus bill faces Senate opposition,2020-05-15,"SPX muted, bill seen as dead on arrival in Senate",Low,fiscal_policy,2020-06-H1,2020-05-15,confirmed,1385
"China reports May exports fell 3.3% year-on-year, less than feared",2020-06-07,"Shanghai Composite up 0.6%, AUD up 0.4%",Low,trade_policy,2020-06-H1,2020-06-07,confirmed,1386
"Nasdaq composite closes above 10,000 for first time in history",2020-06-10,"Nasdaq hit 10,002, up 1.1% on the day",Moderate,mega_cap_corporate,2020-06-H1,2020-06-10,confirmed,1387
US imposes sanctions on International Criminal Court officials,2020-06-11,"Markets largely unaffected, EUR/USD flat",Low,geopolitical_diplomatic,2020-06-H1,2020-06-11,confirmed,1388
Beijing reports new cluster of COVID-19 cases linked to Xinfadi food market,2020-06-13,"Chinese equities down 1.4%, oil slipped 1%",Moderate,pandemic_health,2020-06-H1,2020-06-13,confirmed,1389
"Fed holds rates near zero, signals no hikes through 2023",2020-09-16,"SPX up 0.1%, 10-year yield fell slightly",Low,monetary_policy,2020-09-H2,2020-09-16,confirmed,1390
"UK government introduces Internal Market Bill, threatens to break Brexit treaty",2020-09-09,"GBP fell 0.8%, UK-EU trade deal fears escalated",Moderate,geopolitical_diplomatic,2020-09-H2,2020-09-09,confirmed,1391
"Justice Ruth Bader Ginsburg dies, opening Supreme Court vacancy before election",2020-09-18,"SPX down 0.9% Monday, fiscal stimulus hopes dimmed",Moderate,election_political,2020-09-H2,2020-09-18,confirmed,1392
"US COVID-19 death toll surpasses 200,000 as cases rise in Midwest",2020-09-22,"SPX down 1.2%, travel stocks fell 2-3%",Moderate,pandemic_health,2020-09-H2,2020-09-22,confirmed,1393
"SPX drops 3.5% as tech selloff accelerates, Nasdaq enters correction",2020-09-21,"SPX down 3.5%, Nasdaq down 3.0%, VIX hit 29",High,credit_event,2020-09-H2,2020-09-21,confirmed,1394
Trump nominates Amy Coney Barrett to Supreme Court seat,2020-09-26,"SPX down 0.6%, fiscal stimulus deal hopes faded further",Low,election_political,2020-09-H2,2020-09-26,confirmed,1395
UK reports highest daily COVID case count since pandemic began,2020-09-22,"GBP down 0.9%, FTSE 100 down 1.8%",Moderate,pandemic_health,2020-09-H2,2020-09-22,confirmed,1396
US Treasury Secretary Mnuchin signals stimulus talks with Pelosi ongoing,2020-09-24,"SPX up 0.3%, markets skeptical of near-term deal",Low,fiscal_policy,2020-09-H2,2020-09-24,confirmed,1397
"Nike reports Q1 FY2021 earnings beat, digital sales surge 82%",2020-09-22,NKE up 9% after hours,Moderate,mega_cap_earnings,2020-09-H2,2020-09-22,confirmed,1398
China's Ant Group files for record-breaking dual IPO in Hong Kong and Shanghai,2020-08-25,"Alibaba BABA up 2%, broader market flat",Low,mega_cap_corporate,2020-09-H2,2020-09-25,date_corrected,1399
Hurricane Laura makes landfall as Category 4 storm on Louisiana coast,2020-08-27,"Natural gas up 3%, oil up 1.5%, refiners volatile",Moderate,natural_disaster,2020-08-H2,2020-08-27,confirmed,1360
Nvidia announces $40 billion acquisition of Arm Holdings from SoftBank,2020-09-13,"NVDA up 5%, SFTBY up 8%",Moderate,mega_cap_corporate,2020-08-H2,2020-09-13,confirmed,1361
Trump signs executive orders banning TikTok and WeChat transactions in US,2020-08-06,"TCEHY down 5%, ByteDance deal speculation intensified",Moderate,regulatory,2020-08-H2,2020-08-06,confirmed,1362
"Japan PM Abe resigns citing health issues, longest-serving Japanese premier",2020-08-28,"Nikkei fell 1.4%, yen strengthened 0.5%",Moderate,election_political,2020-08-H2,2020-08-28,confirmed,1363
"US initial jobless claims rise to 1.3M, recovery stalls",2020-07-16,"SPX down 0.3%, recovery optimism fades",Moderate,fiscal_policy,2020-07-H2,2020-07-16,confirmed,1364
California orders bars and indoor dining closed again amid COVID surge,2020-07-13,SPX fell 0.9% on reopening rollback fears,Moderate,pandemic_health,2020-07-H2,2020-07-16,date_corrected,1365
Netflix Q2 earnings miss subscriber growth expectations sharply,2020-07-16,NFLX down 6% after-hours on subscriber miss,Moderate,mega_cap_earnings,2020-07-H2,2020-07-16,confirmed,1366
"China GDP grows 3.2% in Q2, beats expectations after COVID recovery",2020-07-16,"Shanghai Composite up 1.8%, copper prices rose",Moderate,fiscal_policy,2020-07-H2,2020-07-16,confirmed,1367
Moderna COVID-19 vaccine shows positive Phase 1 immune response data,2020-07-14,"SPX up 0.9%, MRNA up 16%",High,pandemic_health,2020-07-H2,2020-07-14,confirmed,1368
US Senate Republicans unveil $1T HEALS Act stimulus proposal,2020-07-27,"SPX up 0.7%, stimulus optimism supported markets",Moderate,fiscal_policy,2020-07-H2,2020-07-27,confirmed,1369
Gold surges past $1900 per ounce to nine-year high on dollar weakness,2020-07-27,"Gold up 2.5% to $1897, DXY hit two-year low",High,monetary_policy,2020-07-H2,2020-07-24,date_corrected,1370
US-China tensions escalate as US orders closure of Chinese consulate in Houston,2020-07-22,"SPX down 1.2%, yuan weakened slightly",Moderate,geopolitical_diplomatic,2020-07-H2,2020-07-22,confirmed,1371
"Twitter suffers major hack, accounts of Biden, Obama, Musk, Gates compromised",2020-07-15,"TWTR down 4% intraday, recovered to close down 1.3%",Low,cyber_infrastructure,2020-07-H2,2020-07-15,confirmed,1372
EU leaders agree on 750B euro COVID recovery fund after marathon summit,2020-07-21,"EUR up 1.2% vs USD, European equities up 2%",High,fiscal_policy,2020-07-H2,2020-07-21,confirmed,1373
"Tesla reports surprise Q2 profit, qualifies for S&P 500 inclusion consideration",2020-07-22,"TSLA up 9%, crossed $1500 per share",Moderate,mega_cap_earnings,2020-07-H2,2020-07-22,confirmed,1374
"Fed holds rates near zero, pledges continued support for economy",2020-07-29,"SPX up 0.4%, Powell reaffirms dovish stance",Low,monetary_policy,2020-07-H2,2020-07-29,confirmed,1375
"Fed holds rates near zero, projects no hikes through 2022",2020-06-10,"SPX up 0.1%, 10-year yield fell to 0.73%",Low,monetary_policy,2020-06-H1,2020-06-10,confirmed,1376
SPX falls 5.9% as second COVID-19 wave fears grip markets,2020-06-11,"SPX down 5.9%, VIX spiked to 40.8",High,pandemic_health,2020-06-H1,2020-06-11,confirmed,1377
"US weekly jobless claims fall to 1.54 million, still historically elevated",2020-06-04,"SPX up 0.8%, labor market recovery narrative intact",Low,fiscal_policy,2020-06-H1,2020-06-04,confirmed,1378
"US May nonfarm payrolls surge 2.5 million, shocking consensus of minus 8 million",2020-06-05,"SPX up 2.6%, unemployment rate fell to 13.3%",High,fiscal_policy,2020-06-H1,2020-06-05,confirmed,1379
"US COVID-19 daily cases exceed 200,000 for first time",2020-11-20,"SPX down 0.7%, travel and leisure stocks fell 2%",Moderate,pandemic_health,2020-11-H2,2020-11-20,confirmed,1520
Mnuchin lets four Fed emergency lending facilities expire December 31,2020-11-19,"Credit spreads widened slightly, SPX down 1.1%",Moderate,monetary_policy,2020-11-H2,2020-11-19,confirmed,1521
"Fed releases November FOMC minutes, signals readiness to expand QE",2020-11-25,"SPX up 0.2%, 10-year yield dipped 2bp",Low,monetary_policy,2020-11-H2,2020-11-25,confirmed,1522
Salesforce acquires Slack for approximately $27.7 billion in cash and stock,2020-12-01,"WORK up 38%, CRM down 8%",Moderate,mega_cap_corporate,2020-11-H2,2020-12-01,confirmed,1523
OPEC+ ministers meet to decide on extending production cuts into 2021,2020-11-30,"WTI up 1.5% in anticipation, Brent above $48",Low,energy_opec,2020-11-H2,2020-11-30,confirmed,1524
UK and EU trade deal talks continue with no-deal Brexit risk rising,2020-11-19,"GBP fell 0.8%, FTSE 100 underperformed peers",Low,geopolitical_diplomatic,2020-11-H2,2020-11-19,confirmed,1525
China's Ant Group IPO suspension upheld as regulators demand restructuring,2020-11-18,"Alibaba BABA down 3%, Hang Seng financials fell 1%",Moderate,regulatory,2020-11-H2,2020-11-18,confirmed,1526
"US Senate blocks defense bill, stalling additional COVID relief legislation",2020-11-24,"SPX flat, stimulus uncertainty persisted",Low,fiscal_policy,2020-11-H2,2020-11-24,unverified,1527
Trump announces he has tested positive for COVID-19,2020-10-02,"SPX futures down 1.5%, gold up 0.8%, USD weakened",Moderate,pandemic_health,2020-10-H1,2020-10-02,confirmed,1528
Trump discharged from Walter Reed hospital after COVID treatment,2020-10-05,"SPX up 1.8%, VIX fell 2 points",Moderate,pandemic_health,2020-10-H1,2020-10-05,confirmed,1529
"Trump halts stimulus negotiations via tweet, blames Democrats",2020-10-06,"SPX down 1.4%, Nasdaq down 1.6%",Moderate,fiscal_policy,2020-10-H1,2020-10-06,confirmed,1530
"Trump reverses course, calls for standalone stimulus checks of $1,200",2020-10-08,"SPX up 0.9%, airline stocks up 2-4%",Low,fiscal_policy,2020-10-H1,2020-10-08,confirmed,1531
"US weekly jobless claims rise unexpectedly to 840,000",2020-10-08,SPX down 0.6% intraday before recovering,Low,fiscal_policy,2020-10-H1,2020-10-08,confirmed,1532
"IMF upgrades 2020 global GDP forecast, sees shallower recession",2020-10-13,"SPX up 0.4%, EM currencies strengthened",Low,fiscal_policy,2020-10-H1,2020-10-13,confirmed,1533
Johnson and Johnson pauses COVID-19 vaccine trial after participant illness,2020-10-12,"JNJ down 2.3%, broader vaccine stocks fell 1-3%",Moderate,pandemic_health,2020-10-H1,2020-10-12,confirmed,1534
"US blacklists Chinese chipmaker SMIC, restricting exports",2020-09-26,"SMIC HK shares down 5%, Philadelphia Semiconductor Index down 1%",Moderate,trade_policy,2020-10-H1,2020-10-07,date_corrected,1535
EU and UK resume Brexit trade talks after brief suspension,2020-10-09,"GBP up 0.8%, FTSE 100 up 0.6%",Low,geopolitical_diplomatic,2020-10-H1,2020-10-09,confirmed,1536
France and Germany announce new COVID-19 lockdown restrictions,2020-10-28,"Euro Stoxx 50 down 1.8%, EUR/USD fell 0.5%",Moderate,pandemic_health,2020-10-H1,2020-10-14,date_corrected,1537
"Apple reports record Q4 revenue of $64.7B, beats estimates",2020-10-29,AAPL up 3.5% after hours before broader selloff,Moderate,mega_cap_earnings,2020-10-H1,2020-10-29,confirmed,1538
US Department of Justice files landmark antitrust lawsuit against Google,2020-10-20,"GOOGL down 1.5%, broader tech sector flat",Low,regulatory,2020-10-H1,2020-10-20,confirmed,1539
"India and China troops clash at Galwan Valley, 20 Indian soldiers killed",2020-06-16,"Indian rupee down 0.5%, Sensex down 1.2%",Low,geopolitical_military,2020-06-H2,2020-06-16,confirmed,1440
Trump signs executive order restricting H-1B and other work visas,2020-06-22,"IT services stocks fell 1-2%, Infosys down 2.5%",Low,trade_policy,2020-06-H2,2020-06-22,confirmed,1441
US Supreme Court blocks Trump administration from ending DACA program,2020-06-18,"SPX broadly flat, minimal market reaction",Low,regulatory,2020-06-H2,2020-06-18,confirmed,1442
"Federal Reserve releases results of bank stress tests, restricts dividends",2020-06-25,"KBE bank ETF down 3.7%, JPM down 4%, WFC down 6%",High,regulatory,2020-06-H2,2020-06-25,confirmed,1443
Nike reports quarterly revenue down 38% as stores closed during pandemic,2020-06-25,NKE up 11% after-hours on better-than-feared results,Moderate,mega_cap_earnings,2020-06-H2,2020-06-25,confirmed,1444
Texas and Florida pause reopening plans as COVID-19 cases spike,2020-06-25,"SPX down 2.4%, airline and hotel stocks fell 4-6%",High,pandemic_health,2020-06-H2,2020-06-25,confirmed,1445
US existing home sales fall to lowest level since 2010 in May,2020-06-22,"Homebuilder stocks dipped 0.5%, SPX flat",Low,fiscal_policy,2020-06-H2,2020-06-22,confirmed,1446
Wirecard files for insolvency after $2.1B accounting fraud revealed,2020-06-25,"Wirecard shares down 80% over week, DAX fell 0.5%",High,credit_event,2020-06-H2,2020-06-25,confirmed,1447
"China passes Hong Kong national security law, bypassing legislature",2020-06-30,"HKD held peg, Hang Seng down 0.5%, tech stocks fell",Moderate,geopolitical_diplomatic,2020-06-H2,2020-06-30,confirmed,1448
"US consumer confidence jumps to 98.1 in June, beating estimates",2020-06-30,"SPX up 1.5%, Nasdaq hit record high",Moderate,fiscal_policy,2020-06-H2,2020-06-30,unverified,1449
"US weekly jobless claims total 3.2M, bringing 7-week total to 33M",2020-05-07,"SPX down 0.7%, claims slightly below prior week",Moderate,fiscal_policy,2020-05-H1,2020-05-07,confirmed,1450
"Fed Chair Powell warns of prolonged recession, rules out negative rates",2020-05-13,"SPX down 1.8%, 10-year yield fell to 0.64%",High,monetary_policy,2020-05-H1,2020-05-13,confirmed,1451
"US April nonfarm payrolls collapse by 20.5M, unemployment hits 14.7%",2020-05-08,SPX up 1.7% as number was less bad than feared,Moderate,fiscal_policy,2020-05-H1,2020-05-08,confirmed,1452
Moderna announces positive early-stage COVID-19 vaccine trial data,2020-05-18,"MRNA up 20%, SPX up 3.2%",High,pandemic_health,2020-05-H1,2020-05-18,confirmed,1453
US Senate passes $484B additional pandemic relief package,2020-04-21,"SPX up 0.9%, small-cap stocks outperformed",Low,fiscal_policy,2020-05-H1,2020-04-21,confirmed,1454
"Trump threatens new tariffs on China, blames Beijing for pandemic",2020-05-04,"SPX down 0.4%, trade war fears resurface",Low,trade_policy,2020-05-H1,2020-05-04,confirmed,1455
"Berkshire Hathaway reports Q1 loss of $49.7B, Buffett dumps airline stocks",2020-05-02,"BRK.B down 2%, airline stocks fell 4-6%",Moderate,mega_cap_earnings,2020-05-H1,2020-05-02,confirmed,1456
Germany's Constitutional Court rules ECB bond-buying program partially illegal,2020-05-05,"Euro down 0.5%, Italian BTP spreads widened 20bp",Moderate,regulatory,2020-05-H1,2020-05-05,confirmed,1457
US-China trade tensions escalate as Trump considers revoking Hong Kong status,2020-05-06,"SPX down 0.6%, HKD briefly weakened",Low,geopolitical_diplomatic,2020-05-H1,2020-05-06,confirmed,1458
Gilead Sciences reports remdesivir shows benefit in COVID-19 patients,2020-05-01,"GILD up 2.5%, SPX up 2.7%",Moderate,pandemic_health,2020-05-H1,2020-05-01,confirmed,1459
"Disney reports Q2 revenue down 21%, suspends dividend amid park closures",2020-05-05,"DIS down 3.5%, parks segment revenue fell 58%",Moderate,mega_cap_earnings,2020-05-H1,2020-05-05,confirmed,1460
"US consumer price index falls 0.8% in April, largest monthly drop since 2008",2020-05-12,"SPX down 1.7%, deflation fears weighed on sentiment",Moderate,monetary_policy,2020-05-H1,2020-05-12,confirmed,1461
"Uber reports Q1 loss of $2.9B, announces 3,700 job cuts",2020-05-07,"UBER down 5%, ride-hailing sector under pressure",Low,mega_cap_corporate,2020-05-H1,2020-05-07,confirmed,1462
Texas and Florida begin phased reopening of economies despite rising cases,2020-05-01,"SPX up 2.7%, travel and leisure stocks gained 3-5%",Moderate,pandemic_health,2020-05-H1,2020-05-01,confirmed,1463
Fed publishes minutes showing officials see prolonged recovery path,2020-05-20,"SPX down 0.4%, Treasury yields dipped slightly",Low,monetary_policy,2020-05-H1,2020-05-20,confirmed,1464
Airbnb secures $1B emergency debt financing at steep terms,2020-04-07,"Private market valuation slashed, travel sector sentiment negative",Low,credit_event,2020-05-H1,2020-04-07,confirmed,1465
US retail sales plunge record 16.4% in April as lockdowns persist,2020-05-15,"SPX down 1.6%, consumer discretionary sector fell 2.1%",High,fiscal_policy,2020-05-H1,2020-05-15,confirmed,1466
"China reports April exports fell 3.5%, imports down 14.2% year-on-year",2020-05-07,"Shanghai Composite down 0.7%, yuan weakened slightly",Low,trade_policy,2020-05-H1,2020-05-07,confirmed,1467
"Fed holds rates near zero, signals bond purchases continue until substantial progress",2020-12-16,"SPX up 0.2%, 10-year yield flat at 0.92%",Low,monetary_policy,2020-12-H2,2020-12-16,confirmed,1468
US Congress reaches $900B COVID relief deal after months of deadlock,2020-12-20,SPX fell 0.4% as markets had largely priced in deal,Low,fiscal_policy,2020-12-H2,2020-12-20,confirmed,1469
"New highly transmissible COVID variant B.1.1.7 detected in UK, dozens of countries ban UK travel",2020-12-20,"SPX down 0.4%, oil down 2.5%, GBP down 2.5% on Monday",High,pandemic_health,2020-12-H2,2020-12-20,confirmed,1470
UK and EU agree post-Brexit trade deal on Christmas Eve,2020-12-24,"GBP up 0.8%, FTSE 100 up 1.3% on December 28 open",Moderate,geopolitical_diplomatic,2020-12-H2,2020-12-24,confirmed,1471
"Trump refuses to sign $900B COVID relief bill, demands $2000 direct payments",2020-12-22,"SPX down 0.2%, uncertainty weighed on thin holiday trading",Low,fiscal_policy,2020-12-H2,2020-12-22,confirmed,1472
Trump signs COVID relief and government funding bill after days of delay,2020-12-27,"SPX up 0.9%, Russell 2000 up 1.0%",Moderate,fiscal_policy,2020-12-H2,2020-12-27,confirmed,1473
"US House passes $2000 stimulus checks bill, Senate fate uncertain",2020-12-28,"SPX up 0.6%, consumer discretionary stocks gained",Low,fiscal_policy,2020-12-H2,2020-12-28,confirmed,1474
"Nashville Christmas Day bombing damages AT&T infrastructure, disrupts telecom networks",2020-12-25,"T down 0.5% on December 28, broader market unaffected",Low,cyber_infrastructure,2020-12-H2,2020-12-25,confirmed,1475
"Bitcoin surges past $28000 for first time, up over 300% in 2020",2020-12-27,"BTC hit $28,400 intraday, Coinbase and MicroStrategy shares rallied",Moderate,mega_cap_corporate,2020-12-H2,2020-12-27,confirmed,1476
FDA advisory panel endorses Pfizer-BioNTech COVID vaccine for emergency use,2020-12-10,"SPX up 0.6%, vaccine stocks mixed",Low,pandemic_health,2020-12-H1,2020-12-10,confirmed,1477
US Congress reaches $900B COVID relief deal framework after months of deadlock,2020-12-20,"SPX up 1.1%, small caps outperformed",Moderate,fiscal_policy,2020-12-H1,2020-12-01,date_corrected,1478
FDA grants emergency use authorization for Pfizer COVID-19 vaccine,2020-12-11,"SPX up 0.4%, BioNTech up 3%",Low,pandemic_health,2020-12-H1,2020-12-11,confirmed,1479
"Biden wins US presidential election, networks call race Saturday",2020-11-07,"SPX up 1.3% Monday, Dow up 835 points on the week",High,election_political,2020-11-H1,2020-11-07,confirmed,1500
Pfizer and BioNTech announce COVID-19 vaccine 90% effective in Phase 3 trial,2020-11-09,"SPX up 1.2%, Dow up 3%, massive rotation from growth to value",High,pandemic_health,2020-11-H1,2020-11-09,confirmed,1501
"US daily COVID-19 cases exceed 130,000, setting new record",2020-11-04,"SPX down 0.3%, airline and hotel stocks fell 2-3%",Low,pandemic_health,2020-11-H1,2020-11-04,unverified,1502
Democrats retain House majority but Republicans hold Senate lead,2020-11-04,"SPX up 2.2%, gridlock seen as positive for markets",High,election_political,2020-11-H1,2020-11-04,confirmed,1503
"Zoom Video reports Q3 revenue up 367% year-over-year, beats estimates",2020-11-30,ZM down 15% as vaccine news reduced stay-at-home premium,Moderate,mega_cap_earnings,2020-11-H1,2020-11-30,confirmed,1504
Moderna announces COVID-19 vaccine shows 94.5% efficacy in trial,2020-11-16,"SPX up 1.2% on the day, travel stocks surged 10-15%",High,pandemic_health,2020-11-H1,2020-11-16,confirmed,1505
"Trump refuses to concede, instructs GSA to block Biden transition",2020-11-07,"SPX largely unmoved, seen as temporary noise",Low,election_political,2020-11-H1,2020-11-07,confirmed,1506
UK announces four-week national lockdown to combat second COVID wave,2020-11-05,"FTSE 100 up 0.5%, pound flat as lockdown was anticipated",Low,pandemic_health,2020-11-H1,2020-11-05,date_corrected,1507
Ant Group IPO suspended by Chinese regulators days before launch,2020-11-03,"Alibaba BABA down 8%, Hong Kong Hang Seng down 1.5%",High,regulatory,2020-11-H1,2020-11-03,confirmed,1508
Disney restructures business to prioritize Disney+ streaming over theatrical,2020-11-12,"DIS up 5%, streaming stocks broadly higher",Moderate,mega_cap_corporate,2020-11-H1,2020-11-12,confirmed,1509
"Fed holds rates near zero, pledges to maintain asset purchases",2020-11-05,"SPX up 0.5%, 10-year yield flat at 0.77%",Low,monetary_policy,2020-11-H1,2020-11-05,confirmed,1510
Airbnb files for IPO targeting $30 billion valuation,2020-11-16,"IPO market broadly higher, travel sector up 3%",Low,mega_cap_corporate,2020-11-H1,2020-11-09,date_corrected,1511
Oil rises above $40 on vaccine optimism and OPEC output expectations,2020-11-09,"WTI up 8%, energy sector ETF XLE up 16% on the week",High,energy_opec,2020-11-H1,2020-11-09,confirmed,1512
US Treasury Secretary Mnuchin ends several Fed emergency lending programs,2020-11-19,"SPX down 0.7%, credit spreads widened slightly",Moderate,fiscal_policy,2020-11-H1,2020-11-19,confirmed,1513
Moderna announces COVID vaccine 94.5% effective in late-stage trial,2020-11-16,"SPX up 1.2%, travel stocks surged, Moderna up 9%",High,pandemic_health,2020-11-H2,2020-11-16,confirmed,1514
AstraZeneca Oxford vaccine shows up to 90% efficacy in trial results,2020-11-23,"SPX up 0.6%, airlines and hotels up 3-5%",Moderate,pandemic_health,2020-11-H2,2020-11-23,confirmed,1515
Trump administration authorizes presidential transition to Biden team,2020-11-23,"SPX up 0.5%, uncertainty premium reduced",Low,election_political,2020-11-H2,2020-11-23,confirmed,1516
Biden nominates Janet Yellen as Treasury Secretary,2020-11-23,"SPX up 1.6%, DXY weakened, gold up 0.8%",Moderate,fiscal_policy,2020-11-H2,2020-11-23,confirmed,1517
"US weekly jobless claims rise to 742,000, above expectations",2020-11-19,"SPX down 0.5%, recovery concerns resurface",Low,fiscal_policy,2020-11-H2,2020-11-19,confirmed,1518
Pfizer files for FDA emergency use authorization for COVID vaccine,2020-11-20,"SPX up 0.4%, vaccine rollout timeline firmed",Low,pandemic_health,2020-11-H2,2020-11-20,confirmed,1519
First COVID-19 vaccinations begin in United States,2020-12-14,"SPX up 0.4%, VIX fell below 21",Low,pandemic_health,2020-12-H1,2020-12-14,confirmed,1480
UK becomes first country to authorize Pfizer COVID vaccine for rollout,2020-12-02,"GBP up 0.5%, global equities rallied",Moderate,pandemic_health,2020-12-H1,2020-12-02,confirmed,1481
Salesforce agrees to acquire Slack for $27.7B in cash and stock deal,2020-12-01,"WORK up 38%, CRM down 8%",High,mega_cap_corporate,2020-12-H1,2020-12-01,confirmed,1482
"DoorDash IPO prices at $102 per share, surges 86% on first trading day",2020-12-09,"DASH closed at $189.51, up 85.8%",Moderate,mega_cap_corporate,2020-12-H1,2020-12-09,confirmed,1483
"Airbnb IPO prices at $68, shares more than double to close at $144.71",2020-12-10,"ABNB up 112% on debut, valued at $86B",Moderate,mega_cap_corporate,2020-12-H1,2020-12-10,confirmed,1484
ECB expands pandemic emergency purchase program by 500B euros through 2021,2020-12-10,"EUR up 0.4%, European equities up 0.5%",Low,monetary_policy,2020-12-H1,2020-12-10,confirmed,1485
Brexit trade deal talks stall as UK and EU remain deadlocked on fishing rights,2020-12-05,"GBP fell 0.8%, FTSE100 down 0.4%",Moderate,geopolitical_diplomatic,2020-12-H1,2020-12-05,confirmed,1486
US Treasury and CISA confirm SolarWinds hack compromised multiple federal agencies,2020-12-13,"SWI down 17%, cybersecurity ETF HACK up 2%",High,cyber_infrastructure,2020-12-H1,2020-12-13,confirmed,1487
"Democrats win both Georgia Senate runoffs, giving party full control of Congress",2021-01-06,"SPX futures up 1.5% overnight, 10-year yield jumped to 1.04%",High,election_political,2021-01-H1,2021-01-06,confirmed,1488
"Pro-Trump mob storms US Capitol building, halting Electoral College certification",2021-01-06,SPX fell 0.6% intraday before recovering to close up 0.6%,Moderate,election_political,2021-01-H1,2021-01-06,confirmed,1489
Fed minutes signal no near-term tapering of $120B monthly bond purchases,2021-01-06,"10-year Treasury yield rose to 1.07%, SPX up 0.6%",Low,monetary_policy,2021-01-H1,2021-01-06,confirmed,1490
US adds CNOOC and SMIC to investment blacklist over military ties,2020-12-18,"CNOOC HK shares down 14%, broader China ADRs fell 1-2%",Moderate,geopolitical_diplomatic,2021-01-H1,2021-01-14,date_corrected,1491
Biden unveils $1.9 trillion American Rescue Plan stimulus proposal,2021-01-14,"SPX up 0.7%, 10-year yield rose to 1.12%",Moderate,fiscal_policy,2021-01-H1,2021-01-14,confirmed,1492
Twitter permanently bans Trump following Capitol riot incitement,2021-01-08,TWTR down 6.4% on the day,Moderate,mega_cap_corporate,2021-01-H1,2021-01-08,confirmed,1493
"US weekly jobless claims rise to 965,000, highest since August 2020",2021-01-14,"SPX down 0.7%, 10-year yield dipped slightly",Low,fiscal_policy,2021-01-H1,2021-01-14,confirmed,1494
"UK reports record 60,000 daily COVID-19 cases as new variant spreads rapidly",2021-01-05,"GBP down 0.4%, FTSE 100 down 0.6%",Low,pandemic_health,2021-01-H1,2021-01-05,unverified,1495
China's Caixin services PMI falls to 56.3 as economy continues recovery,2021-01-05,"Hang Seng up 0.5%, minimal global market reaction",Low,fiscal_policy,2021-01-H1,2021-01-05,unverified,1496
OPEC+ reaches surprise deal as Saudi Arabia volunteers extra 1M bpd cut,2021-01-05,"WTI crude up 4.9% to $50.63, energy stocks surged",High,energy_opec,2021-01-H1,2021-01-05,confirmed,1497
Trump administration bars Americans from investing in Alibaba and Tencent,2021-01-14,"BABA down 3.5%, TCEHY down 2.8%, Nasdaq down 0.1%",Moderate,regulatory,2021-01-H1,2021-01-14,unverified,1498
Moderna COVID vaccine approved for use in EU by European Medicines Agency,2021-01-06,"MRNA up 4.1%, broader market reaction muted",Low,pandemic_health,2021-01-H1,2021-01-06,confirmed,1499
"US 10-year Treasury yield falls to 1.25%, lowest since February",2021-07-08,"SPX down 0.9%, financials fell 1.8%",Moderate,monetary_policy,2021-07-H1,2021-07-08,confirmed,1600
"OPEC+ reaches deal to increase oil output by 400,000 bpd monthly",2021-07-18,"WTI fell 7% over two days, energy stocks down 3%",High,energy_opec,2021-07-H1,2021-07-18,confirmed,1601
China cracks down on Didi days after its $4.4B US IPO listing,2021-07-02,"DIDI down 20%, Chinese ADRs broadly sold off",High,regulatory,2021-07-H1,2021-07-02,confirmed,1602
US imposes new sanctions on Cuban officials after protest crackdown,2021-07-22,"Markets largely unmoved, Cuba-linked assets illiquid",Low,geopolitical_diplomatic,2021-07-H1,2021-07-22,confirmed,1603
"PepsiCo reports Q2 earnings beat, raises full-year guidance",2021-07-13,"PEP up 2.4%, consumer staples sector outperformed",Low,mega_cap_earnings,2021-07-H1,2021-07-13,confirmed,1604
"JPMorgan reports record Q2 profit of $11.9B, releases loan-loss reserves",2021-07-13,"JPM up 1.5%, KBE bank ETF up 0.8%",Low,mega_cap_earnings,2021-07-H1,2021-07-13,confirmed,1605
"Goldman Sachs reports Q2 revenue of $15.4B, beats estimates on trading",2021-07-13,"GS up 1.1%, financials sector up 0.6%",Low,mega_cap_earnings,2021-07-H1,2021-07-13,confirmed,1606
Delta variant fears spark global risk-off selloff in equities,2021-07-19,"SPX down 0.9%, Dow down 725 points intraday",Moderate,pandemic_health,2021-07-H1,2021-07-19,confirmed,1607
"US accuses China of Microsoft Exchange hack, NATO joins condemnation",2021-07-19,"SPX down 0.9%, cybersecurity stocks rose 1-2%",Low,cyber_infrastructure,2021-07-H1,2021-07-19,confirmed,1608
"Bitcoin crashes below $30,000 after China bans crypto transactions",2021-05-19,"BTC down 30% over the week, hit $30,000 intraday",High,regulatory,2021-05-H2,2021-05-19,confirmed,1609
Fed minutes reveal officials discussed tapering asset purchases,2021-05-19,"10-year yield rose 3bp, SPX down 0.3%",Low,monetary_policy,2021-05-H2,2021-05-19,confirmed,1610
"US weekly jobless claims fall to pandemic-era low of 444,000",2021-05-20,"SPX up 0.2%, 10-year yield ticked up slightly",Low,fiscal_policy,2021-05-H2,2021-05-20,confirmed,1611
"Cisco reports Q3 earnings beat, raises full-year revenue guidance",2021-05-19,CSCO up 4% after hours,Low,mega_cap_earnings,2021-05-H2,2021-05-19,confirmed,1612
Iran nuclear deal talks in Vienna resume with US indirectly participating,2021-05-25,"Oil down 0.5%, markets largely unmoved",Low,geopolitical_diplomatic,2021-05-H2,2021-05-25,confirmed,1613
Elon Musk tweets Tesla will not accept Bitcoin over environmental concerns,2021-05-12,"BTC down 15%, TSLA down 2%",High,mega_cap_corporate,2021-05-H2,2021-05-16,date_corrected,1614
Israel and Hamas reach ceasefire ending 11-day Gaza conflict,2021-05-20,"Oil down 1%, SPX up 0.7%",Low,geopolitical_military,2021-05-H2,2021-05-20,confirmed,1615
US existing home sales fall 2.7% in April as inventory hits record low,2021-05-21,Homebuilder ETF XHB down 0.5%,Low,fiscal_policy,2021-05-H2,2021-05-21,confirmed,1616
"Nvidia reports Q1 earnings beat, data center revenue surges 79% year-on-year",2021-05-26,NVDA up 4% after hours,Moderate,mega_cap_earnings,2021-05-H2,2021-05-26,confirmed,1617
"Salesforce reports Q1 earnings and revenue beat, raises full-year guidance",2021-05-27,CRM up 5% after hours,Low,mega_cap_earnings,2021-05-H2,2021-05-27,confirmed,1618
"US PCE inflation rises 3.6% year-on-year in April, highest since 1992",2021-05-28,"SPX up 0.1%, bond yields fell slightly as transitory narrative held",Low,monetary_policy,2021-05-H2,2021-05-28,confirmed,1619
OPEC+ warns of oil demand weakness as COVID second wave spreads,2020-10-13,"WTI crude down 3.5%, Brent down 3.2%",Moderate,energy_opec,2020-10-H1,2020-10-13,confirmed,1540
Senate confirms Amy Coney Barrett to Supreme Court in party-line vote,2020-10-26,"SPX down 0.3%, markets focused on stimulus impasse",Low,election_political,2020-10-H1,2020-10-26,confirmed,1541
"Netflix Q3 earnings miss subscriber growth estimates, shares fall",2020-10-20,NFLX down 6.9% after-hours,Moderate,mega_cap_earnings,2020-10-H2,2020-10-20,confirmed,1542
Trump and Biden hold final presidential debate in Nashville,2020-10-22,"SPX up 0.5% next day, markets largely unmoved",Low,election_political,2020-10-H2,2020-10-22,confirmed,1543
"Europe enters second wave of COVID-19, France and Germany announce lockdowns",2020-10-28,"SPX down 3.5%, VIX spiked to 40, DAX down 4.2%",High,pandemic_health,2020-10-H2,2020-10-28,confirmed,1544
SPX posts worst week since March as COVID fears and stimulus deadlock weigh,2020-10-30,"SPX down 5.6% on the week, Nasdaq down 5.5%",High,pandemic_health,2020-10-H2,2020-10-30,confirmed,1545
"US weekly jobless claims rise unexpectedly to 787,000",2020-10-22,"SPX down 0.2%, move muted",Low,fiscal_policy,2020-10-H2,2020-10-22,confirmed,1546
Senate confirms Amy Coney Barrett to Supreme Court in party-line vote,2020-10-26,SPX down 1.9% on day amid broader COVID selloff,Low,election_political,2020-10-H2,2020-10-26,confirmed,1547
Alphabet Q3 earnings beat estimates on strong YouTube and cloud revenue,2020-10-29,GOOGL up 3.8% after-hours,Moderate,mega_cap_earnings,2020-10-H2,2020-10-29,confirmed,1548
Apple Q4 earnings beat on iPhone and services but miss on Mac and iPad,2020-10-29,AAPL down 3.5% after-hours on weak guidance,Moderate,mega_cap_earnings,2020-10-H2,2020-10-29,confirmed,1549
"Facebook Q3 earnings beat estimates, warns of significant ad headwinds in 2021",2020-10-29,FB down 1.7% after-hours,Low,mega_cap_earnings,2020-10-H2,2020-10-29,confirmed,1550
Amazon Q3 earnings smash estimates with $96.1B in revenue,2020-10-29,AMZN up 2.5% after-hours,Moderate,mega_cap_earnings,2020-10-H2,2020-10-29,confirmed,1551
US Q3 GDP rebounds record 33.1% annualized after historic COVID collapse,2020-10-29,SPX down 3.5% on day as COVID fears overwhelmed data,Low,fiscal_policy,2020-10-H2,2020-10-29,confirmed,1552
Nancy Pelosi sets October 23 deadline for COVID stimulus deal with White House,2020-10-19,"SPX up 0.4%, optimism faded as deadline passed without deal",Low,fiscal_policy,2020-10-H2,2020-10-19,confirmed,1553
Turkey lira hits record low as central bank holds rates despite inflation,2020-10-22,"TRY down 1.5%, hit record low of 8.02 per dollar",Moderate,monetary_policy,2020-10-H2,2020-10-22,confirmed,1554
France announces second national COVID-19 lockdown starting October 30,2020-10-28,"CAC 40 down 3.4%, euro weakened",High,pandemic_health,2020-10-H2,2020-10-28,confirmed,1555
"GameStop short squeeze accelerates, stock up 400% in days",2021-01-27,"GME up 400% week, VIX spiked to 37",High,credit_event,2021-01-H2,2021-01-22,date_corrected,1556
Reddit WallStreetBets targets heavily shorted stocks in coordinated buying,2021-01-27,"SPX down 2.6%, AMC up 300% on week",High,credit_event,2021-01-H2,2021-01-27,confirmed,1557
"Robinhood restricts buying of GameStop, AMC, and other meme stocks",2021-01-28,"GME down 44% intraday before recovering, Robinhood raised $1B emergency capital",High,regulatory,2021-01-H2,2021-01-28,confirmed,1558
Melvin Capital loses 53% in January on short positions including GameStop,2021-01-25,Citadel and Point72 inject $2.75B bailout into Melvin,Moderate,credit_event,2021-01-H2,2021-01-27,date_corrected,1559
Biden signs executive order mandating masks on federal property and interstate travel,2021-01-20,"SPX up 0.4%, markets largely unmoved",Low,pandemic_health,2021-01-H2,2021-01-20,confirmed,1560
"Biden inaugurated as 46th US President, Democrats control Congress",2021-01-20,"SPX up 0.4%, Nasdaq up 0.5%",Low,election_political,2021-01-H2,2021-01-20,confirmed,1561
"ECB holds rates steady, Lagarde warns of double-dip recession risk in eurozone",2021-01-21,"EUR/USD down 0.3%, European equities flat",Low,monetary_policy,2021-01-H2,2021-01-21,confirmed,1562
"Netflix adds record 8.5 million subscribers in Q4, beats earnings estimates",2021-01-19,NFLX up 16% after-hours,Moderate,mega_cap_earnings,2021-01-H2,2021-01-19,confirmed,1563
"US weekly jobless claims rise to 900,000, highest since September 2020",2021-01-21,"SPX down 0.3%, 10-year yield fell 2bp",Low,fiscal_policy,2021-01-H2,2021-01-21,confirmed,1564
"Biden proposes $1.9 trillion COVID relief package including $1,400 stimulus checks",2021-01-14,"SPX up 0.2%, 10-year yield rose to 1.12%",Low,fiscal_policy,2021-01-H2,2021-01-14,confirmed,1565
Silver surges as Reddit traders attempt short squeeze on SLV,2021-02-01,"Silver up 9% to $29, SLV up 7%",Moderate,supply_disruption,2021-01-H2,2021-01-29,date_corrected,1566
"UK reports 1,631 COVID deaths in single day, highest pandemic toll yet",2021-01-20,"FTSE 100 down 0.3%, GBP flat",Low,pandemic_health,2021-01-H2,2021-01-20,confirmed,1567
"Apple reports record Q1 revenue of $111.4 billion, iPhone sales surge",2021-01-27,AAPL up 3% after-hours amid broader market chaos,Moderate,mega_cap_earnings,2021-01-H2,2021-01-27,confirmed,1568
WHO team arrives in Wuhan to investigate COVID-19 origins,2021-01-14,"Markets unmoved, SPX flat on the day",Low,pandemic_health,2021-01-H2,2021-01-14,confirmed,1569
GameStop short squeeze peaks as Robinhood restricts trading,2021-01-28,"GME down 30% from Jan 28 peak, VIX elevated above 23",High,regulatory,2021-02-H1,2021-02-01,date_corrected,1570
"OPEC+ agrees to hold production steady, Saudi extends voluntary cuts",2021-01-05,"WTI crude up 2.5%, hit $57 per barrel",Moderate,energy_opec,2021-02-H1,2021-02-04,date_corrected,1571
"US January jobs report shows only 49,000 jobs added, unemployment 6.3%",2021-02-05,"SPX up 0.4%, bond yields little changed",Low,fiscal_policy,2021-02-H1,2021-02-05,confirmed,1572
Senate parliamentarian rules $15 minimum wage cannot be in reconciliation bill,2021-02-25,"SPX flat, retail sector ETF XRT down 0.3%",Low,fiscal_policy,2021-02-H1,2021-02-25,confirmed,1573
"Bitcoin surges past $40,000 after Tesla discloses $1.5B BTC purchase",2021-02-08,"BTC up 14% to $44,000, TSLA up 1.3%",Moderate,mega_cap_corporate,2021-02-H1,2021-02-08,confirmed,1574
US Senate begins Trump impeachment trial for January 6 Capitol incitement,2021-02-09,"SPX up 0.7%, markets largely unmoved by proceedings",Low,election_political,2021-02-H1,2021-02-09,confirmed,1575
10-year US Treasury yield breaks above 1.2% on stimulus and inflation fears,2021-02-08,"10Y yield hit 1.20%, tech stocks slipped 0.5%",Moderate,monetary_policy,2021-02-H1,2021-02-08,confirmed,1576
US House passes $1.9 trillion COVID relief package in budget committee,2021-02-10,"SPX up 0.5%, cyclical stocks outperformed",Low,fiscal_policy,2021-02-H1,2021-02-10,unverified,1577
Trump acquitted in second impeachment trial by Senate 57-43 vote,2021-02-13,"SPX flat on the day, no market reaction",Low,election_political,2021-02-H1,2021-02-13,confirmed,1578
"Myanmar military coup triggers US sanctions threat, protests erupt",2021-02-01,"Myanmar kyat fell sharply, regional markets down 0.5%",Low,geopolitical_military,2021-02-H1,2021-02-01,confirmed,1579
"Uber reports Q4 2020 earnings, rides revenue still down 52% year-on-year",2021-02-10,UBER up 7% on better-than-expected delivery growth,Moderate,mega_cap_earnings,2021-02-H1,2021-02-10,confirmed,1580
WTI crude oil tops $60 per barrel for first time since January 2020,2021-02-08,"WTI hit $60.08, energy sector XLE up 2.1%",Moderate,energy_opec,2021-02-H1,2021-02-11,date_corrected,1581
Texas power grid fails as winter storm Uri causes record cold snap,2021-02-15,"Natural gas futures up 40%, utilities sector down 2%",High,natural_disaster,2021-02-H1,2021-02-14,date_corrected,1582
"Airbnb reports first quarterly results since IPO, Q4 revenue beats estimates",2021-02-25,ABNB up 4% after-hours on narrower-than-expected loss,Low,mega_cap_earnings,2021-02-H1,2021-02-25,confirmed,1583
"US 10-year Treasury yield surges past 1.3%, highest since February 2020",2021-02-16,"10Y yield hit 1.33%, Nasdaq down 0.7%, growth stocks sold off",Moderate,monetary_policy,2021-02-H2,2021-02-16,confirmed,1584
"GameStop short squeeze reignites, shares surge 100% intraday",2021-02-24,"GME up 104% intraday, VIX spiked to 28",Moderate,credit_event,2021-02-H2,2021-02-24,confirmed,1585
"US 10-year Treasury yield spikes to 1.6%, triggering global equity selloff",2021-02-25,"Nasdaq down 3.5%, SPX down 2.4%, VIX jumped to 28",High,monetary_policy,2021-02-H2,2021-02-25,confirmed,1586
Fed Chair Powell testifies rates to stay low despite rising inflation expectations,2021-02-23,"Treasuries sold off, 10Y yield rose 10bp to 1.37% during testimony",Moderate,monetary_policy,2021-02-H2,2021-02-23,confirmed,1587
Texas power grid collapses as Winter Storm Uri leaves millions without heat,2021-02-15,"Natural gas futures up 40%, ERCOT-linked utilities fell 5-10%",High,natural_disaster,2021-02-H2,2021-02-16,date_corrected,1588
Biden administration extends federal student loan payment pause through September,2021-02-16,"SPX flat, consumer finance stocks down 0.5%",Low,fiscal_policy,2021-02-H2,2021-02-16,confirmed,1589
"Walmart reports Q4 2020 earnings, US comparable sales up 8.6%",2021-02-18,WMT down 6.5% on disappointing 2021 profit outlook,Moderate,mega_cap_earnings,2021-02-H2,2021-02-18,confirmed,1590
"Bitcoin surpasses $57,000 for first time as institutional adoption accelerates",2021-02-21,"BTC hit $57,492, crypto-linked stocks up 5-10%",Moderate,mega_cap_corporate,2021-02-H2,2021-02-21,confirmed,1591
Saudi Arabia and UAE resolve diplomatic rift with Qatar at GCC summit,2021-01-05,"Qatar stocks up 1.2%, regional markets largely unmoved",Low,geopolitical_diplomatic,2021-02-H2,2021-02-17,date_corrected,1592
"OPEC+ agrees to hold output steady, Saudi extends voluntary 1M bpd cut",2021-03-04,"WTI crude up 3% to above $60, highest since January 2020",High,energy_opec,2021-02-H2,2021-02-17,date_corrected,1593
US Senate parliamentarian rules $15 minimum wage cannot be in reconciliation bill,2021-02-25,"SPX down 0.5%, retail sector stocks mixed",Low,fiscal_policy,2021-02-H2,2021-02-25,confirmed,1594
"Myanmar military arrests Aung San Suu Kyi in coup, sparking international condemnation",2021-02-01,"Myanmar kyat fell 1%, regional Asian markets down 0.3%",Low,geopolitical_military,2021-02-H2,2021-02-17,date_corrected,1595
Moderna reports COVID-19 vaccine effective against South Africa variant in early data,2021-02-24,"MRNA up 4%, SPX up 0.1%",Low,pandemic_health,2021-02-H2,2021-02-24,confirmed,1596
Silver prices spike as Reddit traders attempt short squeeze on futures market,2021-02-01,"Silver up 8% intraday to $29.40, SLV ETF volume record",Moderate,supply_disruption,2021-02-H2,2021-02-01,confirmed,1597
"Delta variant drives surge in US COVID cases, CDC updates mask guidance",2021-07-27,"SPX down 0.5%, travel stocks fell 2-4%",Moderate,pandemic_health,2021-07-H1,2021-07-27,confirmed,1598
Fed Chair Powell signals no rush to taper asset purchases in testimony,2021-07-14,"SPX up 0.1%, 10-year yield fell to 1.29%",Low,monetary_policy,2021-07-H1,2021-07-14,confirmed,1599
G7 finance ministers agree on global minimum corporate tax rate of 15%,2021-06-05,Markets closed in US; European bank stocks dipped 0.3% Monday,Low,fiscal_policy,2021-05-H2,2021-05-29,date_corrected,1620
Colonial Pipeline resumes full operations after ransomware attack shutdown,2021-05-15,"Gasoline futures fell 2%, energy stocks flat",Low,supply_disruption,2021-05-H2,2021-05-17,date_corrected,1621
Turkey central bank holds rates steady despite lira weakness and high inflation,2021-05-06,TRY weakened 0.8% on the day,Low,monetary_policy,2021-05-H2,2021-05-20,date_corrected,1622
China orders ride-hailing giant Didi to be removed from app stores,2021-07-04,"DIDI down 20%, Chinese ADRs sold off broadly",High,regulatory,2021-07-H2,2021-07-05,date_corrected,1623
China orders private tutoring companies to become non-profit entities,2021-07-24,"Chinese ed-tech stocks down 50-70%, TAL down 70%, EDU down 60%",High,regulatory,2021-07-H2,2021-07-23,date_corrected,1624
Delta variant surge drives CDC to recommend indoor masks for vaccinated Americans,2021-07-27,"SPX dipped 0.5%, travel and leisure stocks fell 2-4%",Moderate,pandemic_health,2021-07-H2,2021-07-27,confirmed,1625
"Fed holds rates steady, Powell says taper discussion ongoing but not imminent",2021-07-28,"SPX up 0.2%, 10-year yield little changed at 1.26%",Low,monetary_policy,2021-07-H2,2021-07-28,confirmed,1626
"Apple reports record Q3 revenue of $81.4B, beats on all segments",2021-07-27,"AAPL up 2.5% after hours, Nasdaq futures lifted",Moderate,mega_cap_earnings,2021-07-H2,2021-07-27,confirmed,1627
"Alphabet reports Q2 revenue of $61.9B, nearly doubling year-over-year ad revenue",2021-07-27,GOOGL up 3.5% after hours,Moderate,mega_cap_earnings,2021-07-H2,2021-07-27,confirmed,1628
SPX drops 1.6% as Delta variant fears spark broad risk-off selloff,2021-07-19,"SPX down 1.6%, VIX spiked to 22, oil down 7%",High,pandemic_health,2021-07-H2,2021-07-19,confirmed,1629
US Senate reaches bipartisan deal on $1.2T infrastructure framework,2021-07-28,"Infrastructure-linked stocks up 1-3%, SPX up 0.4%",Low,fiscal_policy,2021-07-H2,2021-07-28,confirmed,1630
WTI crude oil falls over 7% on OPEC+ supply increase agreement and Delta fears,2021-07-19,"WTI down 7.5% to $66, energy sector down 4%",High,energy_opec,2021-07-H2,2021-07-19,confirmed,1631
"Microsoft reports Q4 revenue of $46.2B, cloud Azure growth at 51%",2021-07-27,MSFT up 2% after hours,Low,mega_cap_earnings,2021-07-H2,2021-07-27,confirmed,1632
China's securities regulator meets foreign banks to calm regulatory concerns,2021-07-28,"Hang Seng recovered 1.5%, Chinese ADRs bounced 3-5%",Moderate,regulatory,2021-07-H2,2021-07-28,confirmed,1633
"US GDP grows 6.5% annualized in Q2, below 8.5% consensus estimate",2021-07-29,"SPX up 0.4%, bond yields fell slightly, dollar weakened",Low,fiscal_policy,2021-07-H2,2021-07-29,confirmed,1634
"US 10-year Treasury yield retreats from 1.77% peak, bonds rally",2021-04-01,"10-year yield fell to 1.67%, TLT up 1.2%",Moderate,monetary_policy,2021-04-H1,2021-04-01,confirmed,1635
"US adds 916,000 jobs in March, blowout payrolls report released",2021-04-02,"SPX futures up 0.4%, dollar strengthened slightly",Low,fiscal_policy,2021-04-H1,2021-04-02,confirmed,1636
Biden announces $2 trillion infrastructure and jobs plan details,2021-03-31,"SPX up 0.4%, infrastructure stocks and materials sector gained",Low,fiscal_policy,2021-04-H1,2021-04-05,date_corrected,1637
Coinbase sets direct listing reference price at $250 per share on Nasdaq,2021-04-14,"COIN opened at $381, closed at $328 on debut day",Moderate,mega_cap_corporate,2021-04-H1,2021-04-14,confirmed,1638
"JPMorgan reports record Q1 profit of $14.3 billion, beats estimates",2021-04-14,"JPM up 1.8%, KBE bank ETF up 1.2%",Moderate,mega_cap_earnings,2021-04-H1,2021-04-14,confirmed,1639
Fed Chair Powell signals no rate hike despite rising yields,2021-03-04,"Nasdaq down 2.1%, market unimpressed by Powell's calm tone",Moderate,monetary_policy,2021-03-H1,2021-03-04,confirmed,1680
Roblox lists on NYSE via direct listing at $45 per share,2021-03-10,"RBLX opened at $64.50, closed up 54% from reference price",Low,mega_cap_corporate,2021-03-H1,2021-03-10,confirmed,1681
"US weekly jobless claims fall to 712,000, better than expected",2021-03-11,"SPX up 1%, Dow hit record high",Moderate,fiscal_policy,2021-03-H1,2021-03-11,confirmed,1682
European Central Bank pledges to accelerate bond purchases to cap yields,2021-03-11,"Euro stoxx up 0.9%, European yields fell 5bp",Moderate,monetary_policy,2021-03-H1,2021-03-11,confirmed,1683
China sets 2021 GDP growth target above 6% at National People's Congress,2021-03-05,"Hang Seng down 2%, market viewed target as unambitious",Low,fiscal_policy,2021-03-H1,2021-03-05,confirmed,1684
"Bitcoin surpasses $57,000 as institutional adoption accelerates",2021-03-13,"BTC up 8% on the week, crypto market cap above $1.7T",Moderate,credit_event,2021-03-H1,2021-03-13,unverified,1685
US Senate confirms Janet Yellen as Treasury Secretary,2021-01-25,"DXY flat, markets had fully anticipated confirmation",Low,election_political,2021-03-H1,2021-03-01,date_corrected,1686
Turkey central bank raises rates 200bp to 19% to fight inflation,2021-03-18,"TRY strengthened 2%, Turkish stocks up 1.5%",Moderate,monetary_policy,2021-03-H1,2021-03-18,confirmed,1687
AstraZeneca vaccine blood clot reports prompt European suspensions,2021-03-15,"AZN down 1.8%, European travel stocks fell 2%",Moderate,pandemic_health,2021-03-H1,2021-03-15,confirmed,1688
"Coinbase goes public via direct listing on Nasdaq, valued at $86B",2021-04-14,"COIN opened at $381, closed at $328, down 14% from open",Moderate,mega_cap_corporate,2021-04-H2,2021-04-14,confirmed,1689
Biden proposes raising capital gains tax to 39.6% for top earners,2021-04-22,"SPX down 0.9%, Nasdaq down 0.9% on the news",Moderate,fiscal_policy,2021-04-H2,2021-04-22,confirmed,1690
"India reports record 314,000 daily COVID-19 cases as second wave surges",2021-04-22,"Indian rupee hit 6-month low, Sensex down 1.5%",Moderate,pandemic_health,2021-04-H2,2021-04-22,unverified,1691
"Fed holds rates steady near zero, Powell says too early to taper",2021-04-28,"SPX up 0.1%, 10-year yield barely moved",Low,monetary_policy,2021-04-H2,2021-04-28,confirmed,1692
"US Q1 2021 GDP grows 6.4% annualized, beating estimates",2021-04-29,"SPX up 0.7%, DXY little changed",Low,fiscal_policy,2021-04-H2,2021-04-29,confirmed,1693
"Apple reports Q2 revenue of $89.6B, up 54% year-over-year",2021-04-28,"AAPL up 2.5% after hours, Nasdaq futures up 0.4%",Moderate,mega_cap_earnings,2021-04-H2,2021-04-28,confirmed,1694
"Amazon reports Q1 net income doubles to $8.1B, revenue up 44%",2021-04-29,AMZN up 3% after hours,Moderate,mega_cap_earnings,2021-04-H2,2021-04-29,confirmed,1695
Alphabet reports Q1 revenue surges 34% to $55.3B on ad recovery,2021-04-27,GOOGL up 4% after hours,Moderate,mega_cap_earnings,2021-04-H2,2021-04-27,confirmed,1696
"Microsoft Q3 revenue rises 19% to $41.7B, cloud growth accelerates",2021-04-27,"MSFT up 3% after hours, little index impact",Low,mega_cap_earnings,2021-04-H2,2021-04-27,confirmed,1697
"Facebook Q1 revenue jumps 48% to $26.2B, daily active users rise",2021-04-28,FB up 6% after hours,Moderate,mega_cap_earnings,2021-04-H2,2021-04-28,confirmed,1698
Biden announces $1.8T American Families Plan funded by tax increases,2021-04-28,"SPX up 0.7%, markets focused on spending not taxes",Low,fiscal_policy,2021-04-H2,2021-04-28,confirmed,1699
"Goldman Sachs reports Q1 net revenue of $17.7 billion, doubles estimates",2021-04-14,"GS up 2.3%, financials sector outperformed",Moderate,mega_cap_earnings,2021-04-H1,2021-04-14,confirmed,1640
US pauses Johnson and Johnson COVID vaccine over rare blood clot cases,2021-04-13,"JNJ down 1.4%, broader market largely unfazed, SPX flat",Low,pandemic_health,2021-04-H1,2021-04-13,confirmed,1641
Biden administration announces withdrawal of all US troops from Afghanistan by September,2021-04-14,"Defense stocks dipped slightly, SPX unmoved",Low,geopolitical_military,2021-04-H1,2021-04-14,confirmed,1642
Turkey central bank holds rates steady after shock March rate hike reversal fears,2021-04-15,"Turkish lira TRY stabilized, EM currencies steady",Low,monetary_policy,2021-04-H1,2021-04-15,confirmed,1643
US imposes new sanctions on Russia over SolarWinds hack and election interference,2021-04-15,"Russian ruble down 1.5%, RSX ETF down 2.1%",Moderate,geopolitical_diplomatic,2021-04-H1,2021-04-15,confirmed,1644
"Bitcoin surges past $60,000 ahead of Coinbase direct listing on Nasdaq",2021-04-13,"BTC hit $63,000 all-time high, crypto-linked stocks rallied 3-5%",Moderate,mega_cap_corporate,2021-04-H1,2021-04-13,confirmed,1645
OPEC+ confirms gradual output increase plan starting May through July,2021-04-01,"WTI oil up 1.3% to $61.45, energy stocks gained 1%",Low,energy_opec,2021-04-H1,2021-04-01,confirmed,1646
"Fed holds rates near zero, upgrades 2021 GDP forecast to 6.5%",2021-03-17,"SPX up 0.3%, 10-year yield fell slightly to 1.64%",Low,monetary_policy,2021-03-H2,2021-03-17,confirmed,1647
Powell reiterates Fed will not hike rates despite growth surge,2021-03-17,"Nasdaq up 0.4%, bond yields eased briefly",Low,monetary_policy,2021-03-H2,2021-03-17,confirmed,1648
"US 10-year Treasury yield surges past 1.75%, highest since January 2020",2021-03-18,"Nasdaq down 3%, SPX down 0.8%, tech selloff accelerated",High,fiscal_policy,2021-03-H2,2021-03-18,confirmed,1649
Biden signs $1.9 trillion American Rescue Plan into law,2021-03-11,"SPX up 0.6%, stimulus checks begin rolling out",Moderate,fiscal_policy,2021-03-H2,2021-03-11,confirmed,1650
AstraZeneca vaccine suspended by multiple European countries over clot fears,2021-03-15,"European indices down 0.5-1%, AZN down 3%",Moderate,pandemic_health,2021-03-H2,2021-03-15,confirmed,1651
Archegos Capital forced liquidation triggers $20B block trade dump,2021-03-26,"CS down 14%, Nomura down 16%, ViacomCBS down 27%",High,credit_event,2021-03-H2,2021-03-26,confirmed,1652
Suez Canal blocked as Ever Given container ship runs aground,2021-03-23,"Oil up 3%, shipping stocks up 1-2%, SPX flat",Moderate,supply_disruption,2021-03-H2,2021-03-23,confirmed,1653
US imposes sanctions on Chinese officials over Xinjiang human rights abuses,2021-03-22,"Chinese stocks down 1%, SPX flat",Low,geopolitical_diplomatic,2021-03-H2,2021-03-22,confirmed,1654
China retaliates with sanctions on EU officials over Xinjiang measures,2021-03-22,"EU-China trade deal talks stalled, DAX down 0.4%",Low,geopolitical_diplomatic,2021-03-H2,2021-03-22,confirmed,1655
Nike reports Q3 earnings beat with 19% revenue growth in North America,2021-03-18,"NKE up 4% after hours, Dow futures lifted",Low,mega_cap_earnings,2021-03-H2,2021-03-18,confirmed,1656
GameStop shares surge 50% as retail traders reignite short squeeze,2021-03-25,"GME up 53%, short interest remained elevated",Moderate,mega_cap_corporate,2021-03-H2,2021-03-25,unverified,1657
Turkey central bank governor Naci Agbal fired by Erdogan decree,2021-03-20,"Turkish lira down 15%, EM currencies broadly sold off",High,monetary_policy,2021-03-H2,2021-03-20,confirmed,1658
"US and China hold first high-level talks in Alaska, tone turns confrontational",2021-03-18,"SPX flat, DXY up 0.2%, no market-moving outcome",Low,geopolitical_diplomatic,2021-03-H2,2021-03-18,confirmed,1659
CDC and FDA recommend pause on Johnson and Johnson COVID vaccine,2021-04-13,"JNJ down 1.3%, SPX down 0.4%",Low,pandemic_health,2021-04-H2,2021-04-13,confirmed,1700
Turkey central bank holds rates steady after surprise March hike,2021-04-15,"Turkish lira gained 0.5%, EM currencies steady",Low,monetary_policy,2021-04-H2,2021-04-15,confirmed,1701
US sanctions Russia over SolarWinds hack and election interference,2021-04-15,"Russian ruble down 0.8%, RTS index down 1.2%",Low,geopolitical_diplomatic,2021-04-H2,2021-04-15,confirmed,1702
G7 leaders agree on global minimum corporate tax rate of 15%,2021-06-05,"SPX up 0.9%, banks and multinationals mixed",Moderate,fiscal_policy,2021-06-H1,2021-06-05,confirmed,1703
"US May jobs report adds 559,000 payrolls, below 671,000 forecast",2021-06-04,"SPX up 0.9%, 10-year yield fell to 1.56%",Low,fiscal_policy,2021-06-H1,2021-06-04,confirmed,1704
ECB keeps pandemic bond-buying pace elevated at quarterly review,2021-06-10,"EUR down 0.3%, European equities flat",Low,monetary_policy,2021-06-H1,2021-06-10,confirmed,1705
"US CPI surges 5.0% year-over-year in May, highest since 2008",2021-06-10,"10-year yield fell to 1.43%, SPX up 0.5%",Moderate,monetary_policy,2021-06-H1,2021-06-10,confirmed,1706
"Biden and Putin hold Geneva summit, agree on arms control talks",2021-06-16,"SPX flat, ruble strengthened 0.5%",Low,geopolitical_diplomatic,2021-06-H1,2021-06-16,confirmed,1707
AMC Entertainment shares surge over 95% in meme stock frenzy,2021-06-02,"AMC up 95% intraday, hit $72.62 before retreating",Moderate,mega_cap_corporate,2021-06-H1,2021-06-02,confirmed,1708
"China's factory gate PPI rises 9% year-over-year, stoking inflation fears",2021-06-09,"Commodity stocks rose, SPX little changed",Low,trade_policy,2021-06-H1,2021-06-09,confirmed,1709
G7 backs global infrastructure plan to rival China's Belt and Road,2021-06-12,"Markets largely unmoved, SPX up 0.2%",Low,geopolitical_diplomatic,2021-06-H1,2021-06-12,confirmed,1710
Microsoft announces acquisition of Nuance Communications for $19.7B,2021-04-12,"NUAN up 17%, MSFT down 0.4%",Moderate,mega_cap_corporate,2021-06-H1,2021-06-01,date_corrected,1711
IEA calls on OPEC to pump more oil to cool surging energy prices,2021-06-04,"WTI dipped 0.5%, settled near $69",Low,energy_opec,2021-06-H1,2021-06-04,confirmed,1712
US Senate advances bipartisan infrastructure framework worth $579B,2021-06-10,"Infrastructure-linked stocks rose 1-2%, SPX up 0.5%",Moderate,fiscal_policy,2021-06-H1,2021-06-10,unverified,1713
"GameStop reports Q1 earnings, revenue up 25% as transformation continues",2021-06-09,"GME up 13% after hours, volatile session",Low,mega_cap_earnings,2021-06-H1,2021-06-09,confirmed,1714
UK delays full reopening by four weeks due to Delta variant spread,2021-06-14,"GBP down 0.5%, UK travel stocks fell 2-4%",Moderate,pandemic_health,2021-06-H1,2021-06-14,confirmed,1715
Colonial Pipeline resumes full operations after ransomware attack shutdown,2021-05-15,"Gasoline futures fell 1%, energy stocks flat",Low,supply_disruption,2021-06-H1,2021-06-04,date_corrected,1716
Elon Musk tweets Tesla will stop accepting Bitcoin as payment over environmental concerns,2021-05-12,"BTC down 15%, TSLA down 4%",High,mega_cap_corporate,2021-05-H1,2021-05-12,confirmed,1717
"US CPI rises 4.2% year-over-year in April, hottest reading since 2008",2021-05-12,"SPX down 2.1%, Nasdaq down 2.7%, 10Y yield up 7bp",High,fiscal_policy,2021-05-H1,2021-05-12,confirmed,1718
Colonial Pipeline resumes operations after ransomware attack shutdown,2021-05-15,"Gasoline futures fell 2%, RBOB retreated from highs",Low,supply_disruption,2021-05-H1,2021-05-12,date_corrected,1719
Biden administration proposes $3 trillion infrastructure and social spending package,2021-03-31,"Infrastructure stocks up 1-2%, SPX up 0.5%",Moderate,fiscal_policy,2021-03-H2,2021-03-24,date_corrected,1660
"Fed dot plot shifts hawkish, projects two rate hikes in 2023",2021-06-16,"DXY up 0.9%, gold down 2%, SPX down 0.5%",High,monetary_policy,2021-06-H2,2021-06-16,confirmed,1661
St. Louis Fed's Bullard says first rate hike could come as soon as 2022,2021-06-18,"DXY hit 92.2, gold down 1.8% on Monday",Moderate,monetary_policy,2021-06-H2,2021-06-18,confirmed,1662
G7 leaders agree on global minimum corporate tax rate of 15%,2021-06-05,"SPX up 0.2%, limited market reaction",Low,fiscal_policy,2021-06-H2,2021-06-13,date_corrected,1663
"Bitcoin drops below $32,000 amid China mining crackdown intensification",2021-06-21,"BTC down 10% intraday, hit $31,000",Moderate,regulatory,2021-06-H2,2021-06-21,confirmed,1664
US Supreme Court upholds Affordable Care Act for third time,2021-06-17,"Hospital stocks up 1-2%, SPX flat",Low,regulatory,2021-06-H2,2021-06-17,confirmed,1665
"Nike reports Q4 fiscal 2021 earnings, revenue beats estimates on digital surge",2021-06-24,NKE up 15% after hours,Moderate,mega_cap_earnings,2021-06-H2,2021-06-24,confirmed,1666
Biden announces bipartisan infrastructure deal worth $579 billion in new spending,2021-06-24,"SPX up 0.3%, infrastructure stocks rose 1-3%",Low,fiscal_policy,2021-06-H2,2021-06-24,confirmed,1667
"Fed's Powell tells Congress inflation is transitory, reiterates accommodative stance",2021-06-22,"SPX up 0.5%, 10-year yield fell to 1.47%",Low,monetary_policy,2021-06-H2,2021-06-22,confirmed,1668
Brent crude rises above $75 per barrel for first time since 2018,2021-06-28,"Brent hit $76, WTI above $73",Moderate,energy_opec,2021-06-H2,2021-06-28,confirmed,1669
OPEC+ meeting postponed as UAE blocks production increase agreement,2021-07-02,"Oil up 1.5%, Brent briefly above $77",Moderate,energy_opec,2021-06-H2,2021-07-02,confirmed,1670
"Delta variant COVID cases surge in UK, threatening reopening plans",2021-06-14,"Travel stocks down 2-3%, SPX down 0.2%",Low,pandemic_health,2021-06-H2,2021-06-14,confirmed,1671
"Didi Chuxing raises $4.4 billion in US IPO, largest since Uber",2021-06-30,DIDI opened up 18% then closed up 1% on debut day,Low,mega_cap_corporate,2021-06-H2,2021-06-30,confirmed,1672
US Justice Department drops antitrust lawsuit against Yale over financial aid,2021-06-23,No measurable market impact,Low,regulatory,2021-06-H2,2021-06-23,unverified,1673
SPX posts worst week since February as hawkish Fed sparks dollar surge,2021-06-18,"SPX down 1.9% for the week, Russell 2000 down 4.2%",High,monetary_policy,2021-06-H2,2021-06-18,confirmed,1674
US Senate passes $1.9T American Rescue Plan stimulus bill,2021-03-06,"SPX up 0.5%, 10-year yield hit 1.62%",Moderate,fiscal_policy,2021-03-H1,2021-03-06,confirmed,1675
"US 10-year Treasury yield surges to 1.6%, highest since Feb 2020",2021-03-08,"Nasdaq down 2.4%, tech selloff accelerated",High,monetary_policy,2021-03-H1,2021-03-08,confirmed,1676
Biden signs $1.9T American Rescue Plan into law,2021-03-11,"SPX up 0.1%, largely priced in after Senate passage",Low,fiscal_policy,2021-03-H1,2021-03-11,confirmed,1677
FDA authorizes Johnson & Johnson single-dose COVID vaccine,2021-02-27,"JNJ up 1.5%, SPX up 0.2%",Low,pandemic_health,2021-03-H1,2021-03-01,date_corrected,1678
OPEC+ surprises markets by holding production cuts steady,2021-03-04,"WTI up 4% to $63, energy stocks surged",High,energy_opec,2021-03-H1,2021-03-04,confirmed,1679
Israel launches airstrikes on Gaza as Hamas rocket fire escalates sharply,2021-05-10,"Oil up 1%, gold up 0.5%, SPX down 0.2%",Low,geopolitical_military,2021-05-H1,2021-05-10,confirmed,1720
Fed officials signal no rush to taper asset purchases despite hot inflation data,2021-05-05,"SPX up 0.3%, 10Y yield dipped slightly",Low,monetary_policy,2021-05-H1,2021-05-05,confirmed,1721
"April US jobs report misses badly, adding only 266K versus 1M expected",2021-05-07,"SPX up 0.7%, yields fell, dollar weakened on taper delay bets",Moderate,fiscal_policy,2021-05-H1,2021-05-07,confirmed,1722
Dogecoin surges above $0.70 ahead of Elon Musk SNL appearance,2021-05-07,"DOGE hit all-time high of $0.74, crypto market cap above $2.4T",Moderate,mega_cap_corporate,2021-05-H1,2021-05-07,confirmed,1723
Dogecoin crashes 30% after Elon Musk calls it a hustle on SNL,2021-05-08,"DOGE down 30% intraday, broader crypto market sold off",Moderate,mega_cap_corporate,2021-05-H1,2021-05-08,confirmed,1724
"Coinbase reports Q1 revenue of $1.8B, beating estimates in first earnings as public company",2021-05-13,COIN down 6% on guidance concerns despite beat,Low,mega_cap_earnings,2021-05-H1,2021-05-13,confirmed,1725
Nasdaq enters correction territory as inflation fears trigger tech rotation,2021-05-13,"Nasdaq down 2.3%, down over 10% from February peak",High,regulatory,2021-05-H1,2021-05-13,confirmed,1726
China bans financial institutions from offering crypto-related services,2021-05-18,"BTC down 10%, Ethereum down 15% on the news",High,regulatory,2021-05-H1,2021-05-18,confirmed,1727
US weekly jobless claims fall to pandemic-era low of 473K,2021-05-13,"SPX little changed, bond yields steady",Low,fiscal_policy,2021-05-H1,2021-05-13,confirmed,1728
CDC announces fully vaccinated Americans no longer need to wear masks indoors,2021-05-13,"Travel and leisure stocks surged 2-4%, SPX up 1.2%",Moderate,pandemic_health,2021-05-H1,2021-05-13,confirmed,1729
"Archegos-linked Credit Suisse reports $4.7B loss, suspends buyback and cuts dividend",2021-04-22,"CS down 2%, broader bank stocks little changed",Low,credit_event,2021-05-H1,2021-05-06,date_corrected,1730
Fed Chair Powell signals tapering likely in 2021 at Jackson Hole,2021-08-27,"SPX up 0.9%, 10-year yield fell 2bp, dollar softened",Moderate,monetary_policy,2021-08-H2,2021-08-27,confirmed,1731
"Taliban seizes Kabul, Afghan government collapses in hours",2021-08-15,"SPX down 0.7%, oil down 2%, gold up 0.5%",Low,geopolitical_military,2021-08-H2,2021-08-15,confirmed,1732
"Nvidia reports Q2 revenue of $6.51B, up 68% year-over-year",2021-08-18,"NVDA up 4% after hours, Nasdaq up 0.3% next day",Moderate,mega_cap_earnings,2021-08-H2,2021-08-18,confirmed,1733
FOMC minutes signal Fed could taper bond purchases this year,2021-08-18,"SPX down 0.7%, 10-year yield up 3bp, gold fell 1%",Moderate,monetary_policy,2021-08-H2,2021-08-18,confirmed,1734
US suicide bombing at Kabul airport kills 13 US troops and 170 Afghans,2021-08-26,"SPX down 0.5%, oil up 1%, gold up 0.3%",Low,geopolitical_military,2021-08-H2,2021-08-26,confirmed,1735
"China's Didi faces forced delisting from US exchanges, regulators demand app removed",2021-07-02,"DIDI down 20%, Chinese ADRs sold off broadly 3-5%",Moderate,regulatory,2021-08-H2,2021-08-27,date_corrected,1736
Hurricane Ida makes landfall in Louisiana as Category 4 storm,2021-08-29,"Natural gas up 4%, oil up 1.5%, insurers down 1-2%",Moderate,natural_disaster,2021-08-H2,2021-08-29,confirmed,1737
US consumer confidence falls sharply to six-month low on Delta variant fears,2021-08-24,"SPX down 0.2%, consumer discretionary sector flat",Low,pandemic_health,2021-08-H2,2021-08-24,confirmed,1738
FDA grants full approval to Pfizer-BioNTech COVID-19 vaccine,2021-08-23,"SPX up 0.9%, travel stocks up 2-3%, BNTX up 9%",Moderate,pandemic_health,2021-08-H2,2021-08-23,confirmed,1739
"Swiss National Bank raises rates by 50bp, first hike in 15 years",2022-06-16,"CHF surged 2%, Swiss stocks fell 3.4%",High,monetary_policy,2022-06-H2,2022-06-16,confirmed,2080
"Bank of England raises rates by 25bp to 1.25%, fifth consecutive hike",2022-06-16,"GBP fell 1.2%, FTSE 100 down 0.4%",Moderate,monetary_policy,2022-06-H2,2022-06-16,confirmed,2081
"SPX enters official bear market, down over 20% from January peak",2022-06-13,"SPX closed at 3666, down 23.6% from all-time high",High,credit_event,2022-06-H2,2022-06-16,date_corrected,2082
Celsius Network freezes customer withdrawals citing extreme market conditions,2022-06-13,"Bitcoin fell 15% to below $23,000, crypto sector sold off broadly",High,credit_event,2022-06-H2,2022-06-13,confirmed,2083
Three Arrows Capital crypto hedge fund defaults on $670M loan from Voyager,2022-07-01,"Bitcoin fell 5% to $20,700, Coinbase down 10%",Moderate,credit_event,2022-06-H2,2022-06-27,date_corrected,2084
"ECB holds emergency meeting, pledges new anti-fragmentation bond tool",2022-06-15,"Italian BTP spreads tightened 25bp, EUR up 0.6%",Moderate,monetary_policy,2022-06-H2,2022-06-15,confirmed,2085
G7 leaders agree to ban Russian gold imports at Schloss Elmau summit,2022-06-26,"Gold down 0.3%, market impact minimal",Low,geopolitical_diplomatic,2022-06-H2,2022-06-26,confirmed,2086
NATO invites Finland and Sweden to join alliance at Madrid summit,2022-06-29,"SEK and FIN assets barely moved, SPX up 0.2%",Low,geopolitical_diplomatic,2022-06-H2,2022-06-29,confirmed,2087
US consumer sentiment hits record low of 50.0 in June University of Michigan survey,2022-06-10,SPX fell 0.4% on the data print,Low,fiscal_policy,2022-06-H2,2022-06-17,date_corrected,2088
Nike Q4 earnings beat but gross margins disappoint on supply chain costs,2022-06-27,"NKE down 7% after hours, Dow futures fell 0.3%",Moderate,mega_cap_earnings,2022-06-H2,2022-06-27,confirmed,2089
WTI crude oil falls below $100 per barrel on recession demand fears,2022-06-22,"WTI fell to $101, energy sector down 5% on the week",Moderate,energy_opec,2022-06-H2,2022-06-22,unverified,2090
Biden calls on Congress to suspend federal gasoline tax for three months,2022-06-22,"Gasoline futures down 1%, SPX up 0.4%",Low,fiscal_policy,2022-06-H2,2022-06-22,confirmed,2091
"Fed pauses rate hikes, holds at 5.00-5.25% after 10 consecutive increases",2023-06-14,"SPX up 1.0%, Nasdaq up 1.5%, DXY fell 0.5%",Moderate,monetary_policy,2023-06-H1,2023-06-14,confirmed,2092
Fed dot plot signals two more 25bp rate hikes expected in 2023,2023-06-14,2-year Treasury yield rose 10bp to 4.72%,Moderate,monetary_policy,2023-06-H1,2023-06-14,confirmed,2093
"US CPI inflation falls to 4.0% in May, lowest since March 2021",2023-06-13,"SPX up 0.7%, 2-year yield fell 13bp",Moderate,fiscal_policy,2023-06-H1,2023-06-13,confirmed,2094
"Apple WWDC unveils Vision Pro mixed-reality headset priced at $3,499",2023-06-05,"AAPL up 2.0%, market cap briefly crossed $3 trillion",Moderate,mega_cap_corporate,2023-06-H1,2023-06-05,confirmed,2095
"Nasdaq 100 enters bull market, up over 20% from October 2022 lows",2023-06-08,"QQQ up 0.4%, Nasdaq 100 year-to-date gain exceeds 35%",Low,mega_cap_corporate,2023-06-H1,2023-06-08,unverified,2096
Saudi Arabia announces additional unilateral 1 million bpd oil output cut for July,2023-06-04,"WTI fell 2% despite cut, settled near $71",Low,energy_opec,2023-06-H1,2023-06-04,confirmed,2097
OPEC+ meeting extends existing production cuts through 2024,2023-06-04,Brent crude down 3% on muted reaction to cuts,Low,energy_opec,2023-06-H1,2023-06-04,confirmed,2098
"US May jobs report shows 339,000 payrolls added, far above 190,000 estimate",2023-06-02,"SPX up 1.4%, unemployment rate rose to 3.7%",Moderate,fiscal_policy,2023-06-H1,2023-06-02,confirmed,2099
"Fed signals three rate hikes in 2022, accelerates taper to $30B per month",2021-12-15,"SPX up 1.6%, 10-year yield rose to 1.45%",Moderate,monetary_policy,2021-12-H1,2021-12-15,confirmed,1740
"Omicron variant spreads rapidly, WHO warns of severe global risk",2021-11-26,"SPX down 1.9%, oil down 4%, VIX spiked to 31",High,pandemic_health,2021-12-H1,2021-12-01,date_corrected,1741
"US CPI hits 6.8% year-over-year, highest reading since 1982",2021-12-10,"SPX up 0.9%, 10-year yield little changed at 1.48%",Low,fiscal_policy,2021-12-H1,2021-12-10,confirmed,1742
Biden and Putin hold two-hour video call over Ukraine military buildup,2021-12-07,"SPX up 1.2%, markets relieved by diplomatic tone",Low,geopolitical_diplomatic,2021-12-H1,2021-12-07,confirmed,1743
Evergrande officially declared in default by Fitch on missed bond payments,2021-12-09,"HYG down 0.4%, Chinese property stocks fell 3-5%",Moderate,credit_event,2021-12-H1,2021-12-09,confirmed,1744
"Oracle reports Q2 earnings, shares surge 16% on cloud revenue beat",2021-12-09,"ORCL up 15.6% next session, largest single-day gain in 20 years",Moderate,mega_cap_earnings,2021-12-H1,2021-12-09,confirmed,1745
"UK reports record daily Omicron cases, government considers new restrictions",2021-12-12,"FTSE down 0.8%, travel stocks fell 2-4%",Low,pandemic_health,2021-12-H1,2021-12-12,confirmed,1746
"US Senate passes debt ceiling increase by $2.5 trillion, avoiding default",2021-12-16,"SPX up 0.3%, Treasury yields steady",Low,fiscal_policy,2021-12-H1,2021-12-07,date_corrected,1747
ECB announces end of pandemic emergency bond purchases in March 2022,2021-12-16,"EUR up 0.4%, European equities rose 0.8%",Moderate,monetary_policy,2021-12-H1,2021-12-16,confirmed,1748
Biden administration bans imports from China's Xinjiang region over forced labor,2021-12-23,"SPX flat, targeted Chinese suppliers fell 1-2%",Low,trade_policy,2021-12-H1,2021-12-01,date_corrected,1749
"US July jobs report adds 943,000 payrolls, unemployment falls to 5.4%",2021-08-06,"SPX up 0.2%, 10-year Treasury yield rose to 1.30%",Low,fiscal_policy,2021-08-H1,2021-08-06,confirmed,1750
Taliban seizes Kabul as Afghan government collapses in days,2021-08-15,"SPX down 0.7%, oil down 2%, gold up 0.3%",Low,geopolitical_military,2021-08-H1,2021-08-15,confirmed,1751
Fed publishes July FOMC minutes signaling tapering could begin in 2021,2021-08-18,"10-year yield up 5bp, SPX down 0.3%",Low,monetary_policy,2021-08-H1,2021-08-11,date_corrected,1752
"Robinhood reports first earnings as public company, revenue misses estimates",2021-08-18,HOOD down 27% following day,Moderate,mega_cap_earnings,2021-08-H1,2021-08-11,date_corrected,1753
US Senate passes $1 trillion bipartisan infrastructure bill,2021-08-10,"SPX up 0.3%, infrastructure stocks modestly higher",Low,fiscal_policy,2021-08-H1,2021-08-10,confirmed,1754
"Delta variant drives US COVID-19 daily cases above 100,000 for first time since winter",2021-08-04,"SPX down 0.5%, travel stocks fell 2-4%",Low,pandemic_health,2021-08-H1,2021-08-04,confirmed,1755
China orders Didi to delist from US exchanges over data security concerns,2021-12-03,"DIDI down 20%, Chinese ADRs broadly sold off",Moderate,regulatory,2021-08-H1,2021-08-04,date_corrected,1756
"Haiti struck by 7.2 magnitude earthquake, over 1,400 killed",2021-08-14,"Markets largely unaffected, SPX flat",Low,natural_disaster,2021-08-H1,2021-08-14,confirmed,1757
WTI crude oil falls below $65 on demand fears from Delta variant spread,2021-08-09,"WTI down 3.6% to $65.69, energy sector down 2%",Moderate,energy_opec,2021-08-H1,2021-08-09,confirmed,1758
"US CPI rises 6.2% year-over-year in October, highest since 1990",2021-11-10,"SPX down 0.8%, 10-year yield up 10bp, gold up 1.5%",High,fiscal_policy,2021-11-H1,2021-11-10,confirmed,1759
UK Prime Minister Boris Johnson resigns after mass cabinet walkout,2022-07-07,"GBP up 0.5% on relief, FTSE 100 up 0.3%",Low,election_political,2022-07-H1,2022-07-07,confirmed,2040
"JPMorgan Chase Q2 earnings miss, suspends share buybacks on capital concerns",2022-07-14,"JPM down 3.5%, KBE bank ETF down 2.1%",Moderate,mega_cap_earnings,2022-07-H1,2022-07-14,confirmed,2041
WTI crude oil falls below $100 per barrel on recession demand fears,2022-07-05,"WTI down 8% on the week, energy sector down 4%",Moderate,energy_opec,2022-07-H1,2022-07-05,confirmed,2042
"US June PPI rises 11.3% year-over-year, above expectations",2022-07-14,"SPX down 0.3%, bond yields little changed after CPI shock",Low,fiscal_policy,2022-07-H1,2022-07-14,confirmed,2043
"ECB raises rates by 50bp, first hike in 11 years, ends negative rate era",2022-07-21,"EUR up 0.7%, European equities rallied, DAX up 1.3%",High,monetary_policy,2022-07-H2,2022-07-21,confirmed,2044
ECB unveils new Transmission Protection Instrument to cap bond spreads,2022-07-21,"Italian BTP-Bund spread tightened 15bp, EUR strengthened",Moderate,monetary_policy,2022-07-H2,2022-07-21,confirmed,2045
"Italian PM Draghi resigns after coalition collapse, snap elections called",2022-07-21,"Italian BTP yields spiked 20bp, EUR fell 0.5%",Moderate,election_political,2022-07-H2,2022-07-21,confirmed,2046
"Fed raises rates by 75bp for second consecutive meeting, funds rate at 2.25-2.5%",2022-07-27,"SPX up 2.6%, Nasdaq up 4.1% as Powell signals slower future hikes",High,monetary_policy,2022-07-H2,2022-07-27,confirmed,2047
"US Q2 GDP contracts 0.9%, second consecutive negative quarter",2022-07-28,"SPX up 1.2%, bond yields fell as recession fears reinforced rate pause hopes",Moderate,fiscal_policy,2022-07-H2,2022-07-28,confirmed,2048
"Meta reports first ever revenue decline in Q2 earnings, shares fall",2022-07-27,"META down 5.2% after-hours, Nasdaq futures dipped briefly",Moderate,mega_cap_earnings,2022-07-H2,2022-07-27,confirmed,2049
"Apple and Amazon beat Q2 earnings estimates, shares surge after hours",2022-07-28,"AAPL up 3.3%, AMZN up 10.4% next session, Nasdaq up 1.1%",High,mega_cap_earnings,2022-07-H2,2022-07-28,confirmed,2050
Russia cuts Nord Stream 1 gas flows to 20% of capacity via single turbine,2022-07-27,"European natural gas up 8%, DAX down 0.6%",Moderate,supply_disruption,2022-07-H2,2022-07-25,date_corrected,2051
"US and Taiwan announce trade talks, China warns of serious consequences",2022-07-20,"Taiwan dollar slipped 0.3%, TSMC ADR down 1%",Low,geopolitical_diplomatic,2022-07-H2,2022-07-20,confirmed,2052
Alphabet reports Q2 earnings miss as ad revenue slows sharply,2022-07-26,"GOOGL down 5.6% after hours, digital ad peers fell 2-4%",Moderate,mega_cap_earnings,2022-07-H2,2022-07-26,confirmed,2053
"US CPI rises 8.5% in July, below June peak of 9.1%",2022-08-10,"SPX up 2.1%, Nasdaq up 2.9%, 10Y yield fell 10bp",High,fiscal_policy,2022-08-H1,2022-08-10,confirmed,2054
Pelosi lands in Taiwan despite Chinese military warnings,2022-08-02,"SPX down 0.7%, Taiwan dollar weakened, oil fell 4%",Moderate,geopolitical_diplomatic,2022-08-H1,2022-08-02,confirmed,2055
China launches live-fire military exercises encircling Taiwan,2022-08-04,"SPX down 0.2%, TSMC ADR down 3%, safe-haven flows limited",Low,geopolitical_military,2022-08-H1,2022-08-04,confirmed,2056
US Senate passes Inflation Reduction Act with $369B climate spending,2022-08-07,"Solar ETF TAN up 4%, clean energy stocks rallied, SPX flat",Moderate,fiscal_policy,2022-08-H1,2022-08-07,confirmed,2057
"US adds 528,000 jobs in July, crushing 250,000 estimate",2022-08-05,"SPX down 0.2%, 2Y Treasury yield spiked 20bp to 3.24%",Moderate,fiscal_policy,2022-08-H1,2022-08-05,confirmed,2058
Coinbase reports Q2 revenue down 63% year-over-year amid crypto winter,2022-08-09,"COIN down 11%, Bitcoin fell below $23,000",Moderate,mega_cap_earnings,2022-08-H1,2022-08-09,confirmed,2059
Chinese ADRs crash on SEC delisting threat under HFCAA rules,2022-03-10,"Alibaba down 8%, KraneShares CSI China ETF down 10%",High,regulatory,2022-03-H1,2022-03-10,confirmed,2000
Wheat futures hit all-time high above $13 per bushel on Ukraine war,2022-03-07,"Chicago wheat futures up 40% in two weeks, hit $13.64",Moderate,supply_disruption,2022-03-H1,2022-03-07,confirmed,2001
Russia announces it will demand ruble payment for natural gas exports,2022-03-23,"European nat gas up 30%, EUR fell 0.8%",High,energy_opec,2022-03-H1,2022-03-23,confirmed,2002
"Boeing 737-800 crashes in China killing 132, shares fall sharply",2022-03-21,BA down 3.6% on Monday open,Moderate,mega_cap_corporate,2022-03-H1,2022-03-21,date_corrected,2003
"Palladium surges above $3,000 per ounce on Russian supply disruption fears",2022-03-07,"Palladium up 12% to $3,017, Russia supplies 40% of global output",Moderate,supply_disruption,2022-03-H1,2022-03-07,confirmed,2004
"Fed Chair Powell signals aggressive rate path, open to 50bp hikes",2022-03-21,"10-year yield jumped to 2.32%, SPX down 0.4%",Moderate,monetary_policy,2022-03-H1,2022-03-21,confirmed,2005
Ukraine and Russia signal progress on 15-point peace framework,2022-03-29,"SPX up 2.1%, WTI fell 6% on ceasefire optimism",High,geopolitical_diplomatic,2022-03-H1,2022-03-15,date_corrected,2006
"Russia masses over 130,000 troops on Ukraine border amid invasion fears",2022-02-01,"SPX down 0.5%, VIX above 25, oil up 1.5%",Moderate,geopolitical_military,2022-02-H1,2022-02-01,confirmed,2007
"Alphabet reports Q4 2021 earnings, announces 20-for-1 stock split",2022-02-01,GOOGL up 7.5% after hours,High,mega_cap_earnings,2022-02-H1,2022-02-01,confirmed,2008
"Meta reports Q4 2021 earnings, shares plunge on user growth miss",2022-02-02,"META down 26% on Feb 3, Nasdaq down 2.6%",High,mega_cap_earnings,2022-02-H1,2022-02-02,confirmed,2009
"Amazon reports Q4 2021 earnings, AWS growth and ad revenue beat estimates",2022-02-03,"AMZN up 13.5% after hours, largest single-day gain in dollar terms",High,mega_cap_earnings,2022-02-H1,2022-02-03,confirmed,2010
"US January nonfarm payrolls surge 467,000, far above 150,000 estimate",2022-02-04,"2-year Treasury yield jumped 10bp, SPX down 0.5%",Moderate,monetary_policy,2022-02-H1,2022-02-04,confirmed,2011
US and UK warn Russia could invade Ukraine within days,2022-02-11,"SPX down 1.9%, VIX spiked to 32, oil above $93",High,geopolitical_military,2022-02-H1,2022-02-11,confirmed,2012
"US CPI rises 7.5% year-over-year in January, highest since 1982",2022-02-10,"2-year yield surged 25bp to 1.63%, SPX down 1.8%",High,monetary_policy,2022-02-H1,2022-02-10,confirmed,2013
St. Louis Fed Bullard calls for 100bp of rate hikes by July 1,2022-02-10,"Rate futures priced in 7 hikes for 2022, 2-year yield spiked",Moderate,monetary_policy,2022-02-H1,2022-02-10,confirmed,2014
Canada invokes Emergencies Act to clear Ottawa trucker blockade,2022-02-14,"CAD slightly firmer, Canadian banks down 0.5%",Low,regulatory,2022-02-H1,2022-02-14,confirmed,2015
Ambassador Bridge Windsor-Detroit border crossing blocked by truckers,2022-02-07,"Ford and GM halt production lines, auto stocks down 1-2%",Moderate,supply_disruption,2022-02-H1,2022-02-07,confirmed,2016
"Twitter reports Q4 2021 earnings, misses on revenue and user growth",2022-02-10,TWTR down 6% on Feb 11,Low,mega_cap_earnings,2022-02-H1,2022-02-10,confirmed,2017
"Coca-Cola reports Q4 2021 earnings, beats on revenue and raises guidance",2022-02-10,"KO up 2%, defensive stocks outperform",Low,mega_cap_earnings,2022-02-H1,2022-02-10,unverified,2018
"Biden administration confirms 8,500 US troops on heightened alert for Europe",2022-01-24,"Defense stocks up 1-2%, SPX little changed",Low,geopolitical_military,2022-02-H1,2022-02-02,date_corrected,2019
"Disney reports Q3 earnings, streaming subscribers beat expectations at 152M",2022-08-10,"DIS up 7% after hours, SPX broadly positive on CPI day",Moderate,mega_cap_earnings,2022-08-H1,2022-08-10,confirmed,2060
US Senate passes CHIPS Act providing $52B for domestic semiconductor manufacturing,2022-07-27,"INTC up 4%, AMD up 3%, semiconductor ETF SOXX up 2%",Moderate,regulatory,2022-08-H1,2022-08-01,date_corrected,2061
China halts military drills around Taiwan after week-long exercises,2022-08-10,"Taiwan dollar stabilized, TSMC ADR recovered 2%, geopolitical risk premium faded",Low,geopolitical_military,2022-08-H1,2022-08-10,confirmed,2062
"UK GDP contracts 0.1% in Q2, raising recession fears",2022-08-12,"GBP down 0.5% to 1.207, FTSE 100 down 0.2%",Low,fiscal_policy,2022-08-H1,2022-08-12,confirmed,2063
US debt ceiling negotiations stall as House Republicans walk out of talks,2023-05-16,"1-month T-bill yield spiked to 5.8%, SPX down 0.6%",Moderate,fiscal_policy,2023-05-H2,2023-05-16,confirmed,2064
"Walmart Q1 earnings beat estimates, raises full-year guidance",2023-05-18,"WMT up 1.8%, retail sector outperformed",Low,mega_cap_earnings,2023-05-H2,2023-05-18,confirmed,2065
"Japan GDP grows 1.6% annualized in Q1, beating expectations",2023-05-17,"Nikkei up 0.8%, yen little changed",Low,fiscal_policy,2023-05-H2,2023-05-17,confirmed,2066
"Nvidia announces blowout Q1 revenue guidance, raises Q2 forecast by 50%",2023-05-24,"NVDA up 24%, Nasdaq up 1.7%, semiconductor stocks surged",High,mega_cap_earnings,2023-05-H2,2023-05-24,confirmed,2067
Biden and McCarthy reach tentative debt ceiling deal to suspend limit through 2025,2023-05-27,"SPX futures up 1.3% Sunday night, T-bill yields fell sharply",High,fiscal_policy,2023-05-H2,2023-05-27,confirmed,2068
Fed minutes signal potential rate pause as officials weigh tightening effects,2023-05-24,"SPX up 0.9%, 2-year Treasury yield fell 5bp",Moderate,monetary_policy,2023-05-H2,2023-05-24,confirmed,2069
"Turkey's Erdogan wins presidential election runoff, extending rule to third decade",2023-05-28,"Turkish lira fell 0.5%, markets largely unmoved",Low,election_political,2023-05-H2,2023-05-28,confirmed,2070
"Target Q1 earnings miss on weak discretionary spending, cuts outlook",2023-05-17,"TGT down 2.9%, consumer discretionary sector down 0.8%",Low,mega_cap_earnings,2023-05-H2,2023-05-17,confirmed,2071
Home Depot Q1 earnings miss as housing slowdown hits big-ticket purchases,2023-05-16,"HD down 2.1%, SPX down 0.5%",Moderate,mega_cap_earnings,2023-05-H2,2023-05-16,confirmed,2072
PCE inflation data shows core prices up 4.7% year-over-year in April,2023-05-26,"SPX down 0.3%, rate hike odds for June rose to 64%",Moderate,monetary_policy,2023-05-H2,2023-05-26,confirmed,2073
"China industrial output and retail sales disappoint, recovery concerns grow",2023-05-16,"Hang Seng down 1.8%, copper fell 1.2%",Moderate,fiscal_policy,2023-05-H2,2023-05-16,confirmed,2074
G7 leaders agree on new package of sanctions against Russia at Hiroshima summit,2023-05-19,"Ruble weakened slightly, markets largely indifferent",Low,geopolitical_diplomatic,2023-05-H2,2023-05-19,confirmed,2075
"US regional bank PacWest reports deposit outflows slow, shares stabilize",2023-05-23,"PACW up 19%, KRE regional bank ETF up 2.1%",Moderate,credit_event,2023-05-H2,2023-05-23,confirmed,2076
Debt ceiling X-date set for June 1 as Treasury warns of cash exhaustion,2023-05-22,"Short-dated T-bill yields hit 6%, SPX down 0.7%",High,fiscal_policy,2023-05-H2,2023-05-22,confirmed,2077
"Fed raises rates by 75bp, largest hike since 1994",2022-06-15,"SPX up 1.5% on day, but down 5.8% on week",High,monetary_policy,2022-06-H2,2022-06-15,confirmed,2078
"US retail sales fall 0.3% in May, first drop in five months",2022-06-15,SPX initially fell 0.5% on data before Fed rally,Moderate,fiscal_policy,2022-06-H2,2022-06-15,confirmed,2079
Trump survives assassination attempt at Pennsylvania rally,2024-07-13,"SPX up 0.3% Monday, Trump Media DJT up 31%, prison stocks surged",Moderate,election_political,2024-07-H2,2024-07-13,confirmed,2440
"Biden withdraws from 2024 presidential race, endorses Harris",2024-07-21,"SPX little changed, DJT down 5%, prediction markets shifted sharply",Moderate,election_political,2024-07-H2,2024-07-21,confirmed,2441
CrowdStrike faulty update causes largest IT outage in history,2024-07-19,"CRWD down 11%, airlines down 1-3%, SPX down 0.9%",Moderate,cyber_infrastructure,2024-07-H2,2024-07-19,confirmed,2442
"Netflix Q2 earnings beat, adds 8 million subscribers topping estimates",2024-07-17,"NFLX up 1.5% after hours, muted reaction as guidance in line",Low,mega_cap_earnings,2024-07-H2,2024-07-18,date_corrected,2443
TSMC Q2 revenue surges 33% year-on-year on AI chip demand,2024-07-18,"TSM ADR up 2.5%, Philadelphia Semiconductor Index up 1.8%",Moderate,mega_cap_earnings,2024-07-H2,2024-07-18,confirmed,2444
"Alphabet Q2 earnings top estimates, YouTube and cloud drive growth",2024-07-23,"GOOGL up 5% after hours, Nasdaq futures lifted",Moderate,mega_cap_earnings,2024-07-H2,2024-07-23,confirmed,2445
"Tesla Q2 earnings miss on margins, auto revenue declines year-on-year",2024-07-23,"TSLA down 8% after hours, extended recent sell-off",Moderate,mega_cap_earnings,2024-07-H2,2024-07-23,confirmed,2446
Nasdaq drops 3.6% in worst single-day loss since 2022 on rotation trade,2024-07-17,"NDX down 3.6%, Russell 2000 up 3.5%, VIX spiked above 16",High,election_political,2024-07-H2,2024-07-17,confirmed,2447
Microsoft Q4 earnings beat but Azure growth guidance disappoints,2024-07-30,MSFT down 7% after hours on cloud growth concerns,High,mega_cap_earnings,2024-07-H2,2024-07-30,confirmed,2448
"Meta Q2 earnings surge, raises full-year capex guidance for AI",2024-07-31,"META up 7% after hours, Nasdaq futures gained 0.5%",Moderate,mega_cap_earnings,2024-07-H2,2024-07-31,confirmed,2449
"US Q2 GDP growth comes in at 2.8%, well above 2.0% consensus estimate",2024-07-25,"SPX up 0.5%, 10-year Treasury yield rose 5bp",Low,fiscal_policy,2024-07-H2,2024-07-25,confirmed,2450
"Bank of Japan raises interest rates to 0.25%, signals further hikes",2024-07-31,"Yen strengthened 1.5%, Nikkei fell 1.0%, carry trade began unwinding",High,monetary_policy,2024-07-H2,2024-07-31,confirmed,2451
"US August jobs report shows 142K payrolls, unemployment falls to 4.2%",2024-09-06,"SPX up 0.5%, 2-year Treasury yield fell 10bp",Moderate,fiscal_policy,2024-09-H1,2024-09-06,confirmed,2452
Fed Governor Waller signals openness to larger rate cut at September meeting,2024-09-06,Rate futures priced 50bp cut probability rose to 50%,Moderate,monetary_policy,2024-09-H1,2024-09-06,confirmed,2453
Apple unveils iPhone 16 lineup with AI features at Glowtime event,2024-09-09,AAPL down 2.8% on muted reaction to new features,Low,mega_cap_corporate,2024-09-H1,2024-09-09,confirmed,2454
"US August CPI rises 2.5% year-over-year, lowest since February 2021",2024-09-11,"SPX down 1.6%, core CPI monthly beat kept 50bp cut in doubt",Moderate,monetary_policy,2024-09-H1,2024-09-11,confirmed,2455
Harris and Trump face off in first and only presidential debate,2024-09-10,"SPX up 0.4%, prediction markets shifted toward Harris",Low,election_political,2024-09-H1,2024-09-10,confirmed,2456
ECB cuts rates by 25bp for second time in 2024 cycle,2024-09-12,"EUR/USD down 0.3%, European equities up 0.5%",Low,monetary_policy,2024-09-H1,2024-09-12,confirmed,2457
"US August PPI rises 0.2% month-over-month, in line with expectations",2024-09-12,"SPX up 0.5%, 10-year Treasury yield fell 3bp",Low,fiscal_policy,2024-09-H1,2024-09-12,confirmed,2458
"Oracle reports Q1 FY2025 earnings, cloud revenue surges 21% year-over-year",2024-09-09,"ORCL up 11% next session, hit record high",Moderate,mega_cap_earnings,2024-09-H1,2024-09-09,confirmed,2459
"Bank of England raises rates by 50bp to 5%, surprises markets",2023-06-22,"GBP up 0.5%, FTSE 100 down 0.7%, gilt yields spiked",Moderate,monetary_policy,2023-06-H2,2023-06-22,confirmed,2120
"Norway Norges Bank raises rates by 50bp to 3.75%, larger than expected",2023-06-22,NOK up 1.2% versus euro,Low,monetary_policy,2023-06-H2,2023-06-22,confirmed,2121
Swiss National Bank raises rates by 25bp to 1.75%,2023-06-22,"CHF up 0.3%, Swiss market little changed",Low,monetary_policy,2023-06-H2,2023-06-22,confirmed,2122
Wagner Group mutiny begins as Prigozhin forces march toward Moscow,2023-06-23,"Ruble fell 3%, oil up 1%, SPX down 0.2%",Moderate,geopolitical_military,2023-06-H2,2023-06-23,confirmed,2123
Wagner mutiny ends after 24 hours as Prigozhin accepts Belarus exile deal,2023-06-24,"Ruble recovered, oil gave back gains, SPX up 0.4% Monday",Low,geopolitical_military,2023-06-H2,2023-06-24,confirmed,2124
US existing home sales fall for third straight month as rates bite,2023-06-21,Homebuilder ETF XHB down 1.1%,Low,fiscal_policy,2023-06-H2,2023-06-21,confirmed,2125
China cuts key lending rates to stimulate slowing economy,2023-06-20,"CSI 300 up 0.5%, copper up 0.8%, yuan little changed",Low,monetary_policy,2023-06-H2,2023-06-20,confirmed,2126
Microsoft closes $69B Activision Blizzard acquisition blocked by UK CMA,2023-06-22,"ATVI down 3%, MSFT down 0.5%",Low,regulatory,2023-06-H2,2023-06-22,date_corrected,2127
"FedEx reports Q4 earnings beat, raises outlook on cost-cutting progress",2023-06-20,FDX up 4.5% after hours,Moderate,mega_cap_earnings,2023-06-H2,2023-06-20,confirmed,2128
"SPX enters bull market territory, up over 20% from October 2022 lows",2023-06-08,"SPX crossed 4,292, confirming bull market threshold",Low,mega_cap_corporate,2023-06-H2,2023-06-16,date_corrected,2129
"US weekly jobless claims rise to 264,000, highest since 2021",2023-06-22,"SPX down 0.3%, rate-sensitive sectors outperformed",Low,fiscal_policy,2023-06-H2,2023-06-22,confirmed,2130
EU carbon border adjustment mechanism regulations finalized,2023-06-16,European steel and cement stocks down 0.5-1%,Low,regulatory,2023-06-H2,2023-06-16,unverified,2131
Brent crude falls below $74 on demand concerns despite Saudi cuts,2023-06-27,"Brent down 2.5% on the day, energy sector down 1.8%",Moderate,energy_opec,2023-06-H2,2023-06-27,confirmed,2132
US CPI for August comes in hotter than expected at 8.3%,2022-09-13,"SPX down 4.3%, Nasdaq down 5.2%, worst day since June 2020",High,monetary_policy,2022-09-H1,2022-09-13,confirmed,2133
ECB raises rates by record 75bp to fight eurozone inflation,2022-09-08,"EUR/USD briefly touched parity, European equities up 1%",Moderate,monetary_policy,2022-09-H1,2022-09-08,confirmed,2134
Queen Elizabeth II dies at age 96 at Balmoral Castle,2022-09-08,"GBP down 0.5%, FTSE 100 down 0.3%, muted market reaction",Low,election_political,2022-09-H1,2022-09-08,confirmed,2135
"Ukraine launches major counter-offensive in Kharkiv region, recaptures territory",2022-09-06,"European gas futures fell 7%, DAX up 1.5%",Moderate,geopolitical_military,2022-09-H1,2022-09-06,unverified,2136
Russia halts Nord Stream 1 gas flows indefinitely citing turbine issues,2022-09-02,"European natural gas up 30%, EUR/USD fell below 0.99",High,supply_disruption,2022-09-H1,2022-09-02,confirmed,2137
Apple unveils iPhone 14 lineup with no price increase despite inflation,2022-09-07,"AAPL up 0.9%, largely in line with expectations",Low,mega_cap_corporate,2022-09-H1,2022-09-07,confirmed,2138
US dollar index hits 20-year high above 110 as Fed tightening bets surge,2022-09-07,"DXY above 110, EUR/USD at 0.988, GBP at 1.145",High,monetary_policy,2022-09-H1,2022-09-07,confirmed,2139
"Fed holds rates steady, Powell signals no imminent cuts amid sticky inflation",2024-05-01,"SPX up 0.3%, 10-year yield fell 6bp to 4.63%",Moderate,monetary_policy,2024-05-H1,2024-05-01,confirmed,2380
"US April jobs report shows 175,000 payrolls added, below 240,000 forecast",2024-05-03,"SPX up 1.0%, 10-year yield dropped 8bp, dollar weakened",Moderate,fiscal_policy,2024-05-H1,2024-05-03,confirmed,2381
"Apple reports Q2 earnings beat, announces record $110B share buyback",2024-05-02,"AAPL up 6% Friday, largest single-day gain in over a year",High,mega_cap_earnings,2024-05-H1,2024-05-02,confirmed,2382
Warren Buffett reveals Berkshire Hathaway sold roughly half its Apple stake,2024-05-04,"AAPL slipped 0.5%, BRK.B up 2% on record cash disclosure",Low,mega_cap_corporate,2024-05-H1,2024-05-04,confirmed,2383
"US imposes new tariffs on Chinese EVs, raising rate to 100%",2024-05-14,"Chinese EV stocks fell 3-5%, SPX little changed",Moderate,trade_policy,2024-05-H1,2024-05-14,confirmed,2384
"US April CPI rises 3.4% year-over-year, core at 3.6%, both in line with estimates",2024-05-15,"SPX up 1.2%, Nasdaq up 1.4%, 10-year yield fell 9bp to 4.35%",High,monetary_policy,2024-05-H1,2024-05-15,confirmed,2385
"Arm Holdings reports strong quarterly earnings, raises full-year guidance",2024-05-08,"ARM up 9% after-hours, semiconductor index SOX up 1.5%",Moderate,mega_cap_earnings,2024-05-H1,2024-05-08,confirmed,2386
Israel military operations intensify in Rafah despite US warnings,2024-05-07,"Oil up 0.5%, gold up 0.3%, SPX down 0.3%",Low,geopolitical_military,2024-05-H1,2024-05-07,confirmed,2387
UK April GDP data shows economy exited recession with 0.6% Q1 growth,2024-05-10,"GBP up 0.4%, FTSE 100 up 0.3%",Low,fiscal_policy,2024-05-H1,2024-05-10,confirmed,2388
GameStop shares surge 70% as Keith Gill posts on social media for first time in years,2024-05-13,"GME up 74%, AMC up 78%, meme basket spiked",Moderate,mega_cap_corporate,2024-05-H1,2024-05-13,confirmed,2389
Ukraine strikes Russian oil refinery infrastructure in cross-border drone attacks,2024-05-09,"WTI up 0.8%, European gas flat, SPX unchanged",Low,geopolitical_military,2024-05-H1,2024-05-09,unverified,2390
"Disney reports Q2 earnings beat, streaming turns profitable for first time",2024-05-07,"DIS up 10% on the day, best single-day gain since 2020",Moderate,mega_cap_earnings,2024-05-H1,2024-05-07,confirmed,2391
Iran launches over 300 drones and missiles directly at Israel,2024-04-13,"Oil up 1.5% Monday, SPX down 1.2%, VIX spiked to 19",Moderate,geopolitical_military,2024-04-H1,2024-04-13,confirmed,2392
"Israel strikes Iranian consulate in Damascus, killing commanders",2024-04-01,"Oil up 1.8%, gold hit record above $2,300",Moderate,geopolitical_military,2024-04-H1,2024-04-01,confirmed,2393
"US CPI rises 3.5% year-over-year in March, hotter than expected",2024-04-10,"SPX down 1.2%, 2-year Treasury yield jumped 22bp to 4.97%",High,monetary_policy,2024-04-H1,2024-04-10,confirmed,2394
Fed minutes signal officials in no rush to cut interest rates,2024-04-17,"Rate cut expectations pushed back, DXY rose 0.5%",Moderate,monetary_policy,2024-04-H1,2024-04-10,date_corrected,2395
"Gold hits record high above $2,350 per ounce amid Middle East tensions",2024-04-12,"Gold futures up 1.6% to $2,350, silver up 2%",Moderate,geopolitical_military,2024-04-H1,2024-04-12,confirmed,2396
"JPMorgan Chase reports Q1 2024 earnings, EPS beats but net interest income guidance disappoints",2024-04-12,"JPM down 6.5%, KBE bank ETF down 3%",High,mega_cap_earnings,2024-04-H1,2024-04-12,confirmed,2397
Wells Fargo Q1 2024 earnings beat estimates but net interest income falls short,2024-04-12,"WFC down 0.4%, broadly in line with muted reaction",Low,mega_cap_earnings,2024-04-H1,2024-04-12,confirmed,2398
Citigroup Q1 2024 earnings top estimates as restructuring progresses,2024-04-12,C up 2.4% on the day,Low,mega_cap_earnings,2024-04-H1,2024-04-12,confirmed,2399
"ECB holds rates steady, signals June cut remains on the table",2024-04-11,"EUR/USD down 0.3%, European equities flat",Low,monetary_policy,2024-04-H1,2024-04-11,confirmed,2400
"US producer price index rises 0.2% in March, slightly below forecast",2024-04-11,"SPX up 0.5%, Treasuries rallied briefly before fading",Low,fiscal_policy,2024-04-H1,2024-04-11,confirmed,2401
"Bitcoin falls below $65,000 as risk sentiment sours on Middle East escalation",2024-04-13,"BTC down 8% over the weekend, crypto market cap lost $200B",Moderate,credit_event,2024-04-H1,2024-04-13,confirmed,2402
Oil prices rise above $90 per barrel as Middle East tensions escalate,2024-04-05,"WTI crude above $87, Brent above $91",Moderate,energy_opec,2024-04-H1,2024-04-05,confirmed,2403
"US March nonfarm payrolls surge 303,000, far above 214,000 consensus",2024-04-05,"SPX down 1.1%, 10-year yield rose 8bp to 4.40% on rate cut delay fears",High,fiscal_policy,2024-04-H1,2024-04-05,confirmed,2404
"Israel-Iran tensions push safe-haven demand, dollar index hits five-month high",2024-04-15,"DXY rose to 106.2, SPX down 1.2%, VIX above 19",Moderate,geopolitical_diplomatic,2024-04-H1,2024-04-15,confirmed,2405
Taiwan presidential election won by William Lai of ruling DPP party,2024-01-13,"TWD stable, Taiwan Taiex up 0.5% Monday",Low,election_political,2024-01-H2,2024-01-13,confirmed,2406
"Goldman Sachs Q4 2023 earnings beat estimates, profit jumps 51%",2024-01-16,"GS up 0.8%, SPX up 0.2%",Low,mega_cap_earnings,2024-01-H2,2024-01-16,confirmed,2407
Morgan Stanley Q4 2023 earnings miss on wealth management weakness,2024-01-16,MS down 4.2% on the day,Moderate,mega_cap_earnings,2024-01-H2,2024-01-16,confirmed,2408
"US retail sales rise 0.6% in December, beating 0.4% forecast",2024-01-17,SPX down 0.6% as strong data pushes back rate cut expectations,Moderate,fiscal_policy,2024-01-H2,2024-01-17,confirmed,2409
ECB officials signal rate cuts unlikely before summer 2024,2024-01-18,"EUR/USD fell 0.3%, European equities down 0.5%",Low,monetary_policy,2024-01-H2,2024-01-18,confirmed,2410
Netflix Q4 2023 earnings beat with 13.1 million new subscribers added,2024-01-23,"NFLX up 10.7% after hours, Nasdaq futures up 0.4%",High,mega_cap_earnings,2024-01-H2,2024-01-23,confirmed,2411
"Houthi rebels continue Red Sea attacks, US and UK launch further strikes on Yemen",2024-01-22,"Oil up 1.5%, shipping stocks fell 2-3%",Moderate,geopolitical_military,2024-01-H2,2024-01-22,confirmed,2412
IMF raises 2024 global growth forecast to 3.1% citing US resilience,2024-01-17,"SPX up 0.1%, limited reaction",Low,fiscal_policy,2024-01-H2,2024-01-17,confirmed,2413
"Bank of Japan holds rates steady, signals no urgency to exit ultra-loose policy",2024-01-23,"JPY weakened 0.8% to 148 vs USD, Nikkei up 1.6%",Moderate,monetary_policy,2024-01-H2,2024-01-23,confirmed,2414
China cuts reserve requirement ratio by 50bp to boost slowing economy,2024-01-24,"CSI 300 up 1.4%, copper up 0.8%",Moderate,monetary_policy,2024-01-H2,2024-01-24,confirmed,2415
"US Q4 2023 GDP growth comes in at 3.3%, well above 2.0% forecast",2024-01-25,"SPX up 1.1%, 10-year Treasury yield rose 5bp",Moderate,fiscal_policy,2024-01-H2,2024-01-25,confirmed,2416
Intel Q4 2023 earnings beat but Q1 guidance disappoints investors,2024-01-25,"INTC down 11.9% next day, SOX semiconductor index down 2.1%",High,mega_cap_earnings,2024-01-H2,2024-01-25,confirmed,2417
"US PCE inflation for December rises 2.6% year-on-year, in line with estimates",2024-01-26,"SPX up 1.1%, rate cut expectations stabilized",Moderate,monetary_policy,2024-01-H2,2024-01-26,confirmed,2418
"Apple Vision Pro headset pre-orders open at $3,499 price point",2024-01-19,"AAPL up 0.5%, muted reaction to product launch",Low,mega_cap_corporate,2024-01-H2,2024-01-19,confirmed,2419
"Biden signs debt ceiling bill into law, avoiding US default",2023-06-03,"SPX up 1.4% Monday, VIX fell below 15",Low,fiscal_policy,2023-06-H1,2023-06-03,confirmed,2100
China cuts 7-day reverse repo rate by 10bp to 1.90% to boost economy,2023-06-13,"CSI 300 up 0.6%, yuan weakened slightly",Low,monetary_policy,2023-06-H1,2023-06-13,confirmed,2101
"European Central Bank raises rates by 25bp, signals further hikes ahead",2023-06-15,"EUR/USD fell 0.4%, European bank stocks down 1%",Moderate,monetary_policy,2023-06-H1,2023-06-15,confirmed,2102
"Ukraine Nova Kakhovka dam destroyed, causing major flooding in Kherson region",2023-06-06,"Wheat futures up 3%, European gas markets little changed",Low,geopolitical_military,2023-06-H1,2023-06-06,confirmed,2103
"US PPI falls 0.3% in May, wholesale deflation points to easing pipeline pressures",2023-06-14,"SPX added 0.5%, 10-year yield little changed at 3.80%",Low,fiscal_policy,2023-06-H1,2023-06-14,confirmed,2104
Microsoft announces $1.5B investment in Abu Dhabi AI firm G42,2024-04-15,"MSFT up 0.8%, AI sector broadly positive",Low,mega_cap_corporate,2023-06-H1,2023-06-12,date_corrected,2105
"ECB holds emergency meeting, announces new anti-fragmentation tool for eurozone bonds",2022-06-15,"Italian BTP yields fell 20bp, EUR up 0.5%",Moderate,monetary_policy,2022-06-H1,2022-06-15,confirmed,2106
"Fed raises interest rates by 75bp, largest hike since 1994",2022-06-15,"SPX up 1.5% day of, VIX retreated from 34",High,monetary_policy,2022-06-H1,2022-06-15,confirmed,2107
"US CPI surges to 8.6% in May, hottest reading since December 1981",2022-06-10,"SPX down 2.9%, VIX spiked to 27, 2-year Treasury yield up 25bp",High,fiscal_policy,2022-06-H1,2022-06-10,confirmed,2108
"Bitcoin crashes below $23,000 as crypto credit crisis deepens",2022-06-13,"BTC down 15% to $20,800, SPX down 3.9%, VIX hit 34",High,credit_event,2022-06-H1,2022-06-13,confirmed,2109
Celsius Network freezes withdrawals and transfers citing extreme market conditions,2022-06-13,"CEL token down 50%, crypto contagion spread to broader risk assets",Moderate,credit_event,2022-06-H1,2022-06-13,confirmed,2110
"US 10-year Treasury yield tops 3.4%, highest level since 2011",2022-06-14,"TLT down 1.8%, SPX down 0.4%",Moderate,monetary_policy,2022-06-H1,2022-06-14,confirmed,2111
"World Bank cuts 2022 global growth forecast to 2.9%, warns of stagflation",2022-06-07,"SPX down 1.1%, emerging market equities fell 0.8%",Moderate,fiscal_policy,2022-06-H1,2022-06-07,confirmed,2112
Elon Musk tells Tesla executives to pause all hiring globally,2022-06-03,"TSLA down 9%, Nasdaq down 2.5%",High,mega_cap_corporate,2022-06-H1,2022-06-03,confirmed,2113
"US May jobs report adds 390,000 nonfarm payrolls, unemployment holds at 3.6%",2022-06-03,"SPX up 1.5%, 2-year yield rose 10bp on strong labor data",Moderate,fiscal_policy,2022-06-H1,2022-06-03,confirmed,2114
"OPEC+ agrees to accelerate output increases by 648,000 bpd in July and August",2022-06-02,"WTI fell 1% initially then rebounded, closed near $117",Low,energy_opec,2022-06-H1,2022-06-02,confirmed,2115
European Commission proposes sixth package of Russia sanctions including oil embargo,2022-05-04,"Brent up 1.2% to $119, European gas futures up 3%",Moderate,geopolitical_diplomatic,2022-06-H1,2022-06-01,date_corrected,2116
Target issues second profit warning in three weeks on inventory glut,2022-06-07,"TGT down 2.3%, retail sector ETF XRT down 1.5%",Low,mega_cap_earnings,2022-06-H1,2022-06-07,confirmed,2117
US Senate passes bipartisan gun control legislation framework,2022-06-12,"Defense and gun stocks flat, SPX down 0.1%",Low,election_political,2022-06-H1,2022-06-12,unverified,2118
Fed Chair Powell signals two more rate hikes likely in 2023,2023-06-21,"SPX down 0.5%, 2-year Treasury yield rose to 4.75%",Moderate,monetary_policy,2023-06-H2,2023-06-21,confirmed,2119
"US nonfarm payrolls rise only 114,000 in July, unemployment hits 4.3%",2024-08-02,"SPX down 1.8%, 2-year Treasury yield fell 27bp, recession fears spike",High,fiscal_policy,2024-08-H1,2024-08-02,confirmed,2480
Sahm Rule triggered as US unemployment rate rises to 4.3% in July,2024-08-02,"2-year yield down 27bp, SPX futures dropped sharply overnight",Moderate,monetary_policy,2024-08-H1,2024-08-02,confirmed,2481
Warren Buffett's Berkshire Hathaway cuts Apple stake by nearly 50%,2024-08-03,"AAPL down 4.8%, Berkshire cash pile revealed at record $277B",Moderate,mega_cap_corporate,2024-08-H1,2024-08-03,confirmed,2482
"VIX spikes to 65, highest level since March 2020 COVID crash",2024-08-05,"VIX hit 65.73 intraday before closing near 38, SPX down 3%",High,credit_event,2024-08-H1,2024-08-05,confirmed,2483
Global markets stage sharp recovery as recession fears ease mid-week,2024-08-08,"SPX up 2.3%, Nikkei up 10.2%, VIX falls back below 30",Moderate,monetary_policy,2024-08-H1,2024-08-08,confirmed,2484
"US initial jobless claims fall to 233,000, easing recession panic",2024-08-08,"SPX up 2.3%, 10-year Treasury yield rose 10bp",Moderate,fiscal_policy,2024-08-H1,2024-08-08,confirmed,2485
Iran vows retaliation against Israel following Hamas political chief assassination,2024-07-31,"Oil up 2%, gold up 1%, SPX down 1.4%",Moderate,geopolitical_military,2024-08-H1,2024-08-01,date_corrected,2486
"US CPI rises 2.9% year-over-year in July, below 3% for first time since 2021",2024-08-14,"SPX up 1.7%, 10-year yield fell 6bp, September rate cut fully priced",Moderate,monetary_policy,2024-08-H1,2024-08-14,confirmed,2487
"US PPI rises 0.1% in July, softer than expected, adding to disinflation narrative",2024-08-13,"SPX up 0.5%, Treasury yields little changed",Low,monetary_policy,2024-08-H1,2024-08-13,confirmed,2488
"Nvidia reports Q1 FY2025 earnings, revenue beats estimates by wide margin",2024-05-22,"NVDA up 9.3%, added over $200B in market cap",High,mega_cap_earnings,2024-05-H2,2024-05-22,confirmed,2489
Fed minutes from May meeting show officials cautious on rate cuts,2024-05-22,"SPX down 0.3%, 2-year Treasury yield rose 4bp",Low,monetary_policy,2024-05-H2,2024-05-22,confirmed,2490
"UK inflation falls to 2.3% in April, near Bank of England 2% target",2024-05-22,"GBP down 0.5%, rate cut expectations pulled forward",Low,monetary_policy,2024-05-H2,2024-05-22,confirmed,2491
Target Q1 2024 earnings miss estimates as consumer spending weakens,2024-05-22,"TGT down 8.1%, retail sector ETF XRT down 1.5%",Moderate,mega_cap_earnings,2024-05-H2,2024-05-15,date_corrected,2492
"US imposes steep new tariffs on Chinese EVs, solar panels, and steel",2024-05-14,"Chinese EV stocks down 3-5%, SPX flat",Low,trade_policy,2024-05-H2,2024-05-14,confirmed,2493
"Dow Jones Industrial Average closes above 40,000 for first time ever",2024-05-16,"DJIA hit 40,003 intraday, SPX up 0.5%",Low,mega_cap_corporate,2024-05-H2,2024-05-16,confirmed,2494
Iran President Raisi killed in helicopter crash in northwest Iran,2024-05-19,"Oil up 0.5%, gold up 0.3%, markets largely unmoved",Low,geopolitical_military,2024-05-H2,2024-05-19,confirmed,2495
"US April retail sales flat, missing expectations of 0.4% gain",2024-05-15,"SPX up 0.5%, rate cut hopes boosted",Low,fiscal_policy,2024-05-H2,2024-05-15,confirmed,2496
"Eurozone Q1 2024 GDP confirmed at 0.3%, exiting technical recession",2024-05-15,"EUR up 0.2%, Euro Stoxx 50 up 0.4%",Low,fiscal_policy,2024-05-H2,2024-05-15,confirmed,2497
"Palo Alto Networks cuts annual revenue outlook, shares drop sharply",2024-02-20,"PANW down 9%, cybersecurity ETF BUG down 2.5%",Moderate,mega_cap_earnings,2024-05-H2,2024-05-20,date_corrected,2498
GameStop shares surge 70% as Roaring Kitty returns to social media,2024-05-13,"GME up 74%, meme stock basket surged",Moderate,mega_cap_corporate,2024-05-H2,2024-05-13,confirmed,2499
Goldman Sachs cuts US recession probability to 20% after jobs data,2024-09-06,"SPX recovered intraday losses, financials sector up 0.8%",Low,fiscal_policy,2024-09-H1,2024-09-06,confirmed,2460
"China August exports grow 8.7% year-over-year, beating estimates",2024-09-10,"Hang Seng up 1.2%, copper futures up 1.5%",Low,trade_policy,2024-09-H1,2024-09-10,confirmed,2461
UK economy returns to growth with 0.5% GDP expansion in July,2024-09-11,"GBP/USD up 0.4%, FTSE 100 up 0.3%",Low,fiscal_policy,2024-09-H1,2024-09-11,confirmed,2462
SPX posts worst week since March 2023 amid recession fears,2024-09-06,"SPX down 4.3% for the week, VIX spiked to 22",High,credit_event,2024-09-H1,2024-09-06,confirmed,2463
Nvidia CEO Jensen Huang sells $14M in shares amid AI rally scrutiny,2024-09-13,"NVDA down 1.5%, broader AI stocks under pressure",Low,mega_cap_corporate,2024-09-H1,2024-09-13,unverified,2464
"Japan August PPI rises 2.5% year-over-year, yen strengthens on BOJ rate expectations",2024-09-12,"USD/JPY fell to 141, Nikkei down 0.7%",Low,monetary_policy,2024-09-H1,2024-09-12,confirmed,2465
"ECB cuts interest rates by 25bp, first cut since 2019",2024-06-06,"EUR/USD down 0.3%, European equities up 0.5%",Low,monetary_policy,2024-06-H1,2024-06-06,confirmed,2466
"US nonfarm payrolls add 272,000 jobs in May, beating 185,000 estimate",2024-06-07,"SPX down 0.1%, 10-year Treasury yield up 15bp to 4.43%",Moderate,fiscal_policy,2024-06-H1,2024-06-07,confirmed,2467
Apple unveils Apple Intelligence AI features at WWDC 2024,2024-06-10,"AAPL up 7.3% over two days, added over $200B in market cap",High,mega_cap_corporate,2024-06-H1,2024-06-10,confirmed,2468
"US CPI for May shows inflation at 3.3%, below 3.4% forecast",2024-06-12,"SPX up 0.9%, Nasdaq up 1.5%, 10-year yield fell 11bp",Moderate,monetary_policy,2024-06-H1,2024-06-12,confirmed,2469
"Fed holds rates steady, dot plot signals only one cut in 2024",2024-06-12,"SPX gave back gains, closed up 0.1%, 2-year yield up 8bp",Moderate,monetary_policy,2024-06-H1,2024-06-12,confirmed,2470
Nvidia briefly surpasses Microsoft as world's most valuable company,2024-06-18,"NVDA up 5.2%, market cap exceeded $3T for first time",Moderate,mega_cap_corporate,2024-06-H1,2024-06-05,date_corrected,2471
Mexico's Claudia Sheinbaum wins presidential election with landslide majority,2024-06-02,"Mexican peso down 3.5%, IPC index down 6% on Morena supermajority fears",High,election_political,2024-06-H1,2024-06-02,confirmed,2472
South Africa ANC loses parliamentary majority for first time since 1994,2024-06-01,"ZAR up 1.2%, JSE up 1.5% on coalition hopes",Low,election_political,2024-06-H1,2024-06-01,confirmed,2473
G7 leaders agree to use frozen Russian sovereign assets to fund Ukraine,2024-06-13,"EUR/USD flat, limited market reaction to $50B loan announcement",Low,geopolitical_diplomatic,2024-06-H1,2024-06-13,confirmed,2474
GameStop shares surge 60% as Roaring Kitty returns to social media,2024-05-13,"GME up 60% intraday, trading halted multiple times",Low,mega_cap_corporate,2024-06-H1,2024-06-03,date_corrected,2475
"India's BJP loses outright majority, Modi forced into coalition government",2024-06-04,"Nifty 50 down 4.1%, Indian rupee fell to record low",High,election_political,2024-06-H1,2024-06-04,confirmed,2476
"US imposes new tariffs on Chinese EVs, solar panels, and steel",2024-05-14,"Chinese EV stocks down 2-4%, SPX flat",Low,trade_policy,2024-06-H1,2024-06-04,date_corrected,2477
Global equity selloff triggered by weak US jobs report and yen carry trade unwind,2024-08-05,"SPX down 3.0%, VIX spiked to 65 intraday, Nikkei down 12.4%",High,credit_event,2024-08-H1,2024-08-05,confirmed,2478
"Bank of Japan raises rates to 0.25%, triggering yen surge and carry trade collapse",2024-07-31,"JPY strengthened 10% in days, Nikkei fell 12% on Aug 5",High,monetary_policy,2024-08-H1,2024-07-31,confirmed,2479
"Norges Bank holds rates at 4.5%, signals no cuts until 2025",2024-06-20,NOK strengthened 0.3% vs EUR,Low,monetary_policy,2024-06-H2,2024-06-20,confirmed,2540
First round of French parliamentary elections sees far-right RN lead with 33%,2024-06-30,"EUR/USD fell 0.3%, CAC 40 futures down 0.5%",Low,election_political,2024-06-H2,2024-06-30,confirmed,2541
US Supreme Court rules presidents have broad immunity from criminal prosecution,2024-07-01,"SPX up 0.3%, minimal market reaction",Low,election_political,2024-06-H2,2024-07-01,confirmed,2542
"Biden-Trump presidential debate rattles Democratic base, markets watch",2024-06-27,"SPX flat, prediction markets shift toward Trump",Low,election_political,2024-06-H2,2024-06-27,confirmed,2543
"PCE price index for May rises 2.6%, in line with expectations",2024-06-28,"SPX up 0.4%, 10-year yield fell 3bp",Low,monetary_policy,2024-06-H2,2024-06-28,confirmed,2544
"China's Caixin manufacturing PMI rises to 51.8 in June, beats forecast",2024-07-01,"Hang Seng up 0.6%, copper up 0.5%",Low,trade_policy,2024-06-H2,2024-06-28,date_corrected,2545
"Micron Technology reports Q3 earnings, beats on AI-driven memory demand surge",2024-06-26,"MU up 14% after hours, semiconductor ETF SOXX up 2%",High,mega_cap_earnings,2024-06-H2,2024-06-26,confirmed,2546
"Netflix Q3 earnings beat with 5.1M new subscribers, ad tier surges",2024-10-17,NFLX up 11% next day,High,mega_cap_earnings,2024-10-H2,2024-10-17,confirmed,2547
ECB cuts interest rates by 25bp for third time in 2024,2024-10-17,"EUR/USD down 0.3%, European equities flat",Low,monetary_policy,2024-10-H2,2024-10-17,confirmed,2548
TSMC Q3 revenue rises 39% year-on-year on AI chip demand surge,2024-10-17,"TSM up 9.8%, SOX semiconductor index up 2.5%",High,mega_cap_earnings,2024-10-H2,2024-10-17,confirmed,2549
Israel strikes Iranian military targets in overnight air assault,2024-10-26,"Oil up 2%, gold up 0.5%, SPX down 0.3%",Low,geopolitical_military,2024-10-H2,2024-10-26,confirmed,2550
Alphabet Q3 earnings top estimates on strong Google Cloud and ad revenue,2024-10-29,GOOGL up 6% after hours,Moderate,mega_cap_earnings,2024-10-H2,2024-10-29,confirmed,2551
"Meta Q3 earnings beat on advertising revenue, raises full-year capex guidance",2024-10-30,META up 4% after hours,Moderate,mega_cap_earnings,2024-10-H2,2024-10-30,confirmed,2552
Microsoft Q3 cloud revenue growth disappoints despite earnings beat,2024-10-30,MSFT down 6% after hours,Moderate,mega_cap_earnings,2024-10-H2,2024-10-30,confirmed,2553
"US Q3 GDP grows at 2.8% annualized rate, slightly below 3.1% estimate",2024-10-30,"SPX down 0.3%, 10-year yield flat",Low,fiscal_policy,2024-10-H2,2024-10-30,confirmed,2554
"US September PCE inflation rises 2.1% year-on-year, near Fed target",2024-10-31,"SPX down 1.8%, 10-year yield rose to 4.28%",Moderate,monetary_policy,2024-10-H2,2024-10-31,confirmed,2555
Amazon Q3 earnings beat on AWS cloud and advertising growth,2024-10-31,AMZN up 6.8% after hours,Moderate,mega_cap_earnings,2024-10-H2,2024-10-31,confirmed,2556
"Apple Q4 earnings meet estimates, China revenue declines 0.3%",2024-10-31,AAPL down 1.2% after hours,Low,mega_cap_earnings,2024-10-H2,2024-10-31,confirmed,2557
US 10-year Treasury yield climbs above 4.3% on strong economic data,2024-10-22,"10-year yield hit 4.26%, SPX down 0.9%",Moderate,monetary_policy,2024-10-H2,2024-10-22,confirmed,2558
Trump and Harris campaigns intensify spending in final two weeks before election,2024-10-21,"Prediction markets shift toward Trump, DXY up 0.5%",Low,election_political,2024-10-H2,2024-10-21,confirmed,2559
"South Africa holds general election, ANC loses parliamentary majority",2024-05-29,"ZAR down 1.2%, JSE All Share index down 0.8%",Low,election_political,2024-05-H2,2024-05-29,confirmed,2500
Mexico elects Claudia Sheinbaum as first female president in landslide,2024-06-02,"MXN fell 4% on Monday, Bolsa index down 6%",High,election_political,2024-05-H2,2024-06-02,confirmed,2501
ECB signals June rate cut as inflation continues to moderate in Europe,2024-05-26,"EUR down 0.3%, European bond yields fell 3-5bp",Low,monetary_policy,2024-05-H2,2024-05-26,unverified,2502
"Fed cuts rates by 50bp, first rate cut since 2020",2024-09-18,"SPX up 0.2%, 10-year yield fell to 3.70%",Low,monetary_policy,2024-09-H2,2024-09-18,confirmed,2503
Bank of England holds rates at 5.0% after August cut,2024-09-19,"GBP up 0.5%, FTSE 100 up 0.3%",Low,monetary_policy,2024-09-H2,2024-09-19,confirmed,2504
"Bank of Japan holds rates steady, signals cautious policy path",2024-09-20,"Yen weakened 0.8% vs USD, Nikkei up 1.5%",Low,monetary_policy,2024-09-H2,2024-09-20,confirmed,2505
SPX closes at all-time high above 5700 following Fed rate cut,2024-09-19,"SPX hit record 5713, up 1.7% on the week",Moderate,monetary_policy,2024-09-H2,2024-09-19,confirmed,2506
China PBOC announces sweeping stimulus package including rate cuts and property support,2024-09-24,"CSI 300 up 4.3%, iron ore up 5%, copper up 2%",High,monetary_policy,2024-09-H2,2024-09-24,confirmed,2507
Hezbollah pager and walkie-talkie devices explode across Lebanon in coordinated attack,2024-09-17,"Oil up 1%, gold up 0.4%, VIX barely moved",Low,geopolitical_military,2024-09-H2,2024-09-17,date_corrected,2508
Israel launches major airstrikes on Hezbollah targets across Lebanon,2024-09-23,"Oil up 2%, SPX down 0.2%, gold hit record near $2650",Moderate,geopolitical_military,2024-09-H2,2024-09-23,confirmed,2509
"FedEx reports Q1 earnings miss, cuts full-year guidance on weak freight demand",2024-09-19,"FDX down 15%, worst day in two years",Moderate,mega_cap_earnings,2024-09-H2,2024-09-19,confirmed,2510
"US weekly jobless claims fall to 219,000, labor market remains resilient",2024-09-19,"SPX up 0.3%, 2-year Treasury yield rose 4bp",Low,fiscal_policy,2024-09-H2,2024-09-19,confirmed,2511
"China Shanghai Composite surges over 4% on stimulus euphoria, best day in years",2024-09-27,"Shanghai Composite up 4.2%, CSI 300 up 4.5%, HK Hang Seng up 3.5%",High,monetary_policy,2024-09-H2,2024-09-27,confirmed,2512
"US core PCE inflation rises 0.1% in August, in line with expectations",2024-09-27,"SPX up 0.4%, 10-year yield flat at 3.75%",Low,fiscal_policy,2024-09-H2,2024-09-27,confirmed,2513
Nike withdraws full-year financial guidance amid CEO transition and weak demand,2024-09-26,"NKE down 7%, sector peers Adidas and Under Armour also fell",Moderate,mega_cap_corporate,2024-09-H2,2024-09-26,confirmed,2514
Micron Technology reports strong Q4 earnings on AI-driven memory demand surge,2024-09-25,"MU up 14% after-hours, semiconductor ETF SOXX up 2%",Moderate,mega_cap_earnings,2024-09-H2,2024-09-25,confirmed,2515
Port workers strike shuts down US East Coast and Gulf ports over wages,2024-10-01,"Shipping stocks rose, SPX down 0.2%, supply chain concerns lifted oil 1%",Moderate,supply_disruption,2024-09-H2,2024-09-30,date_corrected,2516
"US September jobs report crushes expectations with 254,000 payrolls added",2024-10-04,"SPX up 0.9%, 10-year Treasury yield jumped to 3.98%, rate cut bets pared back",High,monetary_policy,2024-10-H1,2024-10-04,confirmed,2517
Israel launches ground incursion into Lebanon targeting Hezbollah,2024-10-01,"Oil up 2%, gold up 0.5%, SPX down 0.2%",Moderate,geopolitical_military,2024-10-H1,2024-10-01,confirmed,2518
Iran fires approximately 200 ballistic missiles at Israel,2024-10-01,"Oil spiked 3% intraday, gold hit record near $2,670, SPX fell 0.9%",High,geopolitical_military,2024-10-H1,2024-10-01,confirmed,2519
Hurricane Milton makes landfall in Florida as Category 3 storm,2024-10-10,"Insurer stocks down 2-4%, SPX largely flat",Moderate,natural_disaster,2024-10-H1,2024-10-09,date_corrected,2520
China's NDRC briefing on stimulus disappoints markets expecting larger package,2024-10-08,"CSI 300 down 7%, Hang Seng down 9.4% on reopening after Golden Week",High,fiscal_policy,2024-10-H1,2024-10-08,confirmed,2521
FOMC minutes show Fed officials split on size of September 50bp rate cut,2024-10-09,"10-year yield rose to 4.07%, SPX down 0.2%",Low,monetary_policy,2024-10-H1,2024-10-09,confirmed,2522
JP Morgan Q3 earnings beat estimates with $4.37 EPS on strong investment banking,2024-10-11,"JPM up 4.4%, KBW Bank Index up 2%",Moderate,mega_cap_earnings,2024-10-H1,2024-10-11,confirmed,2523
Wells Fargo Q3 revenue misses estimates as net interest income falls,2024-10-11,WFC down 2.3%,Low,mega_cap_earnings,2024-10-H1,2024-10-11,confirmed,2524
"US September CPI comes in at 2.4%, slightly above 2.3% forecast",2024-10-10,"SPX down 0.2%, 10-year yield rose 5bp to 4.10%, rate cut odds trimmed",Low,monetary_policy,2024-10-H1,2024-10-10,confirmed,2525
"US September PPI flat month-over-month, below 0.1% estimate",2024-10-11,"SPX up 0.6%, bond yields little changed",Low,monetary_policy,2024-10-H1,2024-10-11,confirmed,2526
"Nobel Peace Prize awarded to Nihon Hidankyo, Japanese atomic bomb survivors group",2024-10-11,"Nikkei unmoved, no measurable market reaction",Low,geopolitical_diplomatic,2024-10-H1,2024-10-11,confirmed,2527
Dockworkers end US East Coast port strike after tentative wage deal reached,2024-10-03,"Shipping stocks gave back strike premium, SPX up 0.2%",Low,supply_disruption,2024-10-H1,2024-10-03,confirmed,2528
BlackRock Q3 earnings beat as AUM hits record $11.5 trillion,2024-10-11,BLK up 3.6%,Low,mega_cap_earnings,2024-10-H1,2024-10-11,confirmed,2529
OPEC+ confirms plan to gradually unwind 2.2 million bpd voluntary cuts from December,2024-10-02,WTI oil down 1.5% to near $70,Moderate,energy_opec,2024-10-H1,2024-10-02,confirmed,2530
"Fed holds rates steady, signals one cut in 2024 dot plot",2024-06-12,"SPX up 0.1%, 10-year yield fell 2bp",Low,monetary_policy,2024-06-H2,2024-06-12,confirmed,2531
"US CPI for May comes in flat, core CPI rises 3.4% year-over-year",2024-06-12,"SPX up 0.9%, Nasdaq hit record high",Moderate,monetary_policy,2024-06-H2,2024-06-12,confirmed,2532
French President Macron calls snap parliamentary elections after EU vote loss,2024-06-09,"CAC 40 down 1.4% Monday, EUR/USD fell 0.6%",Moderate,election_political,2024-06-H2,2024-06-09,confirmed,2533
French bond spreads over German bunds widen to multi-year highs on election fears,2024-06-17,"OAT-Bund spread hit 80bp, CAC 40 down 0.7%",Moderate,fiscal_policy,2024-06-H2,2024-06-17,confirmed,2534
"Adobe reports Q2 earnings, raises full-year guidance on AI product strength",2024-06-13,ADBE up 14% after hours,Moderate,mega_cap_earnings,2024-06-H2,2024-06-18,date_corrected,2535
Nvidia briefly surpasses Microsoft as world's most valuable company,2024-06-18,"NVDA hit $3.34T market cap, stock up 3.5%",Moderate,mega_cap_corporate,2024-06-H2,2024-06-18,confirmed,2536
"US retail sales for May rise just 0.1%, missing 0.3% forecast",2024-06-18,"SPX up 0.2%, 10-year yield fell 4bp",Low,fiscal_policy,2024-06-H2,2024-06-18,confirmed,2537
"Bank of England holds rates at 5.25%, vote split 7-2 for hold",2024-06-20,"GBP fell 0.3%, FTSE 100 up 0.2%",Low,monetary_policy,2024-06-H2,2024-06-20,confirmed,2538
Swiss National Bank cuts rates by 25bp for second consecutive meeting,2024-06-20,"CHF weakened 0.5%, Swiss stocks up 0.4%",Low,monetary_policy,2024-06-H2,2024-06-20,confirmed,2539
China's National People's Congress approves 10 trillion yuan debt package,2024-11-08,"CSI 300 up 0.5%, markets underwhelmed by scale of stimulus",Low,fiscal_policy,2024-11-H1,2024-11-08,confirmed,2600
US 10-year Treasury yield climbs above 4.4% on Trump fiscal concerns,2024-11-08,"10Y yield hit 4.43%, TLT bond ETF down 1.2%",Moderate,fiscal_policy,2024-11-H1,2024-11-08,confirmed,2601
Trump nominates Marco Rubio as Secretary of State,2024-11-13,"Defense stocks ticked up, markets broadly flat on news",Low,election_political,2024-11-H1,2024-11-12,date_corrected,2602
Trump nominates Robert F. Kennedy Jr. to lead Health and Human Services,2024-11-14,"Vaccine makers Moderna and Pfizer down 5-7%, pharma broadly lower",Moderate,regulatory,2024-11-H1,2024-11-14,confirmed,2603
University of Michigan consumer sentiment falls in November preliminary reading,2024-11-08,"SPX down 0.2%, reading came in below consensus estimate",Low,fiscal_policy,2024-11-H1,2024-11-08,confirmed,2604
"US CPI for October rises 2.6% year-over-year, in line with expectations",2024-11-13,"SPX up 0.1%, rate cut expectations little changed",Low,monetary_policy,2024-11-H1,2024-11-13,confirmed,2605
Trump names Elon Musk to lead new Department of Government Efficiency,2024-11-12,"TSLA up 6%, government contractor stocks fell 2-4%",Moderate,election_political,2024-11-H1,2024-11-12,confirmed,2606
"US adds 256,000 jobs in December, unemployment falls to 4.1%",2025-01-10,"10-year Treasury yield spiked to 4.79%, SPX down 1.5%",High,fiscal_policy,2025-01-H1,2025-01-10,confirmed,2607
Fed minutes signal slower pace of rate cuts in 2025,2025-01-08,"SPX down 1.1%, 2-year yield rose 6bp",Moderate,monetary_policy,2025-01-H1,2025-01-08,confirmed,2608
"Los Angeles wildfires spread rapidly, forcing mass evacuations",2025-01-08,"Insurers AIZ and ALL down 5-10%, reinsurers sold off",Moderate,natural_disaster,2025-01-H1,2025-01-08,confirmed,2609
Biden administration announces sweeping new AI chip export restrictions,2025-01-13,"NVDA down 2.5%, AMD down 3.1%, SOX index down 1.8%",Moderate,regulatory,2025-01-H1,2025-01-13,confirmed,2610
"US 10-year Treasury yield touches 4.8%, highest since November 2023",2025-01-13,"SPX down 0.5%, bond market under sustained pressure",Moderate,monetary_policy,2025-01-H1,2025-01-13,confirmed,2611
China retaliates against US export controls with rare earth restrictions,2024-12-03,"Rare earth mining stocks up 5%, tech supply chain stocks fell",Moderate,trade_policy,2025-01-H1,2025-01-03,date_corrected,2612
Trump team signals broad tariffs on all imports under emergency powers,2025-01-06,"DXY up 0.6%, EM currencies weakened, SPX down 0.3%",Low,trade_policy,2025-01-H1,2025-01-06,confirmed,2613
"OPEC+ holds production steady, maintains existing output cuts",2025-01-02,"WTI up 0.8%, market reaction muted",Low,energy_opec,2025-01-H1,2025-01-02,unverified,2614
Samsung warns Q4 operating profit fell 30% on chip price weakness,2025-01-08,"Samsung KS down 3.5%, memory chip stocks fell broadly",Moderate,mega_cap_earnings,2025-01-H1,2025-01-08,confirmed,2615
Canada PM Trudeau announces resignation as Liberal Party leader,2025-01-06,"CAD weakened 0.4%, Canadian equities little changed",Low,election_political,2025-01-H1,2025-01-06,confirmed,2616
US Treasury designates Houthi group as foreign terrorist organization,2025-01-14,"Shipping stocks rose 1%, oil up 0.5%",Low,geopolitical_diplomatic,2025-01-H1,2025-01-14,confirmed,2617
CPI inflation data for December comes in at 2.9% year-over-year,2025-01-15,"SPX up 1.8%, 10-year yield fell 14bp, rate cut hopes revived",High,monetary_policy,2025-01-H1,2025-01-15,confirmed,2618
Meta announces end of third-party fact-checking program in US,2025-01-07,"META up 2.4%, advertisers and media stocks mixed",Low,mega_cap_corporate,2025-01-H1,2025-01-07,confirmed,2619
US and Russia hold talks in Riyadh on Ukraine ceasefire without Kyiv present,2025-02-18,"European defense stocks down 2%, wheat futures down 3%",Moderate,geopolitical_diplomatic,2025-02-H2,2025-02-18,confirmed,2640
Trump threatens additional 10% tariffs on China over fentanyl shipments,2025-02-21,"SPX down 0.5%, Chinese ADRs down 2-3%",Moderate,trade_policy,2025-02-H2,2025-02-21,confirmed,2641
US consumer confidence index falls sharply to 98.3 in February on inflation fears,2025-02-25,"SPX down 0.5%, consumer discretionary sector down 0.8%",Low,fiscal_policy,2025-02-H2,2025-02-25,confirmed,2642
"Germany holds federal election, CDU wins but faces complex coalition talks",2025-02-23,"DAX up 0.6%, EUR/USD barely moved",Low,election_political,2025-02-H2,2025-02-23,confirmed,2643
"Bitcoin drops below $90,000 amid broad crypto market selloff",2025-02-25,"BTC down 12% on the week, Coinbase COIN down 8%",Moderate,credit_event,2025-02-H2,2025-02-25,confirmed,2644
"US PCE inflation for January comes in at 2.5%, in line with expectations",2025-02-28,"SPX down 1.6%, markets focused on tariff uncertainty rather than data",Moderate,monetary_policy,2025-02-H2,2025-02-28,confirmed,2645
"DOGE announces plan to cut $1 trillion in federal spending, markets shrug",2025-02-19,"SPX up 0.2%, defense contractors down 1%",Low,fiscal_policy,2025-02-H2,2025-02-19,unverified,2646
Ukraine agrees in principle to US minerals deal granting access to rare earth assets,2025-02-28,"Rare earth mining stocks up 3-5%, defense ETFs down 1%",Low,geopolitical_diplomatic,2025-02-H2,2025-02-28,confirmed,2647
SPX drops over 1.7% on Friday as tariff fears and growth worries accelerate selloff,2025-02-21,"SPX down 1.7%, VIX up to 18, Nasdaq down 2.2%",High,trade_policy,2025-02-H2,2025-02-21,confirmed,2648
Trump nominates Scott Bessent as Treasury Secretary,2024-11-22,"SPX up 0.5%, DXY eased, 10-year yield fell 7bp",Moderate,election_political,2024-11-H2,2024-11-22,confirmed,2649
Trump threatens 25% tariffs on Canada and Mexico on day one,2024-11-25,"MXN down 1.3%, CAD down 0.7%, SPX little changed",Moderate,trade_policy,2024-11-H2,2024-11-25,confirmed,2650
Trump threatens additional 10% tariffs on all Chinese imports,2024-11-25,"Yuan weakened, Chinese ADRs down 1-2%",Moderate,trade_policy,2024-11-H2,2024-11-25,confirmed,2651
Israel and Hezbollah agree to 60-day ceasefire in Lebanon,2024-11-26,"Oil down 1.5%, defense stocks slipped slightly",Low,geopolitical_diplomatic,2024-11-H2,2024-11-26,confirmed,2652
Nvidia reports Q3 earnings with revenue up 94% year-over-year,2024-11-20,"NVDA down 2.5% after hours despite beat, guidance seen as insufficient",Moderate,mega_cap_earnings,2024-11-H2,2024-11-20,confirmed,2653
Fed minutes signal caution on pace of future rate cuts,2024-11-26,"SPX down 0.2%, 2-year yield rose 4bp",Low,monetary_policy,2024-11-H2,2024-11-26,confirmed,2654
"Bitcoin surpasses $99,000 for first time amid post-election crypto rally",2024-11-22,"BTC hit $99,800 intraday, Coinbase up 5%",Moderate,mega_cap_corporate,2024-11-H2,2024-11-22,confirmed,2655
Trump nominates Robert F. Kennedy Jr. to lead Health and Human Services,2024-11-14,"Vaccine stocks Moderna down 5%, Pfizer down 3%",Moderate,election_political,2024-11-H2,2024-11-19,date_corrected,2656
Ukraine fires US-supplied ATACMS missiles into Russian territory,2024-11-19,"European defense stocks up 1%, oil up 0.8%, SPX flat",Low,geopolitical_military,2024-11-H2,2024-11-19,confirmed,2657
Russia fires intercontinental ballistic missile at Ukraine for first time,2024-11-21,"Gold up 1%, oil up 0.5%, SPX down 0.3%",Low,geopolitical_military,2024-11-H2,2024-11-21,confirmed,2658
"OPEC+ delays December meeting, postpones production increase plan",2024-11-18,"WTI up 1.2% on delay news, settled near $70",Low,energy_opec,2024-11-H2,2024-11-18,confirmed,2659
"Boeing machinists union rejects new contract offer, strike continues",2024-10-23,"BA down 2.1%, strike enters seventh week",Low,mega_cap_corporate,2024-10-H2,2024-10-23,confirmed,2560
"Syria rebels capture Damascus, Assad regime collapses overnight",2024-12-08,"Oil down 1.5%, gold up 0.8%, regional ETFs volatile",Moderate,geopolitical_military,2024-12-H1,2024-12-08,confirmed,2561
"ECB cuts rates by 25bp, fourth cut of 2024, signals more easing ahead",2024-12-12,"EUR/USD fell 0.4%, European equities up 0.5%",Low,monetary_policy,2024-12-H1,2024-12-12,confirmed,2562
"US November CPI rises 2.7% year-over-year, in line with expectations",2024-12-11,"SPX up 0.8%, Nasdaq up 1.1%, rate cut odds held steady",Low,monetary_policy,2024-12-H1,2024-12-11,confirmed,2563
French government collapses as Barnier loses no-confidence vote,2024-12-04,"EUR/USD down 0.5%, French OAT spreads widened 5bp",Moderate,election_political,2024-12-H1,2024-12-04,confirmed,2564
"South Korea President Yoon declares martial law, reverses within hours",2024-12-03,"Korean won fell 2%, KOSPI futures down 3% overnight",High,election_political,2024-12-H1,2024-12-03,confirmed,2565
"OpenAI announces o3 model, claiming major reasoning benchmark breakthroughs",2024-12-20,"Nvidia up 2.1%, AI-linked stocks broadly higher",Low,mega_cap_corporate,2024-12-H1,2024-12-09,date_corrected,2566
OPEC+ delays planned oil output increase by three months to April 2025,2024-12-05,"WTI up 1.2%, Brent up 1.0%, gains faded by end of week",Low,energy_opec,2024-12-H1,2024-12-05,confirmed,2567
"Bitcoin surpasses $100,000 for first time amid post-election crypto rally",2024-12-05,"BTC hit $103,000, Coinbase up 5%, MicroStrategy up 8%",Moderate,mega_cap_corporate,2024-12-H1,2024-12-05,confirmed,2568
Fed cuts rates by 25bp but signals only two cuts in 2025,2024-12-18,"SPX down 2.9%, Nasdaq down 3.6%, VIX spiked to 28",High,monetary_policy,2024-12-H2,2024-12-18,confirmed,2569
"Bank of Japan holds rates steady at December meeting, yen weakens",2024-12-19,"USD/JPY rose above 157, Nikkei up 1.2%",Moderate,monetary_policy,2024-12-H2,2024-12-19,confirmed,2570
Bank of England holds rates at 4.75% with three-way split vote,2024-12-19,"GBP down 0.5%, FTSE 100 up 0.3%",Low,monetary_policy,2024-12-H2,2024-12-19,confirmed,2571
US Congress averts government shutdown with continuing resolution passage,2024-12-21,"SPX up 1.1%, relief rally after week of uncertainty",Moderate,fiscal_policy,2024-12-H2,2024-12-21,confirmed,2572
"Nike reports fiscal Q2 earnings miss, cuts full-year revenue guidance",2024-12-19,"NKE down 9% after hours, Dow Jones dragged lower",Moderate,mega_cap_earnings,2024-12-H2,2024-12-19,confirmed,2573
"US November PCE inflation rises 2.4% year-over-year, in line with forecasts",2024-12-20,"SPX up 1.7%, partial recovery from Fed-driven selloff",Moderate,fiscal_policy,2024-12-H2,2024-12-20,confirmed,2574
Russia launches largest drone and missile attack on Ukraine power grid,2024-12-25,"European natural gas futures up 2%, markets largely unmoved",Low,geopolitical_military,2024-12-H2,2024-12-25,unverified,2575
South Korea President Yoon Suk-yeol arrested after martial law crisis,2025-01-15,"Korean won KRW down 0.4%, KOSPI down 0.7%",Low,election_political,2024-12-H2,2024-12-31,date_corrected,2576
"Bitcoin surpasses $99,000 briefly before retreating after Fed hawkish pivot",2024-12-16,BTC fell from near $99K to below $95K within 48 hours,Moderate,credit_event,2024-12-H2,2024-12-16,unverified,2577
"US 10-year Treasury yield climbs to 4.6%, highest since May 2024",2024-12-26,"SPX down 0.4%, rate-sensitive sectors underperform",Low,monetary_policy,2024-12-H2,2024-12-26,unverified,2578
"Trump inaugurated as 47th US president, signs executive orders on immigration and energy",2025-01-20,"SPX up 0.9%, DXY rose 0.5%, oil fell 1.5%",Moderate,election_political,2025-01-H2,2025-01-20,confirmed,2579
Trump announces 25% tariffs on Canada and Mexico effective February 1,2025-01-20,"CAD fell 1.2%, MXN fell 1.8%, SPX little changed",Moderate,trade_policy,2025-01-H2,2025-01-20,confirmed,2580
"Trump declares national energy emergency, orders expanded oil and gas drilling",2025-01-20,"WTI fell 2%, energy stocks mixed",Low,energy_opec,2025-01-H2,2025-01-20,confirmed,2581
Trump signs executive order withdrawing US from Paris climate agreement again,2025-01-20,"Clean energy ETFs down 2-3%, coal stocks up 3%",Low,regulatory,2025-01-H2,2025-01-20,confirmed,2582
DeepSeek releases R1 AI model rivaling US frontier models at fraction of cost,2025-01-20,"NVDA down 17% on Jan 27, SPX down 1.5%, largest single-day market cap loss in history",High,mega_cap_corporate,2025-01-H2,2025-01-20,confirmed,2583
"Netflix reports Q4 2024 earnings with 19 million subscriber additions, record quarter",2025-01-21,NFLX up 9.7% after hours,Moderate,mega_cap_earnings,2025-01-H2,2025-01-21,confirmed,2584
"ECB cuts interest rates by 25bp, fourth consecutive cut amid slowing eurozone growth",2025-01-30,"EUR/USD fell 0.3%, European equities little changed",Low,monetary_policy,2025-01-H2,2025-01-30,confirmed,2585
Trump calls for lower oil prices and interest rates at Davos World Economic Forum,2025-01-23,"WTI fell 1%, markets largely unmoved by remarks",Low,fiscal_policy,2025-01-H2,2025-01-23,confirmed,2586
"Meta reports Q4 2024 earnings beating estimates, raises capital expenditure guidance sharply",2025-01-29,"META up 4% after hours, AI infrastructure stocks rallied",Moderate,mega_cap_earnings,2025-01-H2,2025-01-29,confirmed,2587
Microsoft reports Q2 FY2025 earnings with Azure cloud growth accelerating to 31%,2025-01-29,MSFT up 4.5% after hours,Moderate,mega_cap_earnings,2025-01-H2,2025-01-29,confirmed,2588
Trump threatens 10% tariffs on Chinese goods citing fentanyl flows,2025-01-20,"CNH weakened 0.4%, Chinese ADRs fell 1-2%",Low,trade_policy,2025-01-H2,2025-01-21,date_corrected,2589
"Fed holds rates steady, removes language about inflation making progress toward target",2025-01-29,"SPX fell 0.5%, 2-year Treasury yield rose 4bp",Low,monetary_policy,2025-01-H2,2025-01-29,confirmed,2590
Trump signs executive order establishing strategic bitcoin reserve study,2025-01-23,"BTC rose 4% to above $105,000",Moderate,fiscal_policy,2025-01-H2,2025-01-23,confirmed,2591
"Tesla reports Q4 2024 earnings missing estimates, warns of slower growth in 2025",2025-01-29,TSLA fell 3% after hours,Low,mega_cap_earnings,2025-01-H2,2025-01-29,confirmed,2592
"Trump wins 2024 US presidential election, Republicans sweep Congress",2024-11-06,"SPX up 2.5%, DXY up 1.6%, BTC surged 10%, 10Y yield up 16bp",High,election_political,2024-11-H1,2024-11-06,confirmed,2593
Fed cuts rates by 25bp at November FOMC meeting as expected,2024-11-07,"SPX up 0.7%, Powell signals no rush for further cuts",Low,monetary_policy,2024-11-H1,2024-11-07,confirmed,2594
Tesla shares surge on Trump election victory amid Musk political ties,2024-11-06,"TSLA up 15% on the day, largest single-day gain in years",High,mega_cap_corporate,2024-11-H1,2024-11-06,confirmed,2595
"Bitcoin breaks above $75,000 for first time on Trump crypto-friendly stance",2024-11-06,"BTC hit all-time high above $75,000, crypto stocks up 20-30%",High,mega_cap_corporate,2024-11-H1,2024-11-06,confirmed,2596
Trump tariff threats weigh on Mexican peso and emerging market currencies,2024-11-06,"MXN down 3%, EM currencies broadly sold off",Moderate,trade_policy,2024-11-H1,2024-11-06,confirmed,2597
Qualcomm reports Q4 earnings beat on AI chip demand strength,2024-11-06,QCOM up 4% after-hours on revenue beat,Low,mega_cap_earnings,2024-11-H1,2024-11-06,confirmed,2598
"ARM Holdings reports quarterly earnings, data center demand drives beat",2024-11-06,ARM up 5% after-hours on strong licensing revenue,Low,mega_cap_earnings,2024-11-H1,2024-11-06,unverified,2599
BlackRock completes $12B acquisition of HPS Investment Partners,2025-01-01,"BLK up 1.2%, alternative asset manager stocks rose",Low,mega_cap_corporate,2025-01-H1,2025-01-01,unverified,2620
Trump imposes 25% tariffs on all imports from Canada and Mexico,2025-02-01,"MXN down 2%, CAD down 1.5%, SPX down 0.5%",High,trade_policy,2025-02-H1,2025-02-01,confirmed,2621
Trump pauses Canada and Mexico tariffs for 30 days after calls with leaders,2025-02-03,"SPX recovered 0.6%, MXN and CAD rebounded sharply",Moderate,trade_policy,2025-02-H1,2025-02-03,confirmed,2622
US imposes additional 10% tariffs on all Chinese goods effective immediately,2025-02-04,"Hang Seng down 1.5%, USD/CNH rose to 7.32",Moderate,trade_policy,2025-02-H1,2025-02-04,confirmed,2623
"China retaliates with targeted tariffs on US coal, LNG, and agricultural goods",2025-02-04,"US soybean futures down 2%, LNG stocks fell 1-3%",Moderate,trade_policy,2025-02-H1,2025-02-04,confirmed,2624
"Alphabet reports Q4 2024 earnings, misses on cloud revenue expectations",2025-02-04,"GOOGL down 7.3% after hours, Nasdaq futures down 1%",High,mega_cap_earnings,2025-02-H1,2025-02-04,confirmed,2625
"Amazon reports Q4 2024 earnings, beats on profit but AWS growth disappoints",2025-02-06,AMZN down 4% after hours,Moderate,mega_cap_earnings,2025-02-H1,2025-02-06,confirmed,2626
"US January nonfarm payrolls rise only 143,000, below 170,000 estimate",2025-02-07,"SPX up 0.5%, 10-year yield fell 5bp to 4.44%",Moderate,fiscal_policy,2025-02-H1,2025-02-07,confirmed,2627
"Fed Chair Powell tells Senate committee rates on hold, no rush to cut",2025-02-11,"SPX flat, 2-year yield rose 3bp",Low,monetary_policy,2025-02-H1,2025-02-11,confirmed,2628
Trump proposes 25% tariffs on all steel and aluminum imports globally,2025-02-10,"US Steel and Nucor up 5-8%, SPX up 0.1%",Moderate,trade_policy,2025-02-H1,2025-02-10,confirmed,2629
Trump and Putin agree to begin Ukraine-Russia ceasefire negotiations,2025-02-12,"European defense stocks down 3-5%, natural gas down 4%",Moderate,geopolitical_diplomatic,2025-02-H1,2025-02-12,confirmed,2630
"US January CPI rises 3.0% year-over-year, hotter than 2.9% expected",2025-02-12,"SPX down 0.9%, 10-year yield spiked 10bp to 4.65%",High,monetary_policy,2025-02-H1,2025-02-12,confirmed,2631
"Coca-Cola reports Q4 earnings in line with estimates, organic growth slows",2025-02-11,"KO down 2.5%, consumer staples sector flat",Low,mega_cap_earnings,2025-02-H1,2025-02-11,unverified,2632
Trump signs executive order directing reciprocal tariff study on all trading partners,2025-02-13,"SPX down 0.1%, DXY up 0.3%, broad muted reaction",Low,trade_policy,2025-02-H1,2025-02-13,confirmed,2633
"US January PPI rises 0.4% month-over-month, above 0.3% forecast",2025-02-13,"SPX down 0.4%, 10-year yield up 4bp",Low,fiscal_policy,2025-02-H1,2025-02-13,confirmed,2634
Trump announces 25% tariffs on all steel and aluminum imports effective March 12,2025-02-10,"SPX down 0.3%, steel stocks mixed, aluminum producers up 2%",Moderate,trade_policy,2025-02-H2,2025-02-10,confirmed,2635
Walmart Q4 earnings beat but issues cautious 2025 guidance on consumer spending,2025-02-20,"WMT down 6.5%, SPX down 0.4%",Moderate,mega_cap_earnings,2025-02-H2,2025-02-20,confirmed,2636
Fed minutes from January meeting show officials in no rush to cut rates,2025-02-19,"SPX down 0.4%, 2-year Treasury yield up 4bp",Low,monetary_policy,2025-02-H2,2025-02-19,confirmed,2637
Trump signs executive order directing review of US chip export controls to China,2025-02-18,"Semiconductor stocks flat, NVDA up 0.5%",Low,regulatory,2025-02-H2,2025-02-18,unverified,2638
"Nvidia reports record Q4 revenue of $39.3B, beats estimates across all segments",2025-02-26,"NVDA up 3% after hours, Nasdaq futures up 0.8%",Moderate,mega_cap_earnings,2025-02-H2,2025-02-26,confirmed,2639
Trump announces 25% tariffs on Japan and South Korea imports,2025-08-01,"Nikkei down 2.1%, KRW fell 1.2%, SPX futures down 0.8%",Moderate,trade_policy,2025-08-H1,2025-08-01,unverified,2720
"US July nonfarm payrolls rise 177,000, unemployment holds at 4.1%",2025-08-01,"SPX up 0.5%, 10-year Treasury yield fell 4bp",Low,fiscal_policy,2025-08-H1,2025-08-01,unverified,2721
"Apple reports Q3 FY2025 earnings, beats on revenue and EPS guidance",2025-07-31,"AAPL up 3.1% after hours, Nasdaq futures up 0.4%",Moderate,mega_cap_earnings,2025-08-H1,2025-08-01,date_corrected,2722
"Amazon reports Q2 2025 results, AWS growth accelerates to 23% year-over-year",2025-07-31,AMZN up 5.2% after hours,Moderate,mega_cap_earnings,2025-08-H1,2025-08-01,date_corrected,2723
"US and China hold trade talks in Geneva, agree to extend 90-day tariff truce",2025-08-04,"SPX up 0.9%, DXY down 0.4%, CNH strengthened",Moderate,trade_policy,2025-08-H1,2025-08-04,unverified,2724
"Bank of England cuts rates by 25bp to 4.25%, signals further easing ahead",2025-05-08,"GBP down 0.6%, FTSE 100 up 0.4%",Low,monetary_policy,2025-08-H1,2025-08-07,date_corrected,2725
"US CPI for July rises 2.7% year-over-year, core CPI at 3.0%",2025-08-12,"SPX up 0.6%, 2-year Treasury yield fell 6bp, rate cut odds rose",Moderate,monetary_policy,2025-08-H1,2025-08-12,unverified,2726
Nvidia announces next-generation Blackwell Ultra GPU chip at developer event,2025-08-13,"NVDA up 4.8%, Philadelphia Semiconductor Index up 2.1%",Moderate,mega_cap_corporate,2025-08-H1,2025-08-13,unverified,2727
Israel and Hamas reach ceasefire agreement brokered by Qatar and Egypt,2025-08-14,"Oil down 1.8%, gold down 0.7%, SPX up 0.3%",Low,geopolitical_diplomatic,2025-08-H1,2025-08-14,unverified,2728
"US retail sales for July rise 0.3%, below 0.5% consensus estimate",2025-08-15,"SPX down 0.2%, consumer discretionary sector down 0.5%",Low,fiscal_policy,2025-08-H1,2025-08-15,unverified,2729
"Fed holds rates steady, signals fewer cuts ahead in 2025",2025-06-18,"SPX up 0.1%, 10-year yield fell 3bp",Low,monetary_policy,2025-06-H2,2025-06-18,confirmed,2730
"US and China hold trade talks in London, agree to extend tariff truce",2025-06-20,"SPX up 0.8%, USD weakened slightly",Moderate,trade_policy,2025-06-H2,2025-06-20,unverified,2731
Israel strikes Iranian nuclear facilities in coordinated air campaign,2025-06-13,"WTI up 7%, SPX futures down 1.5%, gold up 2%",High,geopolitical_military,2025-06-H2,2025-06-19,date_corrected,2732
Iran retaliates against Israel with ballistic missile barrage,2025-06-13,"WTI up 4%, VIX spiked to 22, SPX down 1.2%",High,geopolitical_military,2025-06-H2,2025-06-20,date_corrected,2733
US announces it will mediate Israel-Iran ceasefire negotiations,2025-06-24,"WTI fell 5%, SPX recovered 1.1%",Moderate,geopolitical_diplomatic,2025-06-H2,2025-06-24,unverified,2734
Trump threatens 50% tariffs on EU goods if trade deal not reached by July,2025-06-23,"EUR/USD down 0.6%, European equities down 1.3%",Moderate,trade_policy,2025-06-H2,2025-06-23,unverified,2735
"Nike reports fiscal Q4 earnings miss, cuts full-year revenue outlook",2025-06-26,"NKE down 8%, Dow down 0.3%",Moderate,mega_cap_earnings,2025-06-H2,2025-06-26,unverified,2736
US weekly jobless claims rise to highest level since late 2024,2025-06-19,"SPX down 0.4%, 2-year yield fell 5bp",Low,fiscal_policy,2025-06-H2,2025-06-19,unverified,2737
Strait of Hormuz shipping traffic disrupted amid Iran-Israel tensions,2025-06-21,"WTI up 2.5%, shipping stocks down 1-2%",Moderate,supply_disruption,2025-06-H2,2025-06-21,unverified,2738
"OPEC+ holds emergency call, reaffirms production plan amid oil spike",2025-06-22,"WTI fell 1.8% after initial spike, market calmed",Low,energy_opec,2025-06-H2,2025-06-22,unverified,2739
"Eurozone composite PMI falls to 48.1, contraction deepens in November",2024-11-22,"EUR/USD down 0.4%, DAX down 0.6%",Low,fiscal_policy,2024-11-H2,2024-11-22,confirmed,2660
"Trump nominates Matt Gaetz as Attorney General, markets indifferent",2024-11-13,"SPX up 0.4%, no material sector reaction",Low,election_political,2024-11-H2,2024-11-16,date_corrected,2661
Stellantis CEO Carlos Tavares resigns abruptly amid sales slump,2024-12-01,STLA up 8% on news of leadership change,Moderate,mega_cap_corporate,2024-11-H2,2024-11-30,date_corrected,2662
Trump announces 25% tariffs on all Canadian and Mexican imports effective March 4,2025-02-01,"SPX down 1.8%, CAD and MXN weakened, VIX spiked to 23",High,trade_policy,2025-03-H1,2025-03-03,date_corrected,2663
Canada retaliates with 25% tariffs on C$30B of US goods,2025-03-04,"USD/CAD hit 1.45, SPX down 1.1% intraday",Moderate,trade_policy,2025-03-H1,2025-03-04,confirmed,2664
US pauses Mexico tariffs for 30 days after border security talks,2025-03-06,"MXN recovered 1.2%, SPX trimmed losses",Moderate,trade_policy,2025-03-H1,2025-03-06,confirmed,2665
"US jobs report shows 151,000 nonfarm payrolls added in February, below 160,000 estimate",2025-03-07,"SPX down 0.5%, 10-year Treasury yield fell 5bp to 4.26%",Low,monetary_policy,2025-03-H1,2025-03-07,confirmed,2666
"ECB cuts rates by 25bp to 2.5%, signals further easing possible",2025-03-06,"EUR/USD little changed, European equities up 0.4%",Low,monetary_policy,2025-03-H1,2025-03-06,confirmed,2667
Germany's Bundestag approves historic 500B euro infrastructure and defense spending package,2025-03-18,"DAX up 3.4%, Bund yields spiked 30bp, EUR/USD up 1.5%",High,fiscal_policy,2025-03-H1,2025-03-04,date_corrected,2668
"Nasdaq enters correction territory, down more than 10% from February highs",2025-03-10,"Nasdaq down 4% on the day, SPX down 2.7%, VIX hit 27",High,mega_cap_corporate,2025-03-H1,2025-03-10,confirmed,2669
Tesla shares fall to 14-month low amid European sales slump and Musk controversy,2025-03-10,"TSLA down 15% on the week, briefly below $220",High,mega_cap_corporate,2025-03-H1,2025-03-10,confirmed,2670
Trump says he will not rule out US recession as tariff uncertainty mounts,2025-03-09,"SPX down 2.7%, consumer discretionary sector down 3.5%",High,election_political,2025-03-H1,2025-03-09,confirmed,2671
US announces additional 25% tariffs on steel and aluminum imports globally,2025-03-12,"Steel stocks mixed, SPX down 0.6%, aluminum futures up 2%",Moderate,trade_policy,2025-03-H1,2025-03-12,confirmed,2672
"US February CPI rises 2.8% year-over-year, slightly below 2.9% forecast",2025-03-12,"SPX up 0.5%, 10-year yield fell 6bp, rate cut odds ticked higher",Low,monetary_policy,2025-03-H1,2025-03-12,confirmed,2673
"Ukraine agrees to 30-day ceasefire proposal backed by US, Russia response awaited",2025-03-11,"European defense stocks fell 2-4%, wheat futures down 3%",Moderate,geopolitical_diplomatic,2025-03-H1,2025-03-11,confirmed,2674
EU announces retaliatory tariffs on US goods worth 26B euros in response to steel levies,2025-03-12,"EUR/USD up 0.3%, European autos and spirits sectors fell 1-2%",Moderate,trade_policy,2025-03-H1,2025-03-12,confirmed,2675
"Oracle reports Q3 earnings, revenue misses estimates on cloud growth slowdown",2025-03-10,"ORCL down 6% after hours, dragged tech sector lower",Moderate,mega_cap_earnings,2025-03-H1,2025-03-10,confirmed,2676
Trump announces 25% tariffs on all countries importing Venezuelan oil,2025-03-24,"Oil up 1.5%, SPX down 0.3%",Moderate,trade_policy,2025-03-H2,2025-03-24,confirmed,2677
"Fed holds rates steady, signals only two cuts expected in 2025",2025-03-19,"SPX up 0.6%, 10-year yield fell 5bp",Low,monetary_policy,2025-03-H2,2025-03-19,confirmed,2678
Trump signs executive order imposing 25% tariffs on auto imports,2025-03-26,"GM down 4%, Ford down 5%, SPX down 1.1%",Moderate,trade_policy,2025-03-H2,2025-03-26,confirmed,2679
UK inflation falls to 2.0% target for first time in over three years,2025-06-18,"GBP up 0.4%, FTSE 100 up 0.5%",Low,monetary_policy,2025-06-H2,2025-06-18,unverified,2740
FTC approves Google acquisition of cybersecurity firm Wiz for $32B,2025-06-25,"GOOGL up 1.2%, cybersecurity sector up 2%",Low,regulatory,2025-06-H2,2025-06-25,unverified,2741
China PBoC cuts reserve requirement ratio by 50bp to support economy,2025-06-27,"CSI 300 up 1.4%, AUD up 0.5%",Moderate,monetary_policy,2025-06-H2,2025-06-27,unverified,2742
US Senate passes revised budget reconciliation bill with $3.8T in cuts,2025-06-28,"30-year Treasury yield rose 6bp, SPX up 0.2%",Low,fiscal_policy,2025-06-H2,2025-06-28,unverified,2743
"US and China agree to 90-day tariff truce, slash reciprocal duties",2025-05-12,"SPX up 3.3%, Nasdaq up 4.0%, DXY up 1.2%",High,trade_policy,2025-05-H1,2025-05-12,confirmed,2744
US Treasury Secretary Bessent and Chinese VP He Lifeng open Geneva trade talks,2025-05-10,"SPX futures up 1.5%, optimism lifted risk assets",Moderate,geopolitical_diplomatic,2025-05-H1,2025-05-10,confirmed,2745
"Fed holds rates steady at 4.25-4.50%, Powell cites uncertainty from tariffs",2025-05-07,"SPX down 0.4%, Fed language largely expected",Low,monetary_policy,2025-05-H1,2025-05-07,confirmed,2746
"Apple reports Q2 FY2025 earnings, beats estimates despite tariff headwinds",2025-05-01,"AAPL up 3.7% after-hours, SPX futures lifted",Moderate,mega_cap_earnings,2025-05-H1,2025-05-01,confirmed,2747
"Amazon reports Q1 2025 earnings, AWS growth accelerates to 17% year-over-year",2025-05-01,AMZN up 2.5% after-hours,Moderate,mega_cap_earnings,2025-05-H1,2025-05-01,confirmed,2748
Moody's downgrades United States sovereign credit rating to Aa1 from Aaa,2025-05-16,"US futures down 1.2% Monday, 30-year Treasury yield up 8bp",Moderate,credit_event,2025-05-H1,2025-05-16,confirmed,2749
"UK and US announce bilateral trade deal framework, first since Brexit",2025-05-08,"GBP up 0.6%, UK FTSE 100 up 0.3%",Low,geopolitical_diplomatic,2025-05-H1,2025-05-08,confirmed,2750
India and Pakistan agree ceasefire after cross-border military exchanges,2025-05-10,"Indian Sensex up 3.8%, INR strengthened",Moderate,geopolitical_military,2025-05-H1,2025-05-10,confirmed,2751
India and Pakistan exchange missile and drone strikes across Line of Control,2025-05-07,"Indian Sensex down 1.5%, gold up 1.2%, oil up 0.8%",Moderate,geopolitical_military,2025-05-H1,2025-05-07,confirmed,2752
"US April CPI rises 2.3% year-over-year, softer than 2.4% expected",2025-05-13,"SPX up 0.7%, 2-year Treasury yield down 5bp",Low,fiscal_policy,2025-05-H1,2025-05-13,confirmed,2753
Coinbase announces inclusion in S&P 500 index effective May 19,2025-05-12,COIN up 9% on the day,Moderate,mega_cap_corporate,2025-05-H1,2025-05-12,confirmed,2754
"US weekly jobless claims rise to 229,000, labor market remains resilient",2025-05-08,SPX moved less than 0.1% on release,Low,fiscal_policy,2025-05-H1,2025-05-08,confirmed,2755
ECB President Lagarde signals further rate cuts as euro-area inflation eases,2025-05-05,"EUR down 0.3%, European equities up 0.4%",Low,monetary_policy,2025-05-H1,2025-05-05,unverified,2756
"Saudi Arabia cuts July crude OSP to Asia, signaling OPEC+ output flexibility",2025-05-05,"WTI down 1.2%, Brent below $62",Low,energy_opec,2025-05-H1,2025-05-05,unverified,2757
"Trump threatens to fire Fed Chair Powell, calling him 'a major loser'",2025-04-17,"SPX down 2.4%, DXY fell to 98, gold hit record above $3,380",High,election_political,2025-04-H2,2025-04-17,confirmed,2758
"Trump backs off threat to fire Powell, says he has no intention to remove him",2025-04-22,"SPX up 2.5%, DXY rebounded slightly",High,election_political,2025-04-H2,2025-04-22,confirmed,2759
US consumer confidence falls to lowest level since 2021 on tariff fears,2025-03-25,"SPX down 0.3%, consumer discretionary sector down 0.8%",Low,fiscal_policy,2025-03-H2,2025-03-25,confirmed,2680
"Nike reports Q3 earnings miss, cuts full-year revenue guidance sharply",2025-03-20,NKE down 6% after hours,Moderate,mega_cap_earnings,2025-03-H2,2025-03-20,confirmed,2681
Russia and Ukraine hold first direct ceasefire talks in years in Saudi Arabia,2025-03-23,"European equities up 0.5%, natural gas down 2%",Low,geopolitical_diplomatic,2025-03-H2,2025-03-23,confirmed,2682
US Treasury yields spike as 20-year auction sees weak demand,2025-03-19,"20-year yield rose 8bp to 4.72%, SPX slipped 0.4%",Low,fiscal_policy,2025-03-H2,2025-03-19,unverified,2683
Germany approves historic 500 billion euro infrastructure and defense spending package,2025-03-18,"DAX up 1.8%, EUR/USD up 0.4%",Moderate,fiscal_policy,2025-03-H2,2025-03-18,confirmed,2684
"Bank of Japan holds rates steady, signals cautious approach to further hikes",2025-03-19,"Yen weakened 0.5%, Nikkei up 0.8%",Low,monetary_policy,2025-03-H2,2025-03-19,confirmed,2685
FedEx reports Q3 earnings beat but cuts full-year profit outlook on volume weakness,2025-03-20,FDX down 6.5% after hours,Moderate,mega_cap_earnings,2025-03-H2,2025-03-20,confirmed,2686
"Trump administration moves to dismantle CFPB, halting enforcement actions",2025-02-07,"Regional bank ETF KRE up 1.2%, fintech stocks mixed",Low,regulatory,2025-03-H2,2025-03-21,date_corrected,2687
SPX falls over 2% on escalating tariff fears ahead of April 2 deadline,2025-03-28,"SPX down 2.0%, VIX spiked above 22",High,trade_policy,2025-03-H2,2025-03-28,confirmed,2688
China retaliates against US tariffs with restrictions on agricultural imports,2025-03-27,"Soybean futures down 2%, corn down 1.5%",Moderate,trade_policy,2025-03-H2,2025-03-27,unverified,2689
Lululemon reports Q4 earnings beat but issues weak 2025 guidance,2025-03-27,LULU down 14% after hours,Moderate,mega_cap_earnings,2025-03-H2,2025-03-27,confirmed,2690
Trump announces 30% tariffs on EU goods effective August 1,2025-07-16,"EUR/USD down 0.8%, European equities fell 1.5%",High,trade_policy,2025-07-H2,2025-07-16,unverified,2691
"Netflix reports Q2 earnings, revenue and subscriber growth beat estimates",2025-07-17,NFLX up 7% after-hours,Moderate,mega_cap_earnings,2025-07-H2,2025-07-17,unverified,2692
Fed's Waller signals rate cut possible at September meeting if data cooperates,2025-07-18,"2-year Treasury yield fell 6bp, SPX up 0.4%",Low,monetary_policy,2025-07-H2,2025-07-18,unverified,2693
Taiwan Strait tensions rise as China conducts live-fire naval exercises,2025-07-21,"TSMC ADR down 3%, Philadelphia Semiconductor Index down 2.1%",Moderate,geopolitical_military,2025-07-H2,2025-07-21,unverified,2694
"Alphabet reports Q2 earnings, Google Cloud revenue surges 35% year-over-year",2025-07-29,"GOOGL up 6% after-hours, Nasdaq futures up 0.8%",Moderate,mega_cap_earnings,2025-07-H2,2025-07-29,unverified,2695
"Microsoft Q4 earnings beat on Azure growth, raises full-year guidance",2025-07-29,MSFT up 4% after-hours,Moderate,mega_cap_earnings,2025-07-H2,2025-07-29,unverified,2696
"US Q2 GDP advance estimate comes in at 2.6%, above consensus of 2.1%",2025-07-30,"SPX up 0.6%, 10-year Treasury yield rose 5bp",Low,fiscal_policy,2025-07-H2,2025-07-30,unverified,2697
"Meta Q2 earnings exceed expectations, AI advertising revenue accelerates",2025-07-30,"META up 8% after-hours, Nasdaq futures up 1.2%",High,mega_cap_earnings,2025-07-H2,2025-07-30,unverified,2698
"Bank of Japan holds rates steady, signals caution on further hikes",2025-07-31,"JPY weakened 0.9% vs USD, Nikkei up 1.4%",Moderate,monetary_policy,2025-07-H2,2025-07-31,unverified,2699
"Amazon Q2 results beat on AWS and advertising, operating income record high",2025-07-31,AMZN up 5% after-hours,Moderate,mega_cap_earnings,2025-07-H2,2025-07-31,unverified,2700
Trump announces 25% tariffs on Japanese and South Korean imports,2025-08-19,"Nikkei down 2.1%, KRW weakened 1.4%, SPX down 0.8%",High,trade_policy,2025-08-H2,2025-08-19,unverified,2701
"Nvidia reports Q2 FY2026 earnings, revenue beats estimates at $37B",2025-08-27,"NVDA up 4.2% after-hours, Nasdaq futures up 1.1%",Moderate,mega_cap_earnings,2025-08-H2,2025-08-27,unverified,2702
Fed minutes from July FOMC meeting signal patience on rate cuts,2025-08-20,"SPX down 0.4%, 2-year Treasury yield up 6bp",Low,monetary_policy,2025-08-H2,2025-08-20,unverified,2703
Japan Q2 GDP growth revised down to 0.4% annualized amid weak exports,2025-08-18,"Nikkei down 0.6%, yen little changed",Low,fiscal_policy,2025-08-H2,2025-08-18,unverified,2704
Jackson Hole: Fed Chair Powell signals no rush to cut rates in 2025,2025-08-22,"SPX down 1.1%, DXY up 0.6%, gold down 0.8%",Moderate,monetary_policy,2025-08-H2,2025-08-22,unverified,2705
China retaliates with export controls on rare earth processing chemicals,2025-08-25,"Rare earth ETF REMX down 5%, defense stocks up 1.2%",Moderate,trade_policy,2025-08-H2,2025-08-25,unverified,2706
"Tropical Storm Erin strengthens to Category 2, threatens Gulf Coast refineries",2025-08-28,"WTI up 2.3%, gasoline futures up 3.1%",Moderate,natural_disaster,2025-08-H2,2025-08-28,unverified,2707
UK inflation falls to 2.0% target for first time since 2021,2025-08-20,"GBP down 0.3%, FTSE 100 up 0.5%",Low,monetary_policy,2025-08-H2,2025-08-20,unverified,2708
"Salesforce Q2 earnings beat estimates, raises full-year AI revenue guidance",2025-08-27,"CRM up 6.8% after-hours, software sector ETF IGV up 1.4%",Moderate,mega_cap_earnings,2025-08-H2,2025-08-27,unverified,2709
Trump announces 50% tariff on EU goods effective August 1,2025-07-07,"EUR/USD down 0.8%, SPX futures fell 1.2% before recovering",High,trade_policy,2025-07-H1,2025-07-07,unverified,2710
"US June nonfarm payrolls add 147K jobs, unemployment holds at 4.1%",2025-07-03,"SPX up 0.4%, 10-year yield fell 4bp on soft wage growth",Low,fiscal_policy,2025-07-H1,2025-07-03,unverified,2711
Fed minutes signal no rate cuts expected before Q4 2025,2025-07-02,"2-year Treasury yield up 6bp, SPX down 0.3%",Low,monetary_policy,2025-07-H1,2025-07-02,unverified,2712
Nvidia market cap briefly surpasses $4 trillion for first time,2025-07-09,"NVDA up 2.8% intraday, Nasdaq hit record high",Moderate,mega_cap_corporate,2025-07-H1,2025-07-09,unverified,2713
China retaliates against US tariffs with restrictions on rare earth exports,2025-07-08,"Rare earth ETF MP Materials up 6%, defense stocks rallied",Moderate,trade_policy,2025-07-H1,2025-07-08,unverified,2714
"ECB holds rates steady, Lagarde signals September cut remains on table",2025-07-10,"EUR/USD up 0.3%, European equities flat",Low,monetary_policy,2025-07-H1,2025-07-10,unverified,2715
Israel and Hamas reach temporary ceasefire agreement in Gaza,2025-07-04,"Oil down 1.5%, gold fell 0.4%",Low,geopolitical_diplomatic,2025-07-H1,2025-07-04,unverified,2716
UK GDP growth surprises to upside at 0.4% in May reading,2025-07-11,"GBP/USD up 0.5%, FTSE 100 up 0.6%",Low,fiscal_policy,2025-07-H1,2025-07-11,unverified,2717
"US June CPI rises 2.7% year-over-year, core at 3.1%",2025-07-15,"SPX up 0.9%, rate cut expectations pulled forward slightly",Moderate,monetary_policy,2025-07-H1,2025-07-15,unverified,2718
"Trump-EU tariff negotiations resume in Brussels, 90-day pause extended",2025-07-14,"SPX up 0.7%, EUR/USD up 0.6% on trade optimism",Moderate,trade_policy,2025-07-H1,2025-07-14,unverified,2719
"Trump announces 'Liberation Day' tariffs, sweeping duties on nearly all imports",2025-04-02,"SPX down 4.8%, VIX surged above 30, worst day since 2020",High,trade_policy,2025-04-H1,2025-04-02,confirmed,2800
China retaliates with 34% tariffs on all US goods effective April 10,2025-04-04,"SPX down 6.0%, Nasdaq down 5.8%, VIX hit 45",High,trade_policy,2025-04-H1,2025-04-04,confirmed,2801
US markets suffer worst two-day stretch since COVID crash in March 2020,2025-04-04,"SPX lost over 10% in two sessions, Dow fell 2,200 points Friday",High,trade_policy,2025-04-H1,2025-04-04,confirmed,2802
"Trump pauses most reciprocal tariffs for 90 days, excludes China",2025-04-09,"SPX surges 9.5%, largest single-day gain since 2008",High,trade_policy,2025-04-H1,2025-04-09,confirmed,2803
US raises tariffs on Chinese imports to 145% after Beijing countermoves,2025-04-09,"USD/CNY rose above 7.35, Chinese equities fell 3%",High,trade_policy,2025-04-H1,2025-04-09,confirmed,2804
China raises tariffs on US goods to 84% in escalating trade war,2025-04-09,"WTI crude fell below $60, copper down 4%",High,trade_policy,2025-04-H1,2025-04-09,confirmed,2805
"JPMorgan Q1 2025 earnings beat estimates, CEO Dimon warns of tariff recession risk",2025-04-11,"JPM up 4%, KBW Bank Index up 2.5%",Moderate,mega_cap_earnings,2025-04-H1,2025-04-11,confirmed,2806
"US CPI for March 2025 shows inflation at 2.4%, below expectations",2025-04-10,"SPX up 1.8%, 10-year Treasury yield fell to 4.28%",Moderate,monetary_policy,2025-04-H1,2025-04-10,confirmed,2807
"White House exempts smartphones, computers and electronics from China tariffs",2025-04-11,"AAPL up 6%, Nasdaq up 2.1%",High,trade_policy,2025-04-H1,2025-04-11,confirmed,2808
Fed minutes signal policymakers see tariffs as stagflationary risk,2025-04-09,"10-year Treasury yield spiked to 4.51%, SPX pared gains",Moderate,monetary_policy,2025-04-H1,2025-04-09,confirmed,2809
Treasury yields spike sharply as foreign holders reportedly sell US bonds,2025-04-08,"10-year yield rose 20bp to 4.47%, DXY fell 1.2%",High,credit_event,2025-04-H1,2025-04-08,confirmed,2810
Goldman Sachs raises US recession probability to 45% citing tariff shock,2025-04-07,"SPX down 0.2%, credit spreads widened 15bp",Low,credit_event,2025-04-H1,2025-04-07,confirmed,2811
OPEC+ surprises market with larger-than-expected output increase for May,2025-04-03,"WTI crude fell 6% to $66, energy sector down 4%",High,energy_opec,2025-04-H1,2025-04-03,confirmed,2812
Morgan Stanley Q1 2025 earnings top forecasts on strong trading revenue,2025-04-11,"MS up 3.2%, trading desks cited tariff volatility as revenue driver",Low,mega_cap_earnings,2025-04-H1,2025-04-11,confirmed,2813
"Fed holds rates steady, signals fewer 2026 cuts in updated dot plot",2024-12-18,"SPX down 2.9%, Nasdaq down 3.6%, VIX spiked to 27",High,monetary_policy,2025-12-H1,2025-12-17,date_corrected,2814
"US November CPI rises 2.7% year-over-year, in line with expectations",2024-12-11,"SPX up 0.8%, 10-year yield fell 4bp",Moderate,monetary_policy,2025-12-H1,2025-12-11,date_corrected,2815
Syria's Assad government collapses as rebel forces seize Damascus,2024-12-08,"Oil up 2%, gold up 1.2%, SPX down 0.3%",Low,geopolitical_military,2025-12-H1,2025-12-08,date_corrected,2816
"Oracle reports Q2 earnings miss, cloud revenue growth disappoints investors",2024-12-09,ORCL down 8% after hours,Moderate,mega_cap_earnings,2025-12-H1,2025-12-09,date_corrected,2817
"Bitcoin surpasses $100,000 for first time, crypto markets surge broadly",2024-12-05,"BTC hit $103,000, Coinbase up 10%, MicroStrategy up 12%",Moderate,mega_cap_corporate,2025-12-H1,2025-12-05,date_corrected,2818
US Senate passes continuing resolution to avoid government shutdown,2024-12-20,"SPX up 0.1%, Treasuries unchanged",Low,fiscal_policy,2025-12-H1,2025-12-20,date_corrected,2819
"US September PCE inflation rises 2.1% year-over-year, near Fed target",2025-10-31,"SPX up 0.4%, 2-year Treasury yield fell 4bp",Low,monetary_policy,2025-10-H2,2025-10-31,unverified,2840
"US Q3 GDP growth comes in at 2.7% annualized, above 2.4% consensus",2025-10-30,"SPX up 0.5%, DXY up 0.3%",Low,fiscal_policy,2025-10-H2,2025-10-30,unverified,2841
China PBOC cuts reserve requirement ratio by 25bp to support economy,2025-10-20,"CSI 300 up 1.4%, copper up 1.1%",Moderate,monetary_policy,2025-10-H2,2025-10-20,unverified,2842
"Apple Q4 FY2025 earnings miss on iPhone revenue, China sales decline 8%",2025-10-30,AAPL down 3.1% after-hours,Moderate,mega_cap_earnings,2025-10-H2,2025-10-30,unverified,2843
"Amazon Q3 AWS revenue grows 22% year-over-year, beats across all segments",2025-10-30,AMZN up 5.8% after-hours,Moderate,mega_cap_earnings,2025-10-H2,2025-10-30,unverified,2844
"Japan snap election results in hung parliament, LDP loses majority",2025-10-27,"Nikkei down 1.8%, JPY strengthened 0.9%",Moderate,election_political,2025-10-H2,2025-10-26,date_corrected,2845
US Treasury 10-year yield briefly touches 4.6% on fiscal deficit concerns,2025-10-22,"SPX down 0.9%, TLT down 1.1%",Moderate,fiscal_policy,2025-10-H2,2025-10-22,unverified,2846
"Nvidia Q3 earnings beat expectations, data center revenue surges 112%",2025-11-19,"NVDA up 4.9% after-hours, SOX up 1.8%",High,mega_cap_earnings,2025-11-H2,2025-11-19,unverified,2847
Fed minutes signal cautious pace on rate cuts amid sticky inflation,2025-11-19,"SPX down 0.4%, 2-year Treasury yield up 5bp",Low,monetary_policy,2025-11-H2,2025-11-19,unverified,2848
"US and China hold trade talks in Geneva, agree to extend tariff truce",2025-11-20,"SPX up 0.6%, USD/CNY fell 0.3%",Moderate,trade_policy,2025-11-H2,2025-11-20,unverified,2849
ECB president Lagarde signals December rate cut likely as eurozone growth stalls,2025-11-18,"EUR/USD down 0.4%, DAX up 0.8%",Moderate,monetary_policy,2025-11-H2,2025-11-18,unverified,2850
Israel and Hezbollah reach ceasefire agreement brokered by US and France,2024-11-26,"Oil down 2.1%, gold down 0.9%, SPX up 0.3%",Moderate,geopolitical_diplomatic,2025-11-H2,2025-11-26,date_corrected,2851
"OPEC+ postpones December meeting, defers decision on output increase",2024-11-17,"WTI up 1.8%, Brent up 1.6%",Moderate,energy_opec,2025-11-H2,2025-11-17,date_corrected,2852
Trump nominates Scott Bessent as Treasury Secretary,2024-11-22,"10-year Treasury yield fell 13bp, DXY down 0.8%",High,election_political,2025-11-H2,2025-11-22,date_corrected,2853
Argentina peso stabilizes as Milei government posts first fiscal surplus in years,2025-11-21,"Argentine bonds up 3%, ARS steady",Low,fiscal_policy,2025-11-H2,2025-11-21,unverified,2854
China cuts one-year loan prime rate by 25bp to support slowing economy,2025-11-20,"Hang Seng up 1.2%, copper up 0.9%",Moderate,monetary_policy,2025-11-H2,2025-11-20,unverified,2855
US existing home sales rise for second straight month as mortgage rates ease,2025-11-21,"Homebuilder ETF XHB up 1.1%, SPX flat",Low,fiscal_policy,2025-11-H2,2025-11-21,unverified,2856
Typhoon Man-yi makes landfall in Philippines as Category 5 storm,2024-11-17,"Philippine PSEi down 0.7%, regional markets flat",Low,natural_disaster,2025-11-H2,2025-11-17,date_corrected,2857
"UK autumn budget revisions show wider deficit than forecast, gilt yields rise",2025-11-25,"10-year gilt yield up 8bp, GBP down 0.5%",Moderate,fiscal_policy,2025-11-H2,2025-11-25,unverified,2858
Microsoft announces $80B AI infrastructure investment plan for 2026,2025-01-03,"MSFT up 1.3%, cloud infrastructure stocks broadly higher",Low,mega_cap_corporate,2025-11-H2,2025-11-19,date_corrected,2859
Pope Leo XIV elected as first American pope at Vatican conclave,2025-05-08,"Markets largely unmoved, Italian assets flat",Low,election_political,2025-05-H2,2025-05-08,confirmed,2780
India and Pakistan agree to ceasefire after cross-border military strikes,2025-05-10,"Indian Sensex recovered 1.2% on ceasefire news, gold eased from highs",Moderate,geopolitical_military,2025-05-H2,2025-05-10,confirmed,2781
Trump announces 50% tariff threat on EU goods over stalled trade talks,2025-05-23,"SPX down 0.7%, euro fell 0.5%, European equities sold off",Moderate,trade_policy,2025-05-H2,2025-05-23,confirmed,2782
"Salesforce reports Q1 earnings, revenue beats but guidance disappoints",2025-05-28,"CRM down 4% after hours, software sector weighed",Low,mega_cap_earnings,2025-05-H2,2025-05-28,confirmed,2783
"US initial jobless claims rise to 229K, labor market shows mild softening",2025-05-22,"SPX flat, bond yields dipped slightly on data",Low,fiscal_policy,2025-05-H2,2025-05-22,confirmed,2784
Trump pauses 50% EU tariff threat after European Commission signals talks,2025-05-26,"Euro recovered 0.4%, European stocks rebounded 0.6%",Low,trade_policy,2025-05-H2,2025-05-26,confirmed,2785
Trump announces 50% tariff on EU goods effective June 1,2025-05-23,"SPX futures fell 1.5%, EUR/USD dropped 0.8% on announcement",High,trade_policy,2025-06-H1,2025-05-23,confirmed,2786
"US and China agree to 90-day tariff truce, reducing rates to 30%",2025-05-12,"SPX up 3.3%, DXY up 0.8% on deal confirmation",High,trade_policy,2025-06-H1,2025-05-12,confirmed,2787
"Nvidia reports Q1 FY2026 earnings, revenue beats at $44.1B",2025-05-28,"NVDA up 4% after hours, Nasdaq futures up 1%",Moderate,mega_cap_earnings,2025-06-H1,2025-05-28,confirmed,2788
"Fed holds rates steady at 4.25-4.50%, signals no near-term cuts",2025-05-07,"SPX down 0.4%, 2-year Treasury yield rose 4bp",Low,monetary_policy,2025-06-H1,2025-06-11,date_corrected,2789
"US May CPI rises 2.4% year-over-year, slightly below expectations",2025-06-11,"SPX up 0.6%, 10-year yield fell 5bp on soft print",Moderate,fiscal_policy,2025-06-H1,2025-06-11,unverified,2790
Trump pauses EU tariffs for 90 days after market pressure,2025-06-04,"SPX up 1.8%, EUR/USD up 0.6%",High,trade_policy,2025-06-H1,2025-06-04,unverified,2791
India and Pakistan agree ceasefire after cross-border military exchange,2025-05-10,"Indian Sensex up 1.9%, Pakistani markets surged 4%",Moderate,geopolitical_military,2025-06-H1,2025-06-02,date_corrected,2792
Apple announces AI-powered Siri overhaul at WWDC 2025,2025-06-09,"AAPL up 2.1%, broadly in line with expectations",Low,mega_cap_corporate,2025-06-H1,2025-06-09,confirmed,2793
"US May jobs report shows 139,000 payrolls added, below 180,000 forecast",2025-06-06,"SPX down 0.3%, 10-year yield fell 6bp",Low,fiscal_policy,2025-06-H1,2025-06-06,unverified,2794
"ECB cuts interest rates by 25bp to 2.25%, signals cautious path ahead",2025-06-05,"EUR/USD down 0.3%, European equities up 0.5%",Low,monetary_policy,2025-06-H1,2025-06-05,unverified,2795
Saudi Arabia and OPEC+ agree to accelerate output increases for July,2025-06-01,"WTI crude fell 2.3% to near $57, energy stocks down 1.5%",Moderate,energy_opec,2025-06-H1,2025-06-01,confirmed,2796
"GameStop announces $1.3B Bitcoin purchase, pivoting treasury strategy",2025-06-09,"GME down 12%, Bitcoin rose 1.5% on news",Moderate,mega_cap_corporate,2025-06-H1,2025-06-09,unverified,2797
US Senate passes reconciliation bill extending Trump tax cuts,2025-06-12,"SPX up 0.2%, 30-year Treasury yield rose 3bp",Low,fiscal_policy,2025-06-H1,2025-06-12,unverified,2798
"China retaliates against US tech firms, restricting rare earth exports",2025-06-13,"Defense and tech stocks fell 1-2%, rare earth miners surged 5%",Moderate,trade_policy,2025-06-H1,2025-06-13,unverified,2799
US and China trade war escalates as tariffs reach 145% on Chinese goods,2025-04-09,"SPX down 1.5%, WTI fell below $63",High,trade_policy,2025-04-H2,2025-04-16,date_corrected,2760
China retaliates with 125% tariffs on all US imports,2025-04-11,"DXY hit three-year low, gold surged 2%",High,trade_policy,2025-04-H2,2025-04-17,date_corrected,2761
"Gold prices surge to record high above $3,500 per ounce",2025-04-22,"Gold futures hit $3,509 intraday, up 3% on the day",Moderate,supply_disruption,2025-04-H2,2025-04-22,confirmed,2762
IMF cuts 2025 global growth forecast to 2.8% citing trade war uncertainty,2025-04-22,"SPX down 0.4%, EM currencies weakened",Low,fiscal_policy,2025-04-H2,2025-04-22,confirmed,2763
"Netflix reports Q1 2025 earnings, revenue beats estimates on subscriber growth",2025-04-17,NFLX up 4% after hours,Low,mega_cap_earnings,2025-04-H2,2025-04-17,confirmed,2764
"Alphabet reports Q1 2025 earnings, beats on revenue and announces $70B buyback",2025-04-29,GOOGL up 4.5% after hours,Moderate,mega_cap_earnings,2025-04-H2,2025-04-29,confirmed,2765
"Microsoft reports Q1 2025 earnings, Azure cloud growth accelerates to 33%",2025-04-30,MSFT up 5% after hours,Moderate,mega_cap_earnings,2025-04-H2,2025-04-30,confirmed,2766
"Meta reports Q1 2025 earnings, raises full-year capex guidance to $72B",2025-04-30,META up 4% after hours,Moderate,mega_cap_earnings,2025-04-H2,2025-04-30,confirmed,2767
US Treasury Secretary Bessent signals openness to de-escalating China tariffs,2025-04-22,"SPX up 1.7%, Nasdaq up 2.1%",Moderate,trade_policy,2025-04-H2,2025-04-23,date_corrected,2768
ECB cuts rates by 25bp for seventh consecutive time amid trade war fears,2025-04-17,"EUR/USD up 0.3%, European equities flat",Low,monetary_policy,2025-04-H2,2025-04-17,confirmed,2769
"US initial jobless claims rise to 222,000, labor market shows mild softening",2025-04-24,"SPX down 0.2%, 10-year Treasury yield fell 3bp",Low,fiscal_policy,2025-04-H2,2025-04-24,unverified,2770
Apple supplier Foxconn reports sharp drop in orders as tariff uncertainty bites,2025-04-25,"AAPL down 1.2%, Taiwan equities fell 0.8%",Low,mega_cap_corporate,2025-04-H2,2025-04-25,unverified,2771
Moody's downgrades US sovereign credit rating to Aa1 from Aaa,2025-05-16,"SPX down 0.7%, 30-yr Treasury yield rose to 5.03%, DXY weakened",Moderate,credit_event,2025-05-H2,2025-05-16,confirmed,2772
US 30-year Treasury yield breaches 5.1% amid fiscal deficit fears,2025-05-19,"TLT down 1.8%, SPX down 1.1%, dollar weakened",Moderate,fiscal_policy,2025-05-H2,2025-05-19,confirmed,2773
"US and China agree to 90-day tariff truce, cutting rates to 30% from 145%",2025-05-12,"SPX up 3.3% on May 12, Nasdaq up 4.4%",High,trade_policy,2025-05-H2,2025-05-12,confirmed,2774
"Walmart reports Q1 earnings, warns tariffs will force price increases",2025-05-15,"WMT down 0.5%, broader retail sector pressured",Low,mega_cap_earnings,2025-05-H2,2025-05-15,confirmed,2775
"Nvidia reports Q1 FY2026 earnings, revenue surges 69% to $44.1B",2025-05-28,"NVDA up 4% after hours, Nasdaq futures up 0.8%",Moderate,mega_cap_earnings,2025-05-H2,2025-05-28,confirmed,2776
House passes Trump's 'One Big Beautiful Bill' tax and spending package,2025-05-22,"SPX down 0.4%, 10-yr yield rose 6bp to 4.59%, deficit concerns weighed",Moderate,fiscal_policy,2025-05-H2,2025-05-22,confirmed,2777
"US-Ukraine minerals deal signed, securing critical resource access",2025-04-30,"Uranium and rare earth mining stocks up 1-3%, SPX flat",Low,geopolitical_diplomatic,2025-05-H2,2025-05-16,date_corrected,2778
Fed minutes from May FOMC meeting show officials cautious on rate cuts,2025-05-21,"SPX down 0.3%, 2-yr Treasury yield up 4bp",Low,monetary_policy,2025-05-H2,2025-05-21,confirmed,2779
"ECB cuts rates by 25bp, signals cautious pace of further easing",2024-12-12,"EUR/USD down 0.4%, European equities up 0.6%",Low,monetary_policy,2025-12-H1,2025-12-12,date_corrected,2820
"US November PPI rises less than expected, easing inflation concerns",2024-12-12,"SPX up 0.2%, 10-year yield dipped 3bp",Low,monetary_policy,2025-12-H1,2025-12-12,date_corrected,2821
"Trump nominates Scott Bessent as Treasury Secretary, markets react positively",2024-11-22,"SPX up 0.6%, DXY up 0.3%, bond yields fell slightly",Low,election_political,2025-12-H1,2025-12-01,date_corrected,2822
Fed cuts rates by 25bp but signals fewer 2026 cuts than expected,2024-12-18,"SPX down 2.9%, Nasdaq down 3.6%, VIX spiked to 28",High,monetary_policy,2025-12-H2,2025-12-17,date_corrected,2823
US government shutdown avoided as Congress passes continuing resolution,2024-12-20,"SPX up 0.7%, Treasury yields little changed",Low,fiscal_policy,2025-12-H2,2025-12-20,unverified,2824
"Nike reports fiscal Q2 earnings miss, cuts full-year revenue guidance",2024-12-19,"NKE down 9% pre-market, consumer discretionary sector down 1.2%",Moderate,mega_cap_earnings,2025-12-H2,2025-12-19,date_corrected,2825
"Bank of Japan holds rates steady at December meeting, yen weakens",2024-12-19,"USD/JPY rose 1.2% to 156, Nikkei up 1.8%",Moderate,monetary_policy,2025-12-H2,2025-12-19,date_corrected,2826
Bank of England holds rates at 4.75% citing persistent inflation,2024-12-19,"GBP down 0.4%, FTSE 100 up 0.3%",Low,monetary_policy,2025-12-H2,2025-12-19,date_corrected,2827
US existing home sales rise for second consecutive month in November,2024-12-19,"Homebuilder ETF XHB up 0.8%, SPX little changed",Low,fiscal_policy,2025-12-H2,2025-12-22,date_corrected,2828
PCE inflation data for November comes in below expectations at 2.4%,2024-12-20,"SPX up 1.1%, 2-year Treasury yield fell 6bp",Moderate,monetary_policy,2025-12-H2,2025-12-20,unverified,2829
Russia conducts largest air strike on Ukrainian energy grid in months,2025-12-26,"European natural gas up 3%, SPX futures flat",Low,geopolitical_military,2025-12-H2,2025-12-26,unverified,2830
China cuts reserve requirement ratio by 25bp to support slowing economy,2025-12-27,"Hang Seng up 1.4%, copper up 0.9%",Low,monetary_policy,2025-12-H2,2025-12-27,unverified,2831
US equity markets post thin holiday volume with SPX recovering Fed losses,2024-12-31,"SPX ended December down 2.5%, Nasdaq down 3.1% for the month",Low,fiscal_policy,2025-12-H2,2025-12-31,date_corrected,2832
Trump administration announces 25% tariffs on all Canadian auto imports,2025-10-16,"CAD fell 0.8%, Canadian auto stocks down 4-6%",Moderate,trade_policy,2025-10-H2,2025-10-16,unverified,2833
Netflix Q3 earnings beat expectations with 5.1M subscriber additions,2024-10-15,NFLX up 6.2% after-hours,Moderate,mega_cap_earnings,2025-10-H2,2025-10-15,date_corrected,2834
ECB cuts interest rates by 25bp for third consecutive meeting,2024-10-17,"EUR/USD down 0.4%, European equities up 0.6%",Low,monetary_policy,2025-10-H2,2025-10-23,date_corrected,2835
Israel expands ground operations into southern Lebanon targeting Hezbollah,2024-10-01,"Oil up 1.8%, gold up 0.9%, SPX down 0.3%",Low,geopolitical_military,2025-10-H2,2025-10-17,date_corrected,2836
Alphabet Q3 revenue rises 15% as Google Cloud surpasses $12B quarterly,2024-10-29,GOOGL up 5.1% after-hours,Moderate,mega_cap_earnings,2025-10-H2,2025-10-29,date_corrected,2837
Microsoft Q1 FY2026 earnings beat on Azure cloud growth of 33%,2024-10-30,"MSFT up 3.4% after-hours, Nasdaq futures up 0.5%",Moderate,mega_cap_earnings,2025-10-H2,2025-10-29,date_corrected,2838
"Meta Q3 2025 earnings top estimates, raises full-year capex guidance to $60B",2024-10-30,META up 4.7% after-hours,Moderate,mega_cap_earnings,2025-10-H2,2025-10-29,date_corrected,2839
Goldman Sachs Q3 earnings beat on record investment banking fees,2025-10-14,"GS up 3.1%, SPX up 0.5%",Moderate,mega_cap_earnings,2025-10-H1,2025-10-14,unverified,2900
Argentina peso devalues 15% as IMF bailout talks stall,2025-10-14,"ARS down 15%, EM currencies broadly weaker, EEM down 1.1%",Moderate,credit_event,2025-10-H1,2025-10-14,unverified,2901
"China's September exports fall 3.7% year-over-year, missing expectations",2025-10-15,"Shanghai Composite down 1.4%, copper futures down 1.8%",Moderate,trade_policy,2025-10-H1,2025-10-15,unverified,2902
FBI Director Comey reopens Clinton email investigation 11 days before election,2016-10-28,"SPX down 0.7%, VIX spiked to 17, USD weakened",Moderate,election_political,2016-10-H2,2016-10-28,confirmed,2903
UK Supreme Court to rule on whether Parliament must approve Article 50,2016-11-03,"GBP fell 0.8% to 1.218, FTSE 100 up 0.4%",Moderate,election_political,2016-10-H2,2016-10-17,date_corrected,2904
"ECB holds rates steady, Draghi signals QE tapering discussion ahead",2016-10-20,"EUR up 0.5%, European equities flat",Low,monetary_policy,2016-10-H2,2016-10-20,confirmed,2905
US 10-year Treasury yield climbs above 1.80% on inflation expectations,2016-10-24,"10Y yield hit 1.82%, TLT down 0.6%",Low,monetary_policy,2016-10-H2,2016-10-24,confirmed,2906
AT&T agrees to acquire Time Warner for $85.4 billion,2016-10-22,"TWX up 8%, T down 2.7%",Moderate,mega_cap_corporate,2016-10-H2,2016-10-22,confirmed,2907
Amazon reports Q3 earnings with revenue and profit beating estimates,2016-10-27,AMZN up 5.4% after hours,Moderate,mega_cap_earnings,2016-10-H2,2016-10-27,confirmed,2908
"Alphabet reports Q3 earnings, revenue rises 20% year-over-year",2016-10-27,GOOGL up 2.5% after hours,Low,mega_cap_earnings,2016-10-H2,2016-10-27,confirmed,2909
"Microsoft reports Q3 earnings, cloud revenue surges 8% above estimates",2016-10-20,MSFT up 4.2% after hours,Moderate,mega_cap_earnings,2016-10-H2,2016-10-20,confirmed,2910
"US existing home sales rise 3.2% in September, beat expectations",2016-10-20,Homebuilder ETF XHB up 0.5%,Low,fiscal_policy,2016-10-H2,2016-10-20,confirmed,2911
OPEC informal talks in Vienna show divisions over output freeze deal,2016-10-28,WTI fell 1.5% to $48.70,Moderate,energy_opec,2016-10-H2,2016-10-28,confirmed,2912
Iraq says it will be exempt from any OPEC production cut agreement,2016-10-21,"WTI down 0.9%, Brent down 1.1%",Low,energy_opec,2016-10-H2,2016-10-21,confirmed,2913
Mosul offensive begins as Iraqi forces and US-led coalition advance,2016-10-17,"Oil up 0.6%, broader markets unmoved",Low,geopolitical_military,2016-10-H2,2016-10-17,confirmed,2914
China Q3 GDP growth holds steady at 6.7% for third consecutive quarter,2016-10-19,"Shanghai Composite up 0.3%, AUD up 0.4%",Low,fiscal_policy,2016-10-H2,2016-10-19,confirmed,2915
Deutsche Bank reaches $14 billion DOJ settlement talks stall,2016-10-18,"DB shares down 3.1%, European banks fell 1%",Moderate,credit_event,2016-10-H2,2016-10-18,unverified,2916
Deutsche Bank shares hit record low amid $14B DOJ settlement talks,2016-09-30,"DB down 7% on the week, European bank index fell 3%",High,credit_event,2016-10-H1,2016-10-03,date_corrected,2917
OPEC members agree to freeze output at informal Algiers meeting details,2016-09-28,"WTI rose above $50, up 3% on the week",Moderate,energy_opec,2016-10-H1,2016-10-04,date_corrected,2918
UK pound flash crashes 6% in Asian trading session overnight,2016-10-07,"GBP/USD fell from 1.26 to 1.18 intraday, worst flash crash in major currency history",High,geopolitical_diplomatic,2016-10-H1,2016-10-07,confirmed,2919
"OPEC+ confirms October output increase of 180,000 barrels per day proceeds",2025-09-22,"WTI down 2.1% to near $68, energy stocks fell 1.2%",Moderate,energy_opec,2025-09-H2,2025-09-22,unverified,2880
US Senate passes continuing resolution to avoid government shutdown,2025-09-25,"SPX up 0.2%, Treasuries little changed",Low,fiscal_policy,2025-09-H2,2025-09-25,unverified,2881
"Micron Technology reports Q4 earnings, data center DRAM demand surges",2025-09-24,"MU up 14% after hours, semiconductor ETF SOXX up 2.1%",High,mega_cap_earnings,2025-09-H2,2025-09-24,unverified,2882
"European Central Bank cuts rates by 25bp, fourth cut of 2025",2025-09-18,"EUR/USD down 0.3%, DAX up 0.8%",Low,monetary_policy,2025-09-H2,2025-09-18,unverified,2883
"Israel and Hezbollah ceasefire collapses, strikes resume in Lebanon",2025-09-23,"Oil up 1.8%, gold up 0.7%, SPX down 0.3%",Low,geopolitical_military,2025-09-H2,2025-09-23,unverified,2884
China announces 500 billion yuan fiscal stimulus package for infrastructure,2025-09-24,"Hang Seng up 3.2%, copper futures up 2.4%, iron ore up 4%",High,fiscal_policy,2025-09-H2,2025-09-24,unverified,2885
FTC files antitrust lawsuit against Microsoft over cloud licensing practices,2025-09-19,"MSFT down 1.8%, cloud sector ETF down 0.9%",Low,regulatory,2025-09-H2,2025-09-19,unverified,2886
Hurricane Helene II makes landfall in Florida as Category 3 storm,2025-09-26,"Homebuilder ETF XHB down 1.1%, reinsurance stocks fell 2-4%",Moderate,natural_disaster,2025-09-H2,2025-09-26,fabricated,2887
"Germany enters technical recession, GDP contracts 0.3% in Q2 revision",2025-09-26,"DAX down 1.3%, EUR/USD fell 0.4% to 1.093",Moderate,fiscal_policy,2025-09-H2,2025-09-26,unverified,2888
"US and China agree to 90-day tariff truce, reducing rates to 10%",2025-10-01,"SPX up 2.1%, DXY down 0.8%, yuan strengthened",High,trade_policy,2025-10-H1,2025-10-01,unverified,2889
"OPEC+ holds emergency meeting, maintains current output levels",2025-10-02,"WTI down 1.2%, settled near $70/barrel",Low,energy_opec,2025-10-H1,2025-10-02,unverified,2890
"US September nonfarm payrolls rise 150,000, unemployment holds at 4.2%",2025-10-03,"SPX up 0.4%, 10-year Treasury yield fell 5bp",Low,monetary_policy,2025-10-H1,2025-10-03,unverified,2891
"Israel and Hezbollah ceasefire collapses, fighting resumes in Lebanon",2025-10-06,"Oil up 2.1%, gold up 0.8%, SPX down 0.5%",Moderate,geopolitical_military,2025-10-H1,2025-10-06,unverified,2892
Fed minutes signal policymakers divided on pace of further rate cuts,2025-10-08,"10-year yield rose 8bp, SPX down 0.6%",Moderate,monetary_policy,2025-10-H1,2025-10-08,unverified,2893
Taiwan Strait tensions rise as China conducts large-scale military drills,2025-10-09,"TSMC ADR down 3.2%, Philadelphia Semiconductor Index down 1.8%",Moderate,geopolitical_military,2025-10-H1,2025-10-09,unverified,2894
EU imposes 35% tariffs on Chinese electric vehicles after WTO ruling,2025-10-09,"European auto stocks up 1.5%, NIO and BYD ADRs down 4-6%",Moderate,trade_policy,2025-10-H1,2025-10-09,unverified,2895
"JPMorgan reports Q3 EPS of $4.37, beats estimates on strong trading revenue",2025-10-10,"JPM up 2.8%, KBW Bank Index up 1.4%",Moderate,mega_cap_earnings,2025-10-H1,2025-10-10,unverified,2896
"UK GDP contracts 0.2% in August, raising recession fears",2025-10-10,"GBP down 0.7%, FTSE 100 down 0.9%",Low,fiscal_policy,2025-10-H1,2025-10-10,unverified,2897
Hurricane Milton makes landfall in Florida as Category 4 storm,2024-10-09,"Insurers down 3-5%, lumber futures up 4%, SPX down 0.3%",Moderate,natural_disaster,2025-10-H1,2025-10-10,date_corrected,2898
"US CPI rises 2.4% year-over-year in September, in line with forecasts",2025-10-14,"SPX up 0.1%, 10-year yield unchanged, dollar flat",Low,monetary_policy,2025-10-H1,2025-10-14,unverified,2899
"US nonfarm payrolls add 156,000 jobs in September, below expectations",2016-10-07,"SPX down 0.3%, USD weakened slightly",Low,monetary_policy,2016-10-H1,2016-10-07,confirmed,2920
Wells Fargo CEO John Stumpf resigns amid fake accounts scandal,2016-10-12,"WFC up 1.5% on relief, SPX flat",Low,mega_cap_corporate,2016-10-H1,2016-10-12,confirmed,2921
IMF cuts global growth forecast to 3.1% for 2016 in World Economic Outlook,2016-10-04,"SPX down 0.2%, emerging market currencies weakened",Low,fiscal_policy,2016-10-H1,2016-10-04,confirmed,2922
JPMorgan reports Q3 earnings beat with record revenue of $25.5B,2016-10-13,"JPM up 2%, KBW bank index up 1.8%",Moderate,mega_cap_earnings,2016-10-H1,2016-10-13,confirmed,2923
"Citigroup Q3 profit rises 8%, beats analyst estimates on trading revenue",2016-10-14,"C up 1.7%, financials sector up 0.9%",Moderate,mega_cap_earnings,2016-10-H1,2016-10-14,confirmed,2924
"US 10-year Treasury yield rises above 1.75%, highest since June Brexit vote",2016-10-11,"TLT down 1.2%, USD index hit 8-month high",Moderate,monetary_policy,2016-10-H1,2016-10-11,confirmed,2925
Samsung permanently discontinues Galaxy Note 7 after second battery fire wave,2016-10-11,"Samsung KS down 8%, wiped $17B in market cap",High,mega_cap_corporate,2016-10-H1,2016-10-11,confirmed,2926
UK Prime Minister May sets March 2017 deadline to trigger Article 50,2016-10-02,"GBP down 1.2%, FTSE 100 up 0.5% on weaker pound",Moderate,geopolitical_diplomatic,2016-10-H1,2016-10-02,confirmed,2927
"China foreign exchange reserves fall below $3.17 trillion, near 6-year low",2016-10-07,"CNY weakened, emerging market ETFs down 0.5%",Low,fiscal_policy,2016-10-H1,2016-10-07,confirmed,2928
"Russia and US fail to agree on Syria ceasefire, diplomatic talks collapse",2016-10-03,"Oil up 0.5%, SPX flat",Low,geopolitical_military,2016-10-H1,2016-10-03,confirmed,2929
"Bank of England holds rates at 0.25%, signals no further cuts near term",2016-10-13,"GBP up 0.8%, FTSE 100 down 0.4%",Low,monetary_policy,2016-10-H1,2016-10-13,confirmed,2930
"Fed raises rates by 75bp for third consecutive meeting, signals more hikes",2022-09-21,"SPX down 1.7%, 2-year Treasury yield hit 4.1%",High,monetary_policy,2022-09-H2,2022-09-21,confirmed,2931
Bank of England intervenes to buy gilts after mini-budget triggers market crash,2022-09-28,"GBP recovered from record low $1.035, 30-year gilt yield fell 100bp",High,monetary_policy,2022-09-H2,2022-09-28,confirmed,2932
UK Chancellor Kwarteng announces mini-budget with unfunded £45B tax cuts,2022-09-23,"GBP crashed to record low $1.035, gilt yields spiked 30bp",High,fiscal_policy,2022-09-H2,2022-09-23,confirmed,2933
Nord Stream 1 and 2 pipelines damaged by underwater explosions in Baltic Sea,2022-09-26,"European gas up 12%, DAX down 1.7%",Moderate,supply_disruption,2022-09-H2,2022-09-26,confirmed,2934
Swedish and Danish seismographs detect explosions near Nord Stream pipelines,2022-09-26,"TTF gas futures up 10%, European energy stocks volatile",Moderate,geopolitical_military,2022-09-H2,2022-09-26,confirmed,2935
Putin announces annexation of four Ukrainian regions in Kremlin ceremony,2022-09-30,"Oil up 1.5%, SPX down 0.8%, gold up 0.6%",Moderate,geopolitical_military,2022-09-H2,2022-09-30,confirmed,2936
"Russia holds referendums in Donetsk, Luhansk, Zaporizhzhia, Kherson regions",2022-09-23,"SPX down 0.5%, oil up 1%",Low,geopolitical_military,2022-09-H2,2022-09-23,date_corrected,2937
"Bank of Japan intervenes in FX market to defend yen, first time since 1998",2022-09-22,USD/JPY fell 2% from 145.9 to 142.4 intraday,Moderate,monetary_policy,2022-09-H2,2022-09-22,confirmed,2938
"Swiss National Bank raises rates by 75bp, exits negative rate era",2022-09-22,"CHF up 0.8%, Swiss equities down 0.5%",Low,monetary_policy,2022-09-H2,2022-09-22,confirmed,2939
"US PCE inflation for October comes in at 2.3%, in line with estimates",2024-11-27,"SPX up 0.5%, 2-year yield down 4bp",Low,monetary_policy,2025-11-H2,2025-11-26,unverified,2860
"Fed holds rates steady, signals cautious path on future cuts",2025-11-06,"SPX up 0.4%, 2-year Treasury yield fell 4bp",Low,monetary_policy,2025-11-H1,2025-11-06,unverified,2861
Trump tariff threats on EU goods resurface ahead of trade talks,2025-11-03,"EUR/USD down 0.6%, European equities down 0.8%",Moderate,trade_policy,2025-11-H1,2025-11-03,unverified,2862
"Nvidia reports Q3 earnings, revenue beats on surging data center demand",2025-11-19,NVDA up 5% after-hours,Moderate,mega_cap_earnings,2025-11-H1,2025-11-19,unverified,2863
China exports fall more than expected in October amid weak global demand,2025-11-07,"Shanghai Composite down 1.1%, AUD/USD down 0.4%",Low,trade_policy,2025-11-H1,2025-11-07,unverified,2864
"Israel and Hezbollah ceasefire collapses, fighting resumes in Lebanon",2025-11-04,"Oil up 1.8%, gold up 0.5%, SPX down 0.3%",Low,geopolitical_military,2025-11-H1,2025-11-04,unverified,2865
"UK GDP growth stalls in Q3, raising recession concerns for 2026",2025-11-12,"GBP/USD down 0.7%, FTSE 100 down 0.9%",Moderate,fiscal_policy,2025-11-H1,2025-11-12,unverified,2866
OPEC+ reaffirms December production cut extension amid oil price weakness,2025-11-05,"WTI up 2.1%, Brent up 1.9%",Moderate,energy_opec,2025-11-H1,2025-11-05,unverified,2867
US October CPI comes in hotter than expected at 2.6% year-on-year,2024-11-13,"SPX down 1.1%, 10-year yield up 9bp, rate cut odds fell",Moderate,monetary_policy,2025-11-H1,2025-11-13,unverified,2868
Alphabet announces $30B acquisition of cybersecurity firm Wiz,2025-07-14,"GOOGL down 1.2%, Wiz-related cyber ETFs up 3%",Low,mega_cap_corporate,2025-11-H1,2025-11-10,date_corrected,2869
Russia launches largest drone attack on Ukrainian energy grid since 2024,2025-11-08,"European gas futures up 4%, SPX flat",Low,geopolitical_military,2025-11-H1,2025-11-08,unverified,2870
US Senate passes continuing resolution averting government shutdown,2025-11-14,"SPX up 0.2%, T-bill yields fell slightly",Low,fiscal_policy,2025-11-H1,2025-11-14,unverified,2871
Taiwan Semiconductor reports record monthly revenue for October,2025-11-10,"TSM up 2.3%, Philadelphia Semiconductor Index up 1.4%",Moderate,mega_cap_earnings,2025-11-H1,2025-11-10,unverified,2872
Argentina peso stabilizes as IMF approves next tranche of bailout funds,2025-11-06,"ARS steady, Argentine sovereign bonds up 2%",Low,credit_event,2025-11-H1,2025-11-06,unverified,2873
US imposes new export controls on advanced AI chips to additional countries,2025-11-01,"NVDA down 2.1%, AMD down 1.8%, SOX down 1.2%",Moderate,regulatory,2025-11-H1,2025-11-01,unverified,2874
"Fed holds rates steady, signals fewer cuts in 2025 dot plot",2024-12-18,"SPX up 0.3%, 2-year Treasury yield fell 4bp",Low,monetary_policy,2025-09-H2,2025-09-17,date_corrected,2875
US and China resume trade talks in Geneva after summer recess,2025-09-18,"SPX up 0.6%, CNH strengthened 0.4%",Low,geopolitical_diplomatic,2025-09-H2,2025-09-18,unverified,2876
"Oracle reports Q1 FY2026 earnings, cloud revenue beats estimates by 8%",2025-09-09,ORCL up 11% after hours,Moderate,mega_cap_earnings,2025-09-H2,2025-09-09,confirmed,2877
"Bank of Japan holds rates at 0.25%, yen weakens on dovish statement",2025-09-19,"USD/JPY up 0.9% to 145.8, Nikkei up 1.4%",Moderate,monetary_policy,2025-09-H2,2025-09-19,unverified,2878
"UK inflation falls to 1.7%, below Bank of England 2% target",2024-10-16,"GBP down 0.5%, gilts rallied, FTSE up 0.4%",Low,monetary_policy,2025-09-H2,2025-09-17,date_corrected,2879
"Bank of England raises rates by 50bp, votes split on size of hike",2022-09-22,"GBP down 0.5%, FTSE 100 down 0.6%",Low,monetary_policy,2022-09-H2,2022-09-22,confirmed,2940
"Norges Bank raises rates by 50bp, signals slower pace ahead",2022-09-22,"NOK up 0.3%, minimal broader market impact",Low,monetary_policy,2022-09-H2,2022-09-22,confirmed,2941
"SPX closes below 3,700, entering new leg of bear market after Fed meeting",2022-09-22,"SPX down 1.7% on the day, down 9% over the week",High,monetary_policy,2022-09-H2,2022-09-22,confirmed,2942
"Italy's right-wing coalition wins general election, Meloni set to become PM",2022-09-25,"Italian BTP yields rose 20bp, EUR/USD down 0.5%",Moderate,election_political,2022-09-H2,2022-09-25,confirmed,2943
Dollar index DXY surges to 20-year high above 114 on global rate divergence,2022-09-27,"DXY hit 114.78 intraday, EM currencies under broad pressure",High,monetary_policy,2022-09-H2,2022-09-28,date_corrected,2944
"Putin announces partial military mobilization of 300,000 reservists in Russia",2022-09-21,"Ruble down 2%, Moscow exchange fell 8%, oil up 1%",Moderate,geopolitical_military,2022-09-H2,2022-09-21,confirmed,2945
"Nike reports quarterly earnings miss, warns of inventory glut and margin pressure",2022-09-29,"NKE down 12.8%, Dow Jones down 1.5%",High,mega_cap_earnings,2022-09-H2,2022-09-29,confirmed,2946
IMF warns UK government that large unfunded tax cuts risk stoking inequality,2022-09-27,"GBP fell further to $1.06, gilt yields rose 20bp",Moderate,fiscal_policy,2022-09-H2,2022-09-27,confirmed,2947
US 10-year Treasury yield hits 4% for first time since 2010,2022-09-28,"10-year yield hit 4.01%, SPX down 0.2%",Moderate,monetary_policy,2022-09-H2,2022-09-28,confirmed,2948
UK PM Truss fires Chancellor Kwarteng amid gilt market crisis,2022-10-14,"GBP fell 1.5%, gilt yields spiked before BOE intervention",High,fiscal_policy,2022-10-H1,2022-10-14,confirmed,2949
Bank of England expands emergency gilt purchase program to include index-linked bonds,2022-10-11,30-year gilt yields fell 30bp on the day,High,monetary_policy,2022-10-H1,2022-10-11,confirmed,2950
"US CPI rises 8.2% year-over-year in September, core CPI hits 40-year high of 6.6%",2022-10-13,"SPX initially down 2.4%, reversed to close up 2.6%; VIX hit 34",High,monetary_policy,2022-10-H1,2022-10-13,confirmed,2951
OPEC+ agrees to cut oil production by 2 million barrels per day,2022-10-05,"WTI up 1.4%, SPX down 0.7%",Moderate,energy_opec,2022-10-H1,2022-10-05,confirmed,2952
US imposes sweeping export controls on advanced semiconductors to China,2022-10-07,"SOX index down 3.5%, NVDA down 7%, LRCX down 7%",High,trade_policy,2022-10-H1,2022-10-07,confirmed,2953
Russia launches mass missile strikes on Ukrainian cities including Kyiv,2022-10-10,"European gas up 5%, SPX down 0.8%, wheat futures up 3%",Moderate,geopolitical_military,2022-10-H1,2022-10-10,confirmed,2954
Fed minutes show officials committed to raising rates until inflation tamed,2022-10-12,"SPX down 1.0%, 2-year Treasury yield rose to 4.26%",Moderate,monetary_policy,2022-10-H1,2022-10-05,date_corrected,2955
"US nonfarm payrolls add 263,000 jobs in September, unemployment falls to 3.5%",2022-10-07,"SPX down 2.8%, 2-year yield hit 4.31%",High,monetary_policy,2022-10-H1,2022-10-07,confirmed,2956
UK PM Truss reverses corporation tax cut pledge from mini-budget,2022-10-03,"GBP up 1.3%, gilt yields fell 30bp",Moderate,fiscal_policy,2022-10-H1,2022-10-03,confirmed,2957
Samsung Electronics warns Q3 operating profit fell 32% year-over-year,2022-10-07,"Samsung KS down 1.8%, semiconductor stocks broadly lower",Moderate,mega_cap_earnings,2022-10-H1,2022-10-07,confirmed,2958
"IMF cuts 2023 global growth forecast to 2.7%, warns of near-recession conditions",2022-10-11,"SPX down 0.3%, DXY strengthened slightly",Low,fiscal_policy,2022-10-H1,2022-10-11,confirmed,2959
Japan intervenes in FX market again to support yen near 150 level,2022-10-21,USD/JPY dropped from 151.9 to 146.2 intraday,High,monetary_policy,2022-10-H2,2022-10-21,confirmed,3020
"US midterm elections deliver split Congress, Senate stays Democrat",2022-11-08,"SPX up 0.6%, VIX fell 2 pts, dollar weakened",Moderate,election_political,2022-11-H1,2022-11-08,confirmed,3021
"CPI inflation rises 7.7% year-over-year, below 8% forecast",2022-11-10,"SPX up 5.5%, Nasdaq up 7.4%, biggest daily gain since 2020",High,monetary_policy,2022-11-H1,2022-11-10,confirmed,3022
FTX cryptocurrency exchange halts withdrawals amid liquidity crisis,2022-11-08,"Bitcoin down 15%, FTT token down 80%",High,credit_event,2022-11-H1,2022-11-08,confirmed,3023
"Binance signs letter of intent to acquire FTX, then walks away",2022-11-09,"Bitcoin down 14% on Binance withdrawal, crypto markets in freefall",High,credit_event,2022-11-H1,2022-11-09,confirmed,3024
"FTX files for Chapter 11 bankruptcy, Sam Bankman-Fried resigns as CEO",2022-11-11,"Bitcoin fell to $16,000, down 25% on the week",High,credit_event,2022-11-H1,2022-11-11,confirmed,3025
Russia withdraws troops from Kherson city in major Ukrainian advance,2022-11-09,"European equities up 1%, natural gas down 2%",Low,geopolitical_military,2022-11-H1,2022-11-09,confirmed,3026
Missile strikes Przewodow village in Poland near Ukraine border,2022-11-15,"SPX fell 0.8% intraday before recovering, gold up 0.5%",Moderate,geopolitical_military,2022-11-H1,2022-11-15,confirmed,3027
G20 leaders issue joint declaration condemning Russia's war in Ukraine,2022-11-15,"Markets muted, SPX up 0.1%",Low,geopolitical_diplomatic,2022-11-H1,2022-11-15,confirmed,3028
"Meta announces layoffs of 11,000 employees, 13% of global workforce",2022-11-09,META up 5% on cost-cutting optimism,Moderate,mega_cap_corporate,2022-11-H1,2022-11-09,confirmed,3029
"Disney reports Q4 earnings miss, streaming losses widen to $1.5B",2022-11-08,DIS down 13% next day,High,mega_cap_earnings,2022-11-H1,2022-11-08,confirmed,3030
Fed officials signal slower pace of rate hikes may be appropriate soon,2022-11-02,SPX fell 2.5% as Powell press conference struck hawkish tone,High,monetary_policy,2022-11-H1,2022-11-02,confirmed,3031
Fed raises interest rates 75bp for fourth consecutive meeting,2022-11-02,"SPX down 2.5%, 2-year Treasury yield rose above 4.7%",High,monetary_policy,2022-11-H1,2022-11-02,confirmed,3032
"UK GDP contracts 0.2% in Q3, confirming recession risk",2022-11-11,"GBP down 0.4%, FTSE 100 down 0.3%",Low,fiscal_policy,2022-11-H1,2022-11-11,confirmed,3033
"China reports surge in COVID cases, raises lockdown fears in major cities",2022-11-11,"Hang Seng down 1.9%, iron ore futures fell 3%",Moderate,pandemic_health,2022-11-H1,2022-11-11,confirmed,3034
Twitter begins mass layoffs of approximately 50% of staff under Musk,2022-11-04,"Tesla TSLA down 2%, broader tech sentiment negative",Low,mega_cap_corporate,2022-11-H1,2022-11-04,confirmed,3035
Crypto lender BlockFi freezes withdrawals citing FTX contagion exposure,2022-11-11,"Ethereum down 5%, crypto credit spreads widened sharply",Moderate,credit_event,2022-11-H1,2022-11-11,confirmed,3036
"Rivian reports Q3 earnings, narrows loss but cuts production guidance",2022-11-09,RIVN down 7% after-hours,Low,mega_cap_earnings,2022-11-H1,2022-11-09,confirmed,3037
OPEC+ reaffirms 2 million barrel per day output cut agreed in October,2022-11-04,"WTI crude up 1.2%, settled near $92 per barrel",Low,energy_opec,2022-11-H1,2022-11-04,confirmed,3038
"FTX bankruptcy filing reveals $8B hole, Sam Bankman-Fried resigns as CEO",2022-11-11,"BTC down 16% on week, Coinbase down 10%",High,credit_event,2022-11-H2,2022-11-11,confirmed,3039
US natural gas prices collapse 40% in December on warm weather forecasts,2022-12-28,Henry Hub natural gas futures down to $4.50 from $7.50 in November,Moderate,energy_opec,2022-12-H2,2022-12-28,unverified,3000
SPX on track for worst annual performance since 2008 financial crisis,2022-12-30,"SPX closed 2022 down 19.4%, Nasdaq down 33%, bonds down 13%",High,credit_event,2022-12-H2,2022-12-30,confirmed,3001
Russia announces unilateral ceasefire in Ukraine for Orthodox Christmas,2023-01-05,"SPX flat, oil barely moved as Ukraine rejected ceasefire",Low,geopolitical_military,2022-12-H2,2022-12-30,date_corrected,3002
"UK PM Truss resigns after 45 days, shortest tenure in history",2022-10-20,"GBP up 0.5%, gilts rallied, FTSE up 0.5%",Moderate,election_political,2022-10-H2,2022-10-20,confirmed,3003
"Rishi Sunak confirmed as UK Prime Minister, replacing Liz Truss",2022-10-25,"GBP up 0.7%, 10-year gilt yield fell 15bp",Moderate,election_political,2022-10-H2,2022-10-25,confirmed,3004
Xi Jinping secures unprecedented third term as CCP General Secretary,2022-10-23,"Hang Seng down 6.4%, Chinese tech ADRs down 10-15%",High,election_political,2022-10-H2,2022-10-23,confirmed,3005
"China Q3 GDP grows 3.9% year-on-year, beats expectations",2022-10-18,"Hang Seng up 1.8%, copper up 1%",Low,fiscal_policy,2022-10-H2,2022-10-18,confirmed,3006
ECB raises rates by 75bp for second consecutive meeting,2022-10-27,"EUR up 0.8%, European equities up 1%",Moderate,monetary_policy,2022-10-H2,2022-10-27,confirmed,3007
"Bank of Canada raises rates by 50bp, below expected 75bp",2022-10-26,"CAD down 1.2%, Canadian 2-year yield fell 20bp",Moderate,monetary_policy,2022-10-H2,2022-10-26,confirmed,3008
"Meta Q3 earnings miss, revenue falls for second straight quarter",2022-10-26,"META down 24.6%, Nasdaq down 2%",High,mega_cap_earnings,2022-10-H2,2022-10-26,confirmed,3009
Apple Q4 earnings beat estimates but iPhone revenue misses slightly,2022-10-27,"AAPL down 3% after hours, limited broader market impact",Low,mega_cap_earnings,2022-10-H2,2022-10-27,confirmed,3010
"Amazon Q3 earnings miss, AWS growth slows sharply to 27.5%",2022-10-27,"AMZN down 13% after hours, Nasdaq futures fell 1.5%",High,mega_cap_earnings,2022-10-H2,2022-10-27,confirmed,3011
Alphabet Q3 earnings miss on advertising revenue slowdown,2022-10-25,"GOOGL down 9.6%, digital ad stocks sold off broadly",High,mega_cap_earnings,2022-10-H2,2022-10-25,confirmed,3012
Microsoft Q1 earnings beat but cloud guidance disappoints,2022-10-25,MSFT down 7.7% after hours,Moderate,mega_cap_earnings,2022-10-H2,2022-10-25,confirmed,3013
US core PCE inflation rises 5.1% year-on-year in September,2022-10-28,"SPX up 2.5% on day, market shrugged off hot print",Low,monetary_policy,2022-10-H2,2022-10-28,confirmed,3014
"US GDP grows 2.6% annualized in Q3, ending two negative quarters",2022-10-27,"SPX up 1.5%, DXY fell 0.5%",Moderate,fiscal_policy,2022-10-H2,2022-10-27,confirmed,3015
Elon Musk completes $44 billion acquisition of Twitter,2022-10-27,"TWTR delisted, Tesla TSLA down 3% on debt concerns",Moderate,mega_cap_corporate,2022-10-H2,2022-10-27,confirmed,3016
Russia suspends participation in Ukraine grain export deal,2022-10-29,"Wheat futures up 5.8%, Black Sea grain stocks volatile",Moderate,supply_disruption,2022-10-H2,2022-10-29,confirmed,3017
Russia resumes Ukraine grain deal participation after Turkey mediation,2022-11-02,"Wheat futures gave back gains, down 4%",Low,geopolitical_diplomatic,2022-10-H2,2022-10-31,date_corrected,3018
Italy elects Giorgia Meloni as first far-right PM since WWII,2022-10-22,"Italian BTPs spread over bunds narrowed 5bp, muted reaction",Low,election_political,2022-10-H2,2022-10-22,confirmed,3019
Russia formally annexes four Ukrainian regions in Kremlin ceremony,2022-09-30,"SPX down 0.2%, oil up 0.5%, market largely priced in",Low,geopolitical_military,2022-10-H1,2022-10-01,date_corrected,2960
Credit Suisse shares hit record low amid speculation over capital raise,2022-10-03,"CS down 9% on the day, CDS spreads widened sharply",High,credit_event,2022-10-H1,2022-10-03,confirmed,2961
"Australia RBA raises rates by only 25bp, surprising markets expecting 50bp",2022-10-04,"AUD fell 1.5%, ASX 200 rallied 3.7%",Moderate,monetary_policy,2022-10-H1,2022-10-04,confirmed,2962
"US PPI rises 8.5% year-over-year in September, slightly below expectations",2022-10-12,"SPX up 0.3%, 10-year yield little changed at 3.95%",Low,monetary_policy,2022-10-H1,2022-10-12,unverified,2963
Kerch Strait bridge connecting Russia to Crimea partially destroyed in explosion,2022-10-08,"Oil up 2%, European gas up 4%, SPX down 0.7%",Moderate,geopolitical_military,2022-10-H1,2022-10-08,confirmed,2964
Bank of England emergency gilt-buying program ends as scheduled,2022-10-14,"30-year gilt yields surged 25bp, GBP fell 1.1%",High,monetary_policy,2022-10-H1,2022-10-14,confirmed,2965
JPMorgan Q3 earnings beat estimates as net interest income surges 34%,2022-10-14,"JPM up 1.7%, KBW Bank Index up 1.5%",Low,mega_cap_earnings,2022-10-H1,2022-10-14,confirmed,2966
WTI crude oil futures for May delivery crash below zero to -$37,2020-04-20,"WTI May futures settled at -$37.63, historic first negative price",High,energy_opec,2020-04-H2,2020-04-20,confirmed,2967
"US weekly jobless claims reach 4.4 million, total hits 26 million in five weeks",2020-04-23,"SPX down 1.3%, DXY strengthened slightly",Moderate,fiscal_policy,2020-04-H2,2020-04-23,confirmed,2968
Congress passes additional $484 billion COVID relief package for small businesses,2020-04-23,"SPX up 2.3%, small-cap Russell 2000 up 3.1%",Moderate,fiscal_policy,2020-04-H2,2020-04-21,date_corrected,2969
Gilead Sciences remdesivir shows early positive results in COVID-19 trial,2020-04-16,"GILD up 9.8%, SPX up 0.6%",Moderate,pandemic_health,2020-04-H2,2020-04-16,confirmed,2970
Trump announces three-phase plan to reopen US economy,2020-04-16,"SPX up 0.6%, energy stocks gained 3%",Moderate,election_political,2020-04-H2,2020-04-16,confirmed,2971
"Netflix reports Q1 2020 earnings, adds record 15.8 million subscribers",2020-04-21,"NFLX up 3.2% after hours, hit all-time high above $430",Moderate,mega_cap_earnings,2020-04-H2,2020-04-21,confirmed,2972
Tesla reports surprise Q1 profit despite COVID-19 factory shutdowns,2020-04-29,TSLA up 9% after hours,Moderate,mega_cap_earnings,2020-04-H2,2020-04-29,confirmed,2973
"Amazon reports Q1 earnings, warns Q2 profit to be wiped out by COVID costs",2020-04-30,AMZN down 7% after hours despite record revenue,Moderate,mega_cap_earnings,2020-04-H2,2020-04-30,confirmed,2974
"Apple reports Q2 earnings, withdraws full-year guidance citing COVID uncertainty",2020-04-30,AAPL up 2.5% after hours on better-than-feared results,Low,mega_cap_earnings,2020-04-H2,2020-04-30,confirmed,2975
Fed launches Main Street Lending Program to support mid-sized businesses,2020-04-09,"SPX up 1.5%, credit spreads tightened modestly",Moderate,monetary_policy,2020-04-H2,2020-04-23,date_corrected,2976
ECB accepts junk-rated bonds as collateral to support eurozone banks,2020-04-22,"EUR up 0.5%, Italian BTP yields fell 15bp",Low,monetary_policy,2020-04-H2,2020-04-22,confirmed,2977
"US Q1 GDP contracts 4.8%, worst reading since 2008 financial crisis",2020-04-29,SPX up 2.7% as result was better than feared,Low,fiscal_policy,2020-04-H2,2020-04-29,confirmed,2978
Saudi Arabia and Russia confirm additional voluntary oil production cuts,2020-04-22,"WTI June futures up 19%, recovering from negative territory",High,energy_opec,2020-04-H2,2020-04-22,unverified,2979
"China reports record daily COVID cases, cities lock down again",2022-11-17,"Hang Seng down 1.9%, oil down 2%",Moderate,pandemic_health,2022-11-H2,2022-11-17,confirmed,3040
G20 leaders agree on joint communique condemning Ukraine war,2022-11-16,"SPX up 0.9%, risk-on tone",Low,geopolitical_diplomatic,2022-11-H2,2022-11-16,confirmed,3041
"Walmart reports strong Q3 earnings, raises full-year guidance",2022-11-15,"WMT up 6.5%, retail sector outperformed",Moderate,mega_cap_earnings,2022-11-H2,2022-11-15,confirmed,3042
"Missile lands in Polish village near Ukraine border, killing two people",2022-11-15,"SPX fell 0.8% intraday before recovering, gold up 0.5%",Moderate,geopolitical_military,2022-11-H2,2022-11-15,confirmed,3043
Target Q3 earnings miss badly as inventory costs surge,2022-11-16,"TGT down 13%, retail ETF XRT down 3%",Moderate,mega_cap_earnings,2022-11-H2,2022-11-16,confirmed,3044
UK government unveils austerity budget with 55B GBP in tax hikes and spending cuts,2022-11-17,"GBP up 0.3%, gilts steady, FTSE down 0.2%",Low,fiscal_policy,2022-11-H2,2022-11-17,confirmed,3045
Fed minutes show officials favor slowing pace of rate hikes,2022-11-23,"SPX up 0.6%, 2-year Treasury yield fell 5bp",Moderate,monetary_policy,2022-11-H2,2022-11-23,confirmed,3046
Nvidia reports Q3 revenue down 17% year-on-year on gaming slump,2022-11-16,NVDA up 2% as results beat lowered expectations,Low,mega_cap_earnings,2022-11-H2,2022-11-16,confirmed,3047
China Politburo signals further COVID policy relaxation amid protests,2022-11-24,"Hang Seng up 1.5%, oil up 1.2%",Low,pandemic_health,2022-11-H2,2022-11-24,unverified,3048
Mass protests erupt across China over strict zero-COVID lockdown policies,2022-11-27,"Chinese stocks fell 3%, oil down 2%, Hang Seng down 1.6% Monday",Moderate,pandemic_health,2022-11-H2,2022-11-27,confirmed,3049
Binance CEO Zhao says exchange will create industry recovery fund after FTX collapse,2022-11-14,BTC briefly rose 3% then gave back gains,Low,credit_event,2022-11-H2,2022-11-16,date_corrected,3050
OPEC+ holds output steady ahead of December ministerial meeting,2022-11-22,WTI oil down 1.5% on no-change decision,Low,energy_opec,2022-11-H2,2022-11-22,confirmed,3051
"US initial jobless claims rise to 240,000, highest since August",2022-11-23,"SPX up 0.6%, bond yields fell on softer labor data",Low,fiscal_policy,2022-11-H2,2022-11-23,confirmed,3052
Apple warns of lower iPhone 14 Pro shipments due to Zhengzhou plant disruptions,2022-11-06,"AAPL down 1.5%, supply chain stocks fell",Moderate,supply_disruption,2022-11-H2,2022-11-06,confirmed,3053
European Union agrees on 60 dollar per barrel price cap on Russian oil,2022-12-02,"Brent crude down 2%, Russian rouble weakened slightly",Moderate,trade_policy,2022-11-H2,2022-11-22,date_corrected,3054
Sam Bankman-Fried arrested in Bahamas on US federal fraud charges,2022-12-12,"BTC fell 2%, crypto stocks down",Low,regulatory,2022-11-H2,2022-12-12,confirmed,3055
Black Friday US retail sales data shows resilient consumer spending,2022-11-25,"SPX up 0.5%, retail ETF XRT up 1.2%",Low,fiscal_policy,2022-11-H2,2022-11-25,unverified,3056
"US CPI rises 6.4% in January, above expectations, cooling slows",2023-02-14,"SPX down 0.9%, 2-year Treasury yield rose to 4.62%",Moderate,monetary_policy,2023-02-H1,2023-02-14,confirmed,3057
Fed Chair Powell signals more rate hikes needed to tame inflation,2023-02-07,"SPX down 1.1%, DXY up 0.7%",Moderate,monetary_policy,2023-02-H1,2023-02-07,confirmed,3058
"US adds 517,000 jobs in January, blowout report crushes estimates",2023-02-03,"SPX down 1.0%, 2-year yield spiked 20bp to 4.43%",Moderate,fiscal_policy,2023-02-H1,2023-02-03,confirmed,3059
Germany's constitutional court challenges ECB bond-buying program legality,2020-05-05,"EUR down 0.4%, European bank stocks fell 1.5%",Low,regulatory,2020-04-H2,2020-04-24,date_corrected,2980
"IMF projects global economy to shrink 3% in 2020, worst since Great Depression",2020-04-14,"SPX down 1.0%, gold up 0.8%",Low,fiscal_policy,2020-04-H2,2020-04-14,confirmed,2981
New York extends statewide lockdown through May 15 as COVID deaths mount,2020-04-16,"SPX little changed, airlines fell 2%",Low,pandemic_health,2020-04-H2,2020-04-16,confirmed,2982
Microsoft reports strong Q3 earnings driven by cloud demand during pandemic,2020-04-29,"MSFT up 4% after hours, Azure revenue up 59%",Moderate,mega_cap_earnings,2020-04-H2,2020-04-29,confirmed,2983
"Alphabet reports Q1 earnings, first-ever year-over-year ad revenue decline",2020-04-28,GOOGL down 3% after hours on slowing ad growth,Moderate,mega_cap_earnings,2020-04-H2,2020-04-28,confirmed,2984
"Fed raises rates 50bp, signals further hikes ahead in 2023",2022-12-14,"SPX down 0.6%, 2-year Treasury yield rose to 4.27%",Moderate,monetary_policy,2022-12-H1,2022-12-14,confirmed,2985
"US CPI rises 7.1% year-over-year in November, below expectations",2022-12-13,"SPX up 0.7%, Nasdaq up 1.0%, 10-year yield fell 10bp",Moderate,monetary_policy,2022-12-H1,2022-12-13,confirmed,2986
ECB raises rates by 50bp and announces quantitative tightening plan,2022-12-15,"Euro fell 0.8%, European equities down 3%, DAX down 3.3%",High,monetary_policy,2022-12-H1,2022-12-15,confirmed,2987
"Bank of England raises rates 50bp to 3.5%, highest since 2008",2022-12-15,"GBP down 0.5%, FTSE 100 down 0.9%",Moderate,monetary_policy,2022-12-H1,2022-12-15,confirmed,2988
China announces end to COVID zero-policy quarantine requirements,2022-12-07,"Hang Seng up 3%, copper up 2%, oil up 3%",High,pandemic_health,2022-12-H1,2022-12-07,confirmed,2989
"FTX founder Sam Bankman-Fried arrested in Bahamas, faces US extradition",2022-12-12,"Bitcoin fell 3% to below $17,000",Moderate,credit_event,2022-12-H1,2022-12-12,confirmed,2990
US Senate passes $1.7 trillion omnibus spending bill to fund government,2022-12-22,"SPX flat, market reaction muted",Low,fiscal_policy,2022-12-H1,2022-12-22,confirmed,2991
Russia cuts oil output threat as G7 price cap of $60 per barrel takes effect,2022-12-05,"WTI fell 3% to $76, Brent down 2.5%",Moderate,energy_opec,2022-12-H1,2022-12-05,confirmed,2992
Apple shares hit 52-week low amid iPhone production concerns in China,2022-12-05,"AAPL down 2.5%, market cap fell below $2.3 trillion",Low,mega_cap_corporate,2022-12-H1,2022-12-05,confirmed,2993
"Swiss National Bank raises rates 50bp to 1%, signals more tightening",2022-12-15,"CHF strengthened 0.4%, Swiss equities down 1.2%",Low,monetary_policy,2022-12-H1,2022-12-15,confirmed,2994
"Fed raises rates 50bp, Powell signals more hikes needed in 2023",2022-12-14,"SPX down 0.6%, 2-year Treasury yield hit 4.25%",Moderate,monetary_policy,2022-12-H2,2022-12-14,confirmed,2995
Bank of Japan widens yield curve control band to 0.5% from 0.25%,2022-12-20,"Yen surged 3.8%, Nikkei down 2.5%, global bonds sold off",High,monetary_policy,2022-12-H2,2022-12-20,confirmed,2996
US Senate passes $1.7 trillion omnibus spending bill to fund government,2022-12-22,"SPX flat, 10-year yield up 2bp",Low,fiscal_policy,2022-12-H2,2022-12-22,confirmed,2997
"China scraps COVID zero policy, announces end to quarantine requirements",2022-12-07,"Hang Seng up 2.7%, oil up 1.5% on reopening optimism",Moderate,pandemic_health,2022-12-H2,2022-12-26,date_corrected,2998
Tesla shares hit two-year low amid demand concerns and Musk Twitter distraction,2022-12-27,"TSLA down 11%, closing below $110, down 65% for 2022",Moderate,mega_cap_corporate,2022-12-H2,2022-12-27,confirmed,2999
"US PCE inflation rises 5.4% in January, hotter than expected",2023-02-24,"SPX down 1.1%, DXY up 0.5%, 2-year yield hit 4.81%",High,monetary_policy,2023-02-H2,2023-02-24,confirmed,3100
Warren Buffett releases annual Berkshire Hathaway shareholder letter,2023-02-25,"BRK.B up 1.2%, letter noted $128B cash pile and buyback activity",Low,mega_cap_corporate,2023-02-H2,2023-02-25,confirmed,3101
China reports first post-COVID GDP growth targets at around 5%,2023-03-05,"Hang Seng up 0.5%, copper up 0.8%",Low,fiscal_policy,2023-02-H2,2023-02-27,date_corrected,3102
"US new home sales jump 7.2% in January, beating forecasts",2023-02-24,"Homebuilder ETF XHB up 0.6%, SPX muted",Low,fiscal_policy,2023-02-H2,2023-02-24,confirmed,3103
"Turkey and Syria earthquake death toll surpasses 46,000",2023-02-20,"Turkish lira TRY down 1.5%, Istanbul exchange halted trading briefly",Moderate,natural_disaster,2023-02-H2,2023-02-20,confirmed,3104
Walmart reports Q4 earnings beat but issues cautious 2023 guidance,2023-02-21,WMT down 3.4% on cautious outlook for consumer spending,Moderate,mega_cap_earnings,2023-02-H2,2023-02-21,confirmed,3105
NVIDIA reports Q4 revenue beat and strong data center demand,2023-02-22,"NVDA up 14% next day, semiconductor ETF SOXX up 3%",High,mega_cap_earnings,2023-02-H2,2023-02-22,confirmed,3106
Russia announces suspension of New START nuclear treaty with US,2023-02-21,"SPX down 0.2%, gold up 0.4%, limited broader market reaction",Low,geopolitical_diplomatic,2023-02-H2,2023-02-21,confirmed,3107
"US durable goods orders fall 4.5% in January, largest drop in three years",2023-02-27,"SPX down 0.3%, bond yields little changed",Low,fiscal_policy,2023-02-H2,2023-02-27,confirmed,3108
G20 finance ministers fail to agree on joint Ukraine war statement,2023-02-25,"Euro dipped 0.3%, markets largely unmoved by diplomatic impasse",Low,geopolitical_diplomatic,2023-02-H2,2023-02-25,confirmed,3109
Cleveland Fed Mester says rates may need to go above 5.4%,2023-02-17,"2-year Treasury yield rose to 4.62%, SPX down 0.3%",Moderate,monetary_policy,2023-02-H2,2023-02-17,unverified,3110
US consumer confidence falls in February on inflation and rate fears,2023-02-28,"SPX down 0.3%, Conference Board index fell to 102.9",Low,fiscal_policy,2023-02-H2,2023-02-28,confirmed,3111
"Home Depot Q4 earnings miss estimates, warns of profit decline in 2023",2023-02-21,"HD down 7%, Dow Jones dragged down 0.4%",Moderate,mega_cap_earnings,2023-02-H2,2023-02-21,confirmed,3112
SVB Financial stock halted after bank discloses $1.8B loss on bond sales,2023-03-09,"SIVB down 60% before halt, KRE down 6%, SPX down 1.9%",High,credit_event,2023-03-H1,2023-03-09,confirmed,3113
"SVB collapses, FDIC seizes bank in second-largest US bank failure ever",2023-03-10,"KRE down 8%, SPX down 1.5%, regional banks sold off broadly",High,credit_event,2023-03-H1,2023-03-10,confirmed,3114
US regulators guarantee all SVB and Signature Bank deposits above FDIC limit,2023-03-12,"SPX futures recovered, bank stocks stabilized Monday open",High,regulatory,2023-03-H1,2023-03-12,confirmed,3115
Signature Bank shut down by New York regulators over systemic risk concerns,2023-03-12,"SBNY halted, crypto-linked banks sold off, BTC down 3%",High,credit_event,2023-03-H1,2023-03-12,confirmed,3116
Fed announces new Bank Term Funding Program to backstop bank liquidity,2023-03-12,"SPX opened up 0.5% Monday, bank ETFs partially recovered",Moderate,monetary_policy,2023-03-H1,2023-03-12,confirmed,3117
First Republic Bank shares crash 60% on contagion fears from SVB collapse,2023-03-13,"FRC down 61.8%, KRE down 12%, SPX down 0.2%",High,credit_event,2023-03-H1,2023-03-13,confirmed,3118
"US February CPI rises 6.0% year-over-year, smallest gain since September 2021",2023-03-14,"SPX up 1.7%, 2-year Treasury yield fell 25bp",Moderate,monetary_policy,2023-03-H1,2023-03-14,confirmed,3119
ECB expected to raise rates 50bp despite European banking stress from SVB fallout,2023-03-16,"European bank stocks down 3-5%, EUR/USD down 0.5%",Moderate,monetary_policy,2023-03-H1,2023-03-14,date_corrected,3120
Credit Suisse shares hit record low after largest shareholder rules out more capital,2023-03-15,"CS down 24%, European bank index down 7%, SX7E worst day in years",High,credit_event,2023-03-H1,2023-03-15,confirmed,3121
"US February jobs report shows 311,000 payrolls added, unemployment rises to 3.6%",2023-03-10,"SPX initially up 0.5%, erased gains as SVB news dominated",Low,fiscal_policy,2023-03-H1,2023-03-10,confirmed,3122
"China sets 2023 GDP growth target at around 5%, lowest in decades",2023-03-05,"Chinese equities down 1.5%, Hang Seng down 2.1%",Moderate,fiscal_policy,2023-03-H1,2023-03-05,confirmed,3123
Warren Buffett releases annual Berkshire Hathaway shareholder letter,2023-02-25,"BRK.B up 0.3%, minimal market impact",Low,mega_cap_corporate,2023-03-H1,2023-03-04,date_corrected,3124
OPEC+ holds output cuts steady at March ministerial monitoring meeting,2023-03-03,"WTI down 0.5%, markets had expected no change",Low,energy_opec,2023-03-H1,2023-03-03,confirmed,3125
Fed Chair Powell tells Senate committee rates may need to go higher than expected,2023-03-07,"SPX down 1.5%, 2-year Treasury yield hit 5.07%, DXY up 0.7%",High,monetary_policy,2023-03-H1,2023-03-07,confirmed,3126
Powell repeats hawkish rate message to House Financial Services Committee,2023-03-08,"SPX down 0.7%, terminal rate pricing rose to 5.6%",Moderate,monetary_policy,2023-03-H1,2023-03-08,confirmed,3127
"UK and EU reach deal on Northern Ireland trade rules, the Windsor Framework",2023-02-27,"GBP up 0.6%, FTSE 100 up 0.4%",Low,geopolitical_diplomatic,2023-03-H1,2023-03-01,date_corrected,3128
Silver Gate Bank announces voluntary liquidation amid crypto sector stress,2023-03-08,"SI down 35%, crypto stocks sold off, BTC down 5%",Moderate,credit_event,2023-03-H1,2023-03-08,confirmed,3129
US debt ceiling standoff intensifies as X-date approaches June,2023-05-01,"T-bill yields for June maturities spike above 5.7%, SPX flat",Moderate,fiscal_policy,2023-05-H1,2023-05-01,confirmed,3130
"Fed raises rates by 25bp to 5.0-5.25%, signals possible pause",2023-05-03,"SPX up 0.8%, 2-year Treasury yield fell 10bp",Moderate,monetary_policy,2023-05-H1,2023-05-03,confirmed,3131
"First Republic Bank seized by FDIC, sold to JPMorgan in emergency deal",2023-05-01,"FRC halted, KRE down 3%, SPX down 0.4%",High,credit_event,2023-05-H1,2023-05-01,confirmed,3132
"Apple reports Q2 earnings, revenue falls but beats lowered expectations",2023-05-04,"AAPL up 4.7% Friday, added over $150B in market cap",Moderate,mega_cap_earnings,2023-05-H1,2023-05-04,confirmed,3133
"US April jobs report shows 253,000 jobs added, unemployment at 3.4%",2023-05-05,"SPX up 1.9%, DXY strengthened, rate cut bets pared",Moderate,fiscal_policy,2023-05-H1,2023-05-05,confirmed,3134
PacWest Bancorp shares plunge 50% on reports of exploring strategic options,2023-05-04,"PACW down 51%, KRE down 5%, regional bank contagion fears resurface",High,credit_event,2023-05-H1,2023-05-04,confirmed,3135
"Western Alliance denies sale reports, stock recovers from 60% intraday drop",2023-05-04,"WAL down 38% at worst, closed down 15%",High,credit_event,2023-05-H1,2023-05-04,confirmed,3136
"US CPI for April rises 4.9% year-over-year, first sub-5% reading since 2021",2023-05-10,"SPX up 0.5%, 2-year yield fell 7bp, DXY weakened",Moderate,monetary_policy,2023-05-H1,2023-05-10,confirmed,3137
"US PPI for April rises just 2.3% year-over-year, below expectations",2023-05-11,"SPX up 0.2%, bond yields dipped modestly",Low,monetary_policy,2023-05-H1,2023-05-11,confirmed,3138
President Biden and Speaker McCarthy meet on debt ceiling with no deal reached,2023-05-09,"SPX down 0.5%, short-dated T-bill yields remain elevated above 5.5%",Moderate,fiscal_policy,2023-05-H1,2023-05-09,confirmed,3139
"Turkey holds presidential election, Erdogan fails to win outright in first round",2023-05-14,"Turkish lira hits record low, Istanbul exchange halted briefly",Moderate,election_political,2023-05-H1,2023-05-14,confirmed,3140
Google I/O event showcases AI-powered search features challenging Microsoft Bing,2023-05-10,"GOOGL up 4.1%, broader AI-linked tech stocks rallied",Moderate,mega_cap_corporate,2023-05-H1,2023-05-10,confirmed,3141
University of Michigan consumer sentiment falls to 57.7 in May preliminary reading,2023-05-12,"SPX down 0.2%, inflation expectations component watched closely",Low,fiscal_policy,2023-05-H1,2023-05-12,confirmed,3142
"China April trade data shows exports up 8.5%, beating expectations",2023-05-09,"Hang Seng up 0.9%, copper futures up 0.5%",Low,trade_policy,2023-05-H1,2023-05-09,confirmed,3143
US imposes 25% tariffs on Canadian auto parts effective September 1,2025-09-01,"CAD weakened 0.6%, Canadian auto stocks down 2-4%",Moderate,trade_policy,2025-09-H1,2025-09-01,unverified,3144
"ISM Manufacturing PMI rises to 50.3 in August, first expansion in months",2025-09-02,"SPX up 0.5%, DXY up 0.3%",Low,fiscal_policy,2025-09-H1,2025-09-02,unverified,3145
"US August nonfarm payrolls add 142,000 jobs, below 165,000 estimate",2025-09-05,"SPX down 0.8%, 2-year Treasury yield fell 8bp",Moderate,monetary_policy,2025-09-H1,2025-09-05,unverified,3146
Apple unveils iPhone 17 lineup with AI-native chip at Cupertino event,2025-09-08,"AAPL up 1.2% on the day, Nasdaq up 0.4%",Low,mega_cap_corporate,2025-09-H1,2025-09-08,unverified,3147
"ECB holds rates steady at 2.0%, signals data-dependent path ahead",2025-09-11,"EUR/USD flat, European equities up 0.3%",Low,monetary_policy,2025-09-H1,2025-09-11,unverified,3148
China retaliates with new export controls on rare earth processing chemicals,2025-09-09,"Rare earth miners up 5-8%, semiconductor ETF SOXX down 1.4%",Moderate,trade_policy,2025-09-H1,2025-09-09,unverified,3149
Hurricane Francine makes Category 3 landfall on Louisiana Gulf Coast,2024-09-11,"Natural gas futures up 3%, WTI up 1.1%, insurers down 1-2%",Moderate,natural_disaster,2025-09-H1,2025-09-11,date_corrected,3150
"US CPI rises 2.4% year-over-year in August, in line with expectations",2025-09-10,"SPX up 0.2%, 10-year yield unchanged at 4.21%",Low,monetary_policy,2025-09-H1,2025-09-10,unverified,3151
"Oracle reports Q1 FY2026 earnings, cloud revenue up 22% year-over-year",2025-09-08,"ORCL up 9% after hours, cloud infrastructure peers up 1-2%",Moderate,mega_cap_earnings,2025-09-H1,2025-09-08,unverified,3152
US Treasury 30-year bond auction draws weakest demand since 2023,2025-09-11,"30-year yield spiked 7bp to 4.78%, SPX down 0.6%",Moderate,fiscal_policy,2025-09-H1,2025-09-11,unverified,3153
"OPEC+ confirms October production increase of 180,000 barrels per day",2025-09-04,"WTI fell 1.8% to $68.40, energy sector down 1.2%",Moderate,energy_opec,2025-09-H1,2025-09-04,unverified,3154
"Germany coalition government collapses over budget dispute, snap election called",2024-11-06,"DAX down 1.1%, EUR/USD fell 0.5% to 1.0820",Moderate,election_political,2025-09-H1,2025-09-03,date_corrected,3155
Fed Governor Waller signals September rate cut likely if data cooperates,2025-09-05,"2-year Treasury yield fell 5bp, fed funds futures repriced 25bp cut",Low,monetary_policy,2025-09-H1,2025-09-05,unverified,3156
Brazil central bank raises Selic rate 25bp to 10.75% on inflation concerns,2025-09-12,"BRL strengthened 0.8%, Bovespa down 0.4%",Low,monetary_policy,2025-09-H1,2025-09-12,unverified,3157
First Republic Bank shares plunge 50% on deposit flight disclosure,2023-04-24,"FRC down 49%, KRE down 3.5%",High,credit_event,2023-04-H2,2023-04-24,confirmed,3158
Netflix Q1 earnings beat but ad-tier subscriber growth disappoints,2023-04-18,NFLX down 3.2% after hours,Low,mega_cap_earnings,2023-04-H2,2023-04-18,confirmed,3159
"Google parent Alphabet reports Q4 earnings miss, ad revenue disappoints",2023-02-02,GOOGL down 7.4% after hours,High,mega_cap_earnings,2023-02-H1,2023-02-02,confirmed,3060
"Meta reports Q4 earnings beat, declares Year of Efficiency, shares surge",2023-02-01,"META up 23% next day, Nasdaq up 3.0%",High,mega_cap_earnings,2023-02-H1,2023-02-01,confirmed,3061
Amazon reports Q4 earnings miss on AWS cloud slowdown,2023-02-02,AMZN down 8.4% after hours,High,mega_cap_earnings,2023-02-H1,2023-02-02,confirmed,3062
"Apple reports Q4 revenue decline, first drop since 2019",2023-02-02,AAPL down 3.7% after hours,Moderate,mega_cap_earnings,2023-02-H1,2023-02-02,confirmed,3063
US shoots down Chinese surveillance balloon off South Carolina coast,2023-02-04,"Defense stocks up 1-2%, SPX largely flat",Low,geopolitical_military,2023-02-H1,2023-02-04,confirmed,3064
Turkey and Syria struck by 7.8 magnitude earthquake killing thousands,2023-02-06,"Turkish lira down 1.5%, Istanbul bourse halted trading",Moderate,natural_disaster,2023-02-H1,2023-02-06,confirmed,3065
US Secretary Blinken postpones China visit after balloon incident,2023-02-03,"SPX down 0.2%, minimal market reaction",Low,geopolitical_diplomatic,2023-02-H1,2023-02-03,confirmed,3066
ECB reaffirms plan to raise rates by 50bp in March meeting,2023-02-02,"EUR up 0.4%, European equities little changed",Low,monetary_policy,2023-02-H1,2023-02-02,confirmed,3067
"US retail sales jump 3.0% in January, strongest gain in nearly two years",2023-02-15,"SPX down 0.3%, yields rose as rate cut hopes faded",Low,fiscal_policy,2023-02-H1,2023-02-15,confirmed,3068
"Bank of England raises rates 50bp to 4.0%, signals further hikes likely",2023-02-02,"GBP up 0.5%, FTSE 100 down 0.3%",Low,monetary_policy,2023-02-H1,2023-02-02,confirmed,3069
"US Producer Price Index rises 0.7% in January, above forecasts",2023-02-16,"SPX down 0.3%, 10-year yield hit 3.87%",Low,monetary_policy,2023-02-H1,2023-02-16,confirmed,3070
"Goldman Sachs Q4 earnings miss badly, profits fall 66% year-over-year",2023-01-17,"GS down 6.4%, worst earnings reaction in years",High,mega_cap_earnings,2023-01-H2,2023-01-17,confirmed,3071
"Microsoft announces 10,000 job cuts, roughly 5% of global workforce",2023-01-18,MSFT up 1.5% on cost-cut optimism,Moderate,mega_cap_corporate,2023-01-H2,2023-01-18,confirmed,3072
"US retail sales fall 1.1% in December, largest drop in 12 months",2023-01-18,"SPX down 0.8%, recession fears rise",Moderate,fiscal_policy,2023-01-H2,2023-01-18,confirmed,3073
"US hits debt ceiling of $31.4 trillion, Treasury begins extraordinary measures",2023-01-19,"SPX down 0.7%, T-bill yields on ceiling dates spike",Moderate,fiscal_policy,2023-01-H2,2023-01-19,confirmed,3074
"Netflix Q4 subscriber growth surges to 7.66 million, beats estimates",2023-01-19,NFLX up 8.5% after-hours,Moderate,mega_cap_earnings,2023-01-H2,2023-01-19,confirmed,3075
"Japan's core CPI hits 4% in December, highest in 41 years",2023-01-20,"JPY strengthened, Nikkei fell 1.5% on BOJ tightening speculation",Moderate,monetary_policy,2023-01-H2,2023-01-20,confirmed,3076
BOJ holds rates steady and keeps yield curve control band unchanged,2023-01-18,"JPY fell 2%, Nikkei up 2.5% on relief rally",High,monetary_policy,2023-01-H2,2023-01-18,confirmed,3077
"IMF raises 2023 global growth forecast to 2.9%, less dire than feared",2023-01-30,"SPX up 0.5%, risk sentiment improved modestly",Low,geopolitical_diplomatic,2023-01-H2,2023-01-30,confirmed,3078
"US Q4 GDP grows 2.9%, beating expectations and easing recession fears",2023-01-26,"SPX up 1.1%, DXY dipped slightly",Moderate,fiscal_policy,2023-01-H2,2023-01-26,confirmed,3079
ECB officials signal 50bp rate hike at February meeting is certain,2023-01-20,"EUR/USD rose 0.4%, European bank stocks up 1%",Low,monetary_policy,2023-01-H2,2023-01-20,unverified,3080
Microsoft reports Q2 earnings miss as cloud growth slows to 18%,2023-01-25,MSFT down 1% after-hours despite prior optimism,Low,mega_cap_earnings,2023-01-H2,2023-01-25,confirmed,3081
"US December PCE inflation falls to 5.0%, core PCE at 4.4% as expected",2023-01-27,"SPX up 1.8%, Nasdaq up 1.7% on disinflation narrative",High,monetary_policy,2023-01-H2,2023-01-27,confirmed,3082
Germany confirms it will send Leopard 2 tanks to Ukraine,2023-01-25,"European defense stocks up 2%, oil barely moved",Low,geopolitical_military,2023-01-H2,2023-01-25,confirmed,3083
"Chevron announces $75 billion share buyback program, largest in company history",2023-01-25,"CVX up 4.6%, energy sector outperformed",Moderate,mega_cap_corporate,2023-01-H2,2023-01-25,confirmed,3084
"US hits debt ceiling of $31.4 trillion, Treasury begins extraordinary measures",2023-01-19,"SPX down 0.8%, 10Y yield fell 5bp",Low,fiscal_policy,2023-01-H1,2023-01-19,confirmed,3085
"US CPI falls to 6.5% in December, slowest pace since October 2021",2023-01-12,"SPX up 0.3%, 2Y yield down 10bp, DXY fell 0.5%",Moderate,monetary_policy,2023-01-H1,2023-01-12,confirmed,3086
Fed minutes signal further rate hikes needed to bring down inflation,2023-01-04,"SPX down 1.2%, Nasdaq down 1.5%",Moderate,monetary_policy,2023-01-H1,2023-01-04,confirmed,3087
"US adds 223,000 jobs in December, unemployment falls to 3.5%",2023-01-06,"SPX up 2.3%, 2Y yield fell 20bp on wage growth slowdown",High,monetary_policy,2023-01-H1,2023-01-06,confirmed,3088
Apple shares fall below $130 on China production concerns and demand fears,2023-01-03,"AAPL down 3.7%, Nasdaq down 0.8%",Moderate,mega_cap_corporate,2023-01-H1,2023-01-03,confirmed,3089
China officially reopens borders ending three years of COVID-19 restrictions,2023-01-08,"Hang Seng up 1.9%, oil up 2%, copper up 1.5%",Moderate,pandemic_health,2023-01-H1,2023-01-08,confirmed,3090
"Salesforce announces layoffs of 10% of global workforce, about 8,000 jobs",2023-01-04,"CRM up 3.1%, tech sector broadly higher",Low,mega_cap_corporate,2023-01-H1,2023-01-04,confirmed,3091
"Amazon announces layoff of over 18,000 employees, largest in company history",2023-01-04,"AMZN up 1.8%, markets largely unmoved",Low,mega_cap_corporate,2023-01-H1,2023-01-04,confirmed,3092
Brazil Congress stormed by Bolsonaro supporters in Brasilia riot,2023-01-08,"BRL weakened 1.2%, Brazilian equities down 2.6%",Moderate,election_political,2023-01-H1,2023-01-08,confirmed,3093
Russia announces 36-hour ceasefire in Ukraine for Orthodox Christmas,2023-01-05,"SPX flat, oil down 0.5%, markets largely ignored announcement",Low,geopolitical_military,2023-01-H1,2023-01-05,confirmed,3094
Germany confirms it will supply Marder infantry vehicles to Ukraine,2023-01-05,"DAX up 0.4%, European defense stocks rose 1-2%",Low,geopolitical_military,2023-01-H1,2023-01-05,confirmed,3095
"US PPI falls 0.5% in December, largest monthly drop since April 2020",2023-01-18,"SPX up 0.4%, bond yields fell, dollar weakened",Low,monetary_policy,2023-01-H1,2023-01-13,date_corrected,3096
FTX founder Sam Bankman-Fried pleads not guilty to fraud charges in New York,2023-01-03,"BTC down 1.5%, crypto markets broadly flat",Low,regulatory,2023-01-H1,2023-01-03,confirmed,3097
"Bank of Japan holds yield curve control policy unchanged, yen weakens sharply",2023-01-18,"JPY weakened 2%, Nikkei up 2.5%, caught markets off guard",Moderate,monetary_policy,2023-01-H1,2023-01-18,confirmed,3098
Fed minutes signal more rate hikes needed to tame inflation,2023-02-22,"SPX down 1.0%, 2-year Treasury yield hit 4.73%",Moderate,monetary_policy,2023-02-H2,2023-02-22,confirmed,3099
Tesla Q1 earnings miss as aggressive price cuts crush margins,2023-04-19,TSLA down 9.7% next day,High,mega_cap_earnings,2023-04-H2,2023-04-19,confirmed,3160
IMF cuts 2023 global growth forecast to 2.8% citing banking stress,2023-04-11,"SPX down 0.2%, muted reaction",Low,fiscal_policy,2023-04-H2,2023-04-11,confirmed,3161
US existing home sales fall for second consecutive month in March,2023-04-20,Homebuilder ETF XHB down 0.5%,Low,fiscal_policy,2023-04-H2,2023-04-20,confirmed,3162
"Meta Q1 earnings surge, revenue beats as ad market recovers",2023-04-26,"META up 13.9% next day, Nasdaq up 1.7%",High,mega_cap_earnings,2023-04-H2,2023-04-26,confirmed,3163
"Microsoft Q3 earnings beat on cloud growth, Azure revenue up 27%",2023-04-25,MSFT up 7.2% next day,Moderate,mega_cap_earnings,2023-04-H2,2023-04-25,confirmed,3164
"Alphabet Q1 earnings beat estimates, Google Cloud turns profitable",2023-04-25,GOOGL up 4% after hours,Moderate,mega_cap_earnings,2023-04-H2,2023-04-25,confirmed,3165
Amazon Q1 earnings beat on AWS stabilization and retail margin recovery,2023-04-27,AMZN up 10.4% next day,High,mega_cap_earnings,2023-04-H2,2023-04-27,confirmed,3166
"US Q1 GDP growth slows to 1.1% annualized, below 2.0% forecast",2023-04-27,"SPX down 0.5%, 2-year Treasury yield fell 5bp",Moderate,fiscal_policy,2023-04-H2,2023-04-27,confirmed,3167
US debt ceiling standoff intensifies as Treasury warns of June X-date,2023-04-25,1-month T-bill yields spiked above 5.5%,Moderate,fiscal_policy,2023-04-H2,2023-04-25,unverified,3168
ECB officials signal another 25bp or 50bp hike at May meeting,2023-04-20,"EUR/USD up 0.3%, European bank stocks mixed",Low,monetary_policy,2023-04-H2,2023-04-20,unverified,3169
Sudan military conflict erupts between army and RSF paramilitary forces,2023-04-15,"Gold up 0.4%, oil barely moved",Low,geopolitical_military,2023-04-H2,2023-04-15,confirmed,3170
Bank of Japan holds ultra-loose policy unchanged at first Ueda meeting,2023-04-28,"Yen weakened 0.8%, Nikkei up 1%",Moderate,monetary_policy,2023-04-H2,2023-04-28,confirmed,3171
"First Republic Bank seized by FDIC, sold to JPMorgan in emergency deal",2023-05-01,"FRC halted, KRE up 1.2% on resolution clarity",Moderate,credit_event,2023-04-H2,2023-04-28,date_corrected,3172
"US core PCE inflation rises 0.3% in March, remains sticky above Fed target",2023-04-28,"SPX down 0.4%, 2-year yield up 4bp",Low,monetary_policy,2023-04-H2,2023-04-28,confirmed,3173
ExxonMobil Q1 profit falls sharply from record 2022 but beats estimates,2023-04-28,"XOM up 1.6%, energy sector flat",Low,mega_cap_earnings,2023-04-H2,2023-04-28,confirmed,3174
China Q1 GDP growth beats at 4.5% as post-COVID reopening accelerates,2023-04-18,"Hang Seng up 0.8%, copper up 0.6%",Low,geopolitical_diplomatic,2023-04-H2,2023-04-18,confirmed,3175
"US jobs report shows 236,000 nonfarm payrolls added in March",2023-04-07,"SPX up 0.4%, 10-year yield fell 4bp",Low,fiscal_policy,2023-04-H1,2023-04-07,confirmed,3176
Fed minutes signal possible pause after one more rate hike,2023-04-12,"SPX up 0.1%, 2-year yield down 6bp",Low,monetary_policy,2023-04-H1,2023-04-12,confirmed,3177
"US CPI rises 5.0% year-over-year in March, slowest pace since 2021",2023-04-12,"SPX up 0.4%, DXY fell 0.5%, gold up 0.8%",Moderate,monetary_policy,2023-04-H1,2023-04-12,confirmed,3178
"US PPI falls 0.5% in March, biggest monthly drop since pandemic",2023-04-13,"SPX up 0.1%, 10-year yield down 5bp",Low,monetary_policy,2023-04-H1,2023-04-13,confirmed,3179
Swiss regulator FINMA wipes out CHF 17B of Credit Suisse AT1 bonds in UBS deal,2023-03-19,"European AT1 bond index fell 10-15%, broader credit spreads widened",High,regulatory,2023-03-H2,2023-03-19,confirmed,3200
"Federal Reserve, ECB and other central banks announce coordinated daily dollar swap lines",2023-03-19,"Dollar funding stress eased, DXY fell 0.4%",Moderate,monetary_policy,2023-03-H2,2023-03-19,confirmed,3201
US Treasury Secretary Yellen says government not considering broad deposit insurance guarantee,2023-03-21,"KRE down 3%, SPX down 0.7%",Moderate,fiscal_policy,2023-03-H2,2023-03-21,confirmed,3202
"Yellen reverses course, says US prepared to guarantee all deposits if banking contagion spreads",2023-03-22,"Regional bank stocks pared losses, FRC up 5%",Moderate,fiscal_policy,2023-03-H2,2023-03-22,confirmed,3203
Deutsche Bank shares fall 8% as CDS spreads spike on contagion fears,2023-03-24,"DBK down 8.5%, DAX down 1.7%, European bank index down 3.8%",High,credit_event,2023-03-H2,2023-03-24,confirmed,3204
Bank of England raises rates by 25bp as UK inflation remains above 10%,2023-03-23,"GBP up 0.3%, FTSE 100 down 0.9%",Low,monetary_policy,2023-03-H2,2023-03-23,confirmed,3205
"US February PCE inflation rises 0.3% month-on-month, in line with estimates",2023-03-31,"SPX up 1.4%, bond yields little changed",Low,monetary_policy,2023-03-H2,2023-03-31,confirmed,3206
US Q4 2022 GDP final reading revised down to 2.6% annualized growth,2023-03-30,"SPX up 0.6%, minimal market reaction",Low,fiscal_policy,2023-03-H2,2023-03-30,confirmed,3207
"Nike reports Q3 earnings beat, raises full-year guidance on China recovery",2023-03-21,"NKE up 12% after hours, consumer discretionary sector up 1%",Moderate,mega_cap_earnings,2023-03-H2,2023-03-21,confirmed,3208
"China and Russia hold summit, Xi and Putin sign joint statements on deepening ties",2023-03-21,"SPX flat, minimal market reaction",Low,geopolitical_diplomatic,2023-03-H2,2023-03-21,confirmed,3209
Iraq orders ExxonMobil to hand over Basra oilfield operations to state firm,2023-03-27,"XOM down 0.5%, oil prices barely moved",Low,energy_opec,2023-03-H2,2023-03-27,unverified,3210
"US new home sales surge 1.1% in February, beating expectations",2023-03-23,"Homebuilder ETF XHB up 1.2%, SPX up 0.3%",Low,fiscal_policy,2023-03-H2,2023-03-23,confirmed,3211
Peabody Energy warns of potential bankruptcy as coal prices collapse,2016-02-08,"BTU down 30%, coal sector ETF KOL down 5%",Moderate,credit_event,2016-02-H1-r2,2016-02-08,confirmed,3212
"Royal Bank of Scotland reports £1.98B full-year loss, fourth consecutive annual loss",2016-02-26,"RBS down 8%, UK bank index down 3%",Moderate,mega_cap_earnings,2016-02-H1-r2,2016-02-05,date_corrected,3213
Brazil real hits record low as Petrobras corruption scandal widens,2016-02-03,"BRL down 2.5%, Petrobras ADR down 6%",Moderate,credit_event,2016-02-H1-r2,2016-02-03,unverified,3214
Chesapeake Energy shares plunge on Chapter 11 bankruptcy speculation,2016-02-08,"CHK down 33% intraday before partial recovery, closed down 15%",High,credit_event,2016-02-H1-r2,2016-02-08,confirmed,3215
"Walt Disney reports Q1 earnings miss, ESPN subscriber losses alarm investors",2016-02-09,"DIS down 4%, Dow dragged 50 points lower",Moderate,mega_cap_earnings,2016-02-H1-r2,2016-02-09,confirmed,3216
Copper falls to six-year low below $2.00 per pound on China demand fears,2016-01-15,"Copper futures hit $1.97, lowest since 2009",Low,supply_disruption,2016-02-H1-r2,2016-02-12,date_corrected,3217
South Korea deploys THAAD missile defense system after North Korea rocket launch,2016-02-07,"KOSPI down 0.8%, Korean won weakened 0.5%",Low,geopolitical_military,2016-02-H1-r2,2016-02-07,unverified,3218
BHP Billiton reports record $7.8B annual loss on commodity writedowns,2016-02-23,"BHP London shares down 4%, mining sector sold off 2%",Moderate,mega_cap_earnings,2016-02-H1-r2,2016-02-15,date_corrected,3219
JPMorgan reports Q1 profit surges 52% on higher interest income,2023-04-14,"JPM up 7.6%, KRE regional bank ETF up 3%",Moderate,mega_cap_earnings,2023-04-H1,2023-04-14,confirmed,3180
Wells Fargo Q1 earnings beat estimates as net interest income jumps 45%,2023-04-14,"WFC up 3.3%, financials sector up 1.5%",Moderate,mega_cap_earnings,2023-04-H1,2023-04-14,confirmed,3181
"Citigroup Q1 revenue rises 12%, beats Wall Street estimates",2023-04-14,"C up 4.8%, XLF up 1.2%",Moderate,mega_cap_earnings,2023-04-H1,2023-04-14,confirmed,3182
BlackRock Q1 earnings miss as assets under management decline,2023-04-14,"BLK down 2.1%, broadly in line with sector",Low,mega_cap_earnings,2023-04-H1,2023-04-14,confirmed,3183
OPEC+ surprise output cut of 1.16 million barrels per day announced,2023-04-02,"WTI up 6.3% to $80, SPX down 0.6%",High,energy_opec,2023-04-H1,2023-04-02,confirmed,
US Treasury Secretary Yellen warns of catastrophic debt ceiling breach risk,2023-04-06,"1-month T-bill yield spiked, SPX down 0.2%",Low,fiscal_policy,2023-04-H1,2023-04-06,confirmed,3185
Leaked Pentagon documents on Ukraine war published online,2023-04-06,"SPX down 0.2%, defense stocks flat",Low,geopolitical_military,2023-04-H1,2023-04-06,confirmed,3186
ECB officials signal further rate hikes needed to tame inflation,2023-04-04,"EUR up 0.3%, European equities down 0.4%",Low,monetary_policy,2023-04-H1,2023-04-04,confirmed,3187
China and France sign major trade deals during Macron state visit to Beijing,2023-04-06,"Airbus up 1.2%, CAC 40 up 0.5%",Low,geopolitical_diplomatic,2023-04-H1,2023-04-06,confirmed,3188
"IMF cuts 2023 global growth forecast to 2.8%, warns of financial risks",2023-04-11,"SPX down 0.4%, EM currencies weakened",Low,fiscal_policy,2023-04-H1,2023-04-11,confirmed,3189
Finland formally joins NATO as 31st member state,2023-04-04,"Nordic stocks up 0.5%, defense names flat",Low,geopolitical_diplomatic,2023-04-H1,2023-04-04,confirmed,3190
"US initial jobless claims rise to 239,000, highest since January",2023-04-06,"SPX up 0.4%, rate cut bets increased slightly",Low,monetary_policy,2023-04-H1,2023-04-06,confirmed,3191
"China exports surge 14.8% in March, beating forecasts sharply",2023-04-13,"Hang Seng up 0.7%, AUD up 0.4%",Low,trade_policy,2023-04-H1,2023-04-13,confirmed,3192
Sudan military clashes erupt in Khartoum between rival armed factions,2023-04-15,"Oil up 0.5%, gold up 0.3%, broader markets unmoved",Low,geopolitical_military,2023-04-H1,2023-04-15,confirmed,3193
Credit Suisse secures CHF 50B emergency liquidity from Swiss National Bank,2023-03-15,"CS up 19% Wednesday, European bank stocks recovered sharply",Moderate,credit_event,2023-03-H2,2023-03-15,confirmed,3194
UBS agrees to acquire Credit Suisse for CHF 3B in emergency rescue deal,2023-03-19,"CS down 60%, UBS down 9% Monday open, AT1 bonds wiped to zero",High,credit_event,2023-03-H2,2023-03-19,confirmed,3195
"Fed raises rates by 25bp despite banking sector stress, signals possible pause",2023-03-22,"SPX down 1.6%, 2-year Treasury yield fell 20bp",Moderate,monetary_policy,2023-03-H2,2023-03-22,confirmed,3196
"ECB raises rates by 50bp, pledges support tools for banking sector if needed",2023-03-16,"European bank stocks volatile, EUR/USD up 0.5%",Moderate,monetary_policy,2023-03-H2,2023-03-16,confirmed,3197
First Republic Bank shares plunge as deposit flight fears persist,2023-03-20,"FRC down 47% on the week, KRE down 6%",High,credit_event,2023-03-H2,2023-03-20,confirmed,3198
Eleven major US banks deposit $30B into First Republic Bank to stabilize it,2023-03-16,"FRC up 10% briefly, SPX up 1.8% on the day",Moderate,credit_event,2023-03-H2,2023-03-16,confirmed,3199
"Brazil real hits record low as Petrobras corruption scandal deepens, Rousseff approval collapses",2016-01-12,"BRL hits 4.07 per dollar, Bovespa down 1.5%",Moderate,election_political,2016-01-H1-r2,2016-01-12,unverified,3240
US natural gas futures drop to 16-year low on record warm winter temperatures,2016-01-06,Henry Hub natural gas falls to $1.93/MMBtu,Low,energy_opec,2016-01-H1-r2,2016-01-06,confirmed,3241
"China foreign exchange reserves fall $108 billion in December, largest monthly drop on record",2016-01-07,"CNY weakened, EM currencies sold off broadly",High,monetary_policy,2016-01-H1-r2,2016-01-07,confirmed,3242
"Walmart announces closure of 269 stores globally, cutting 16,000 jobs",2016-01-15,"WMT down 3.1%, retail sector sold off",Moderate,mega_cap_corporate,2016-01-H2-r2,2016-01-15,confirmed,3243
"Freeport-McMoRan cuts copper and gold output guidance, suspends dividend",2016-01-19,"FCX down 12%, copper miners broadly lower",Moderate,mega_cap_corporate,2016-01-H2-r2,2016-01-19,confirmed,3244
"China GDP growth slows to 6.8% in Q4 2015, weakest since 2009",2016-01-19,"Shanghai Composite down 3.2%, AUD fell 0.8%",Moderate,fiscal_policy,2016-01-H2-r2,2016-01-19,confirmed,3245
Davos World Economic Forum opens amid global market turmoil warnings,2016-01-20,SPX intraday low down 3.3% before sharp recovery to close flat,Low,geopolitical_diplomatic,2016-01-H2-r2,2016-01-20,confirmed,3246
Morgan Stanley Q4 profit falls 54% on weak trading and writedowns,2016-01-20,"MS down 5.5%, financials sector underperformed",Moderate,mega_cap_earnings,2016-01-H2-r2,2016-01-20,confirmed,3247
"Venezuela credit default swap spreads hit record high above 5,000bp",2016-01-21,"PDVSA bonds fell to 40 cents on dollar, EM debt under pressure",Low,credit_event,2016-01-H2-r2,2016-01-21,unverified,3248
"Goldman Sachs Q4 earnings miss estimates, revenue falls 5% year-on-year",2016-01-20,"GS down 2.8%, KBW Bank Index down 1.4%",Low,mega_cap_earnings,2016-01-H2-r2,2016-01-20,confirmed,3249
Chesapeake Energy shares collapse 33% on bankruptcy speculation,2016-01-19,"CHK down 33% intraday, US HY energy spreads widened 50bp",Moderate,credit_event,2016-01-H2-r2,2016-01-19,confirmed,3250
Goldman Sachs Q1 revenue falls 40% to lowest since 2011 financial crisis,2016-04-19,"GS down 1.5%, broader bank index KBE down 0.8%",Moderate,mega_cap_earnings,2016-04-H1-r2,2016-04-19,confirmed,3251
"Bank of Japan holds rates steady, disappoints markets expecting further easing",2016-04-28,"Yen surges 2.5%, Nikkei falls 3.6%",High,monetary_policy,2016-04-H1-r2,2016-04-28,confirmed,3252
"Peabody Energy files for Chapter 11 bankruptcy, largest US coal producer collapse",2016-04-13,"BTU halted, coal sector ETF KOL down 3%",Moderate,credit_event,2016-04-H1-r2,2016-04-13,confirmed,3253
Brazil Senate votes to advance Dilma Rousseff impeachment proceedings,2016-04-11,"Brazilian real up 1.8%, Bovespa up 2.1%",Moderate,election_political,2016-04-H1-r2,2016-04-11,unverified,3254
Valeant Pharmaceuticals replaces CEO Michael Pearson amid accounting probe,2016-04-08,"VRX down 9%, pharmaceutical sector broadly lower",Moderate,mega_cap_corporate,2016-04-H1-r2,2016-04-08,confirmed,3255
European Commission opens formal antitrust probe into Google Android practices,2016-04-20,"GOOGL down 0.6%, largely shrugged off by markets",Low,regulatory,2016-04-H1-r2,2016-04-20,confirmed,3256
US crude oil inventories hit new record high of 536 million barrels,2016-04-06,"WTI down 1.2% on the day, settled near $36.50",Low,energy_opec,2016-04-H1-r2,2016-04-06,unverified,3257
"China exports fall 11.2% year-on-year in March, worse than expected",2016-04-13,"Shanghai Composite down 1.1%, AUD slips 0.4%",Low,fiscal_policy,2016-04-H1-r2,2016-04-13,confirmed,3258
"Peabody Energy files for Chapter 11 bankruptcy, largest US coal failure",2016-04-13,"BTU halted, sector ETF KOL down 3%",Moderate,credit_event,2016-03-H2-r2,2016-04-13,confirmed,3259
Peabody Energy warns of bankruptcy risk as coal prices collapse,2016-02-16,"BTU down 28%, other coal stocks fell 5-10%",Moderate,credit_event,2016-02-H2-r2,2016-02-16,confirmed,3220
Moody's cuts Brazil sovereign rating deeper into junk territory,2016-02-24,"BRL weakened 1.5%, Brazilian equities fell 1.2%",Moderate,credit_event,2016-02-H2-r2,2016-02-24,confirmed,3221
"Japan reports Q4 GDP contracts 1.4% annualized, recession fears rise",2016-02-15,"Nikkei down 1.4%, yen strengthened to 113",Moderate,fiscal_policy,2016-02-H2-r2,2016-02-15,confirmed,3222
"Priceline reports Q4 earnings beat, shares surge on travel demand strength",2016-02-22,PCLN up 8% after hours,Low,mega_cap_earnings,2016-02-H2-r2,2016-02-22,confirmed,3223
"Argentina reaches deal with holdout creditors, ending 15-year default",2016-02-19,"Argentine bonds rally 3-5%, peso stable",Low,credit_event,2016-02-H2-r2,2016-02-19,confirmed,3224
Copper hits six-year low below $2.00 per pound on China demand fears,2016-01-15,"Copper futures down 2.1%, miners BHP and Rio Tinto fell 3%",Moderate,supply_disruption,2016-02-H2-r2,2016-02-23,date_corrected,3225
"Home Depot reports Q4 earnings beat, raises dividend and buyback program",2016-02-23,"HD up 4%, best performer in Dow that session",Low,mega_cap_earnings,2016-02-H2-r2,2016-02-23,confirmed,3226
"Peabody Energy misses debt payment, bankruptcy filing imminent",2016-03-16,"BTU down 30%, US coal sector ETF KOL down 5%",Moderate,credit_event,2016-03-H1-r2,2016-03-15,date_corrected,3227
"Valeant Pharmaceuticals slashes 2016 guidance, auditor raises going-concern doubts",2016-03-15,"VRX down 51% on the day, hit $33 from $260 peak",High,mega_cap_corporate,2016-03-H1-r2,2016-03-15,confirmed,3228
Bank of Japan Governor Kuroda rules out helicopter money policy,2016-03-07,"Yen strengthened 0.8%, Nikkei fell 1.1%",Low,monetary_policy,2016-03-H1-r2,2016-03-07,unverified,3229
"China February PMI services index falls to 52.7, weakest since August 2014",2016-03-03,"Shanghai Composite down 0.9%, AUD slipped 0.4%",Low,fiscal_policy,2016-03-H1-r2,2016-03-03,confirmed,3230
Chesapeake Energy announces debt exchange offer to avoid bankruptcy,2016-03-01,"CHK surged 20% on relief rally, high-yield energy spreads tightened",Moderate,credit_event,2016-03-H1-r2,2016-03-01,confirmed,3231
US Treasury finalizes inversion rules targeting Pfizer-Allergan $160B merger,2016-04-04,"AGN down 3.5%, PFE down 1.2%",Moderate,regulatory,2016-03-H1-r2,2016-03-04,date_corrected,3232
Iron ore futures in China surge 5% as steel output restrictions ease,2016-03-07,"Iron ore spot price up 5.3% to $54/tonne, BHP up 3%",Moderate,supply_disruption,2016-03-H1-r2,2016-03-07,unverified,3233
"India Reserve Bank cuts repo rate 25bp to 6.5%, surprises markets",2016-04-05,"BSE Sensex up 1.4%, INR strengthened 0.5% versus dollar",Moderate,monetary_policy,2016-03-H1-r2,2016-03-04,date_corrected,3234
"Citigroup Q4 2015 earnings miss estimates, revenue falls 9% year-over-year",2016-01-15,"C down 2.3%, bank sector under pressure",Moderate,mega_cap_earnings,2016-01-H1-r2,2016-01-15,confirmed,3235
"US retail sales fall 0.1% in December, missing expectations of flat reading",2016-01-15,"SPX down 2.2%, dollar weakened on data",Moderate,fiscal_policy,2016-01-H1-r2,2016-01-15,confirmed,3236
Alcoa Q4 2015 earnings beat on cost cuts as aluminum prices remain depressed,2016-01-11,"AA up 3% after-hours, broader metals sector flat",Low,mega_cap_earnings,2016-01-H1-r2,2016-01-11,confirmed,3237
Indonesia suicide bombing attack strikes central Jakarta near UN office,2016-01-14,"Jakarta Composite down 1.8%, ASEAN equities dipped",Low,geopolitical_military,2016-01-H1-r2,2016-01-14,confirmed,3238
European Central Bank minutes signal willingness to expand QE in March meeting,2016-01-21,"EUR/USD down 0.5%, European equities up 1%",Moderate,monetary_policy,2016-01-H1-r2,2016-01-14,date_corrected,3239
"Australia holds federal election, hung parliament feared as polls tighten",2016-07-02,"AUD down 0.8%, ASX 200 down 0.6%",Low,election_political,2016-06-H1-r2,2016-06-02,date_corrected,3300
Zinc prices hit 12-month high as mine supply shortfalls worsen globally,2016-06-06,"LME zinc up 3.5% on the week, miners Glencore and Teck up 4%",Moderate,supply_disruption,2016-06-H1-r2,2016-06-06,unverified,3301
Italy's Monte dei Paschi di Siena shares suspended after 15% plunge on capital fears,2016-06-10,"BMPS down 15%, Italian bank index down 5%, EURUSD down 0.4%",Moderate,credit_event,2016-06-H1-r2,2016-06-10,unverified,3302
Microsoft agrees to acquire LinkedIn for $26.2B in largest tech deal of 2016,2016-06-13,"LNKD up 47%, MSFT down 2.6%",High,mega_cap_corporate,2016-06-H1-r2,2016-06-13,confirmed,3303
Germany sells 10-year bund at negative yield for first time in history,2016-06-14,"Bund yield hit -0.03%, US 10-year Treasury yield fell to 1.57%",Moderate,monetary_policy,2016-06-H1-r2,2016-06-14,confirmed,3304
Spanish general election produces second consecutive hung parliament result,2016-06-26,"IBEX down 1.2% Monday, EUR little changed as result was expected",Low,election_political,2016-06-H1-r2,2016-06-26,confirmed,3305
"Italy's Monte dei Paschi fails EBA stress test, shares plunge",2016-07-29,"BMPS down 14%, Italian bank index down 6%",High,credit_event,2016-07-H1-r2,2016-07-29,confirmed,3306
Yum Brands reports Q2 earnings beat driven by China KFC recovery,2016-08-03,YUM up 4% after hours,Low,mega_cap_earnings,2016-07-H1-r2,2016-07-13,date_corrected,3307
UK gilt yields hit record lows as Brexit recession fears mount,2016-07-06,"10-year gilt yield falls to 0.74%, GBP down 1%",Moderate,monetary_policy,2016-07-H1-r2,2016-07-06,confirmed,3308
Standard Life suspends UK property fund redemptions after Brexit vote,2016-07-04,"UK REIT index down 3%, GBP down 0.8%",Moderate,credit_event,2016-07-H1-r2,2016-07-04,confirmed,3309
Aviva and M&G Investments also suspend UK property funds amid redemption rush,2016-07-05,UK commercial property stocks down 2-4%,Moderate,credit_event,2016-07-H1-r2,2016-07-05,confirmed,3310
China June trade data shows exports fall 4.8% year-on-year,2016-07-13,"Shanghai Composite down 1.1%, AUD weakens 0.5%",Low,trade_policy,2016-07-H1-r2,2016-07-13,unverified,3311
Fitch downgrades UK sovereign credit rating to AA from AA-plus after Brexit,2016-06-27,"GBP falls 0.6%, gilts little changed",Low,fiscal_policy,2016-07-H1-r2,2016-06-27,confirmed,3312
"Delta Air Lines warns Q2 unit revenue to fall 6.5%, shares drop",2016-07-07,"DAL down 5%, airline sector index down 2.5%",Moderate,mega_cap_earnings,2016-07-H1-r2,2016-07-07,unverified,3313
Bank of Japan disappoints markets with smaller-than-expected stimulus package,2016-07-29,"Nikkei down 1.7%, yen strengthened 2% to 102 per dollar",High,monetary_policy,2016-07-H2-r2,2016-07-29,confirmed,3314
Verizon agrees to acquire Yahoo core business for $4.83 billion,2016-07-25,"YHOO up 2%, far below peak valuation expectations",Low,mega_cap_corporate,2016-07-H2-r2,2016-07-25,confirmed,3315
"Alphabet Q2 earnings beat estimates, ad revenue jumps 19% year-over-year",2016-07-28,"GOOGL up 5% after-hours, Nasdaq futures lifted",Moderate,mega_cap_earnings,2016-07-H2-r2,2016-07-28,confirmed,3316
"Amazon Q2 earnings smash estimates, AWS profit doubles to $916 million",2016-07-28,"AMZN up 2.5% after-hours, cloud sector rallied",Moderate,mega_cap_earnings,2016-07-H2-r2,2016-07-28,confirmed,3317
Italian banks slide as Monte dei Paschi di Siena seeks capital rescue plan,2016-07-25,"BMPS down 15%, Italian banking index down 4%, Euro Stoxx Banks down 2%",High,credit_event,2016-07-H2-r2,2016-07-25,confirmed,3318
EU stress test results reveal deep capital shortfalls at European banks,2016-07-29,"European bank stocks fell 2-5% Friday, BMPS down 11%",Moderate,regulatory,2016-07-H2-r2,2016-07-29,confirmed,3319
Bank of Japan Governor Kuroda signals readiness to deepen negative rates,2016-03-18,"Yen strengthened to 111, Nikkei fell 1.2%",Moderate,monetary_policy,2016-03-H2-r2,2016-03-18,unverified,3260
Teck Resources slashes dividend 80% as commodity rout squeezes cash flow,2016-02-17,"TECK down 6%, materials sector weak",Low,credit_event,2016-03-H2-r2,2016-03-22,date_corrected,3261
Argentina reaches $4.65B settlement with holdout creditors ending 15-year default,2016-02-29,"Argentine peso stable, sovereign bonds rally 2%",Moderate,fiscal_policy,2016-03-H2-r2,2016-03-28,date_corrected,3262
"US Treasury issues new rules targeting tax inversion deals, Pfizer-Allergan merger collapses",2016-04-06,"AGN down 15%, PFE up 2.5%",High,regulatory,2016-03-H2-r2,2016-03-21,date_corrected,3263
China February industrial profits fall 4.8% year-on-year raising slowdown fears,2016-03-27,"Shanghai Composite down 0.9%, iron ore futures slip 1.5%",Low,fiscal_policy,2016-03-H2-r2,2016-03-27,confirmed,3264
Gold prices hit 13-month high above $1270 per ounce on dollar weakness,2016-03-17,"Gold up 1.8% to $1271, GDX miners ETF up 4%",Moderate,monetary_policy,2016-03-H2-r2,2016-03-17,unverified,3265
"Valeant Pharmaceuticals reports Q1 loss, cuts full-year guidance again",2016-05-09,"VRX down 15%, stock near multi-year lows",High,mega_cap_earnings,2016-05-H1-r2,2016-05-09,confirmed,3266
"Walt Disney Q2 earnings miss on ESPN subscriber losses, shares drop",2016-05-10,"DIS down 4.5%, media sector sold off",Moderate,mega_cap_earnings,2016-05-H1-r2,2016-05-10,confirmed,3267
"China April CPI rises 2.3%, PPI deflation eases for third straight month",2016-05-10,"Shanghai Composite up 0.8%, iron ore futures rallied",Low,fiscal_policy,2016-05-H1-r2,2016-05-10,confirmed,3268
"Perrigo rejects Mylan takeover bid, Mylan withdraws offer formally",2016-04-29,"PRGO up 3%, MYL down 2%",Low,mega_cap_corporate,2016-05-H1-r2,2016-05-05,date_corrected,3269
Puerto Rico defaults on $422M in general obligation debt payments,2016-05-02,"Puerto Rico GO bonds fell to 65 cents on dollar, muni market rattled",Moderate,credit_event,2016-05-H1-r2,2016-05-02,confirmed,3270
UK manufacturing and construction PMI data signal Brexit uncertainty weighing on output,2016-05-04,"GBP down 0.6%, FTSE 100 down 0.8%",Low,election_political,2016-05-H1-r2,2016-05-04,confirmed,3271
Copper prices hit three-month high on Chinese infrastructure spending hopes,2016-05-12,"LME copper up 2.1%, mining stocks in London up 3%",Moderate,supply_disruption,2016-05-H1-r2,2016-05-12,unverified,3272
"Mitsubishi Motors admits manipulating fuel economy data on 625,000 vehicles",2016-04-20,"Mitsubishi Motors down 20%, Nissan down 4% after disclosure",High,regulatory,2016-05-H1-r2,2016-05-11,date_corrected,3273
"Verizon workers strike as 40,000 employees walk off job",2016-04-13,"VZ down 0.8% on April 13, minimal broader impact",Low,supply_disruption,2016-04-H2-r2,2016-04-13,confirmed,3274
"Argentina reaches $4.65B deal with remaining holdout creditors, ending 15-year default",2016-02-29,"Argentine bonds rally 2-3%, peso stable",Moderate,credit_event,2016-04-H2-r2,2016-04-22,date_corrected,3275
"Twitter Q1 earnings miss revenue estimates, user growth stalls at 310 million",2016-04-26,TWTR down 13% after-hours,Moderate,mega_cap_earnings,2016-04-H2-r2,2016-04-26,confirmed,3276
"Gold hits 15-month high above $1,280 as dollar weakens on dovish Fed",2016-04-21,"Gold up 1.8% to $1,284, GDX miners ETF up 4%",Moderate,monetary_policy,2016-04-H2-r2,2016-04-21,unverified,3277
"Peabody Energy files for Chapter 11 bankruptcy, largest US coal producer collapses",2016-04-13,"BTU halted, US coal sector ETF KOL down 3%",Low,credit_event,2016-04-H2-r2,2016-04-13,confirmed,3278
"China Q1 GDP holds at 6.7%, meets government target but marks slowest growth since 2009",2016-04-15,"Shanghai Composite up 0.4%, iron ore futures up 2%",Low,fiscal_policy,2016-04-H2-r2,2016-04-15,confirmed,3279
"US Q2 GDP growth comes in at 1.2%, well below 2.6% consensus forecast",2016-07-29,SPX up 0.2% as weak data pushed Fed rate hike expectations further out,Low,fiscal_policy,2016-07-H2-r2,2016-07-29,confirmed,3320
Chipotle Q2 same-store sales plunge 23.6% as E. coli fallout continues,2016-07-21,"CMG down 4.5%, stock still down over 40% from 2015 peak",Moderate,mega_cap_earnings,2016-07-H2-r2,2016-07-21,confirmed,3321
"Japan Q2 GDP grows just 0.2% annualized, missing 0.7% forecast",2016-08-15,"Nikkei down 1.6%, yen strengthened to 100 vs dollar",Moderate,fiscal_policy,2016-08-H1-r2,2016-08-15,confirmed,3322
"Macy's reports Q2 earnings miss, cuts full-year guidance on weak sales",2016-08-10,"M down 14%, department store peers down 4-7%",High,mega_cap_earnings,2016-08-H1-r2,2016-08-10,confirmed,3323
"China July exports fall 4.4% year-on-year, trade data disappoints",2016-08-08,"Shanghai Composite down 0.9%, AUD slipped 0.4%",Low,trade_policy,2016-08-H1-r2,2016-08-08,confirmed,3324
Italian banks face fresh stress as Monte dei Paschi rescue plan scrutinized,2016-08-02,"Italian bank index down 3%, BMPS down 8%",Moderate,credit_event,2016-08-H1-r2,2016-08-02,confirmed,3325
"Hanjin Shipping files for bankruptcy protection, largest ever container line failure",2016-08-31,"Dry bulk shipping stocks down 5-10%, Hanjin KS suspended",Moderate,credit_event,2016-08-H1-r2,2016-08-31,confirmed,3326
Russia and Saudi Arabia propose oil output freeze meeting ahead of OPEC informal talks,2016-08-11,"WTI up 4%, Brent up 3.8%",Moderate,energy_opec,2016-08-H1-r2,2016-08-11,confirmed,3327
"Mylan raises EpiPen price 400% over five years, drawing Congressional scrutiny",2016-08-24,"MYL down 5%, pharma sector under pressure",Low,regulatory,2016-08-H1-r2,2016-08-08,date_corrected,3328
"China July industrial output and retail sales disappoint, miss forecasts",2016-08-12,"Shanghai Composite down 0.5%, AUD slipped 0.4%",Low,fiscal_policy,2016-08-H2-r2,2016-08-12,confirmed,3329
"Cisco announces 5,500 job cuts, largest layoff in years amid restructuring",2016-08-17,"CSCO down 2.5% after hours, Nasdaq flat",Moderate,mega_cap_corporate,2016-08-H2-r2,2016-08-17,confirmed,3330
"India central bank governor Raghuram Rajan steps down, rupee weakens",2016-06-18,"INR weakened 0.6%, Indian equities down 0.8%",Low,monetary_policy,2016-08-H2-r2,2016-08-20,date_corrected,3331
Venezuela oil output falls to 13-year low as economic crisis deepens,2016-08-22,"WTI up 0.8%, Venezuelan bonds widened",Low,energy_opec,2016-08-H2-r2,2016-08-22,unverified,3332
South Africa rand hits two-month low on political uncertainty over Zuma,2016-08-24,"ZAR down 1.8% on the day, JSE down 1.1%",Moderate,election_political,2016-08-H2-r2,2016-08-24,unverified,3333
Staples and Office Depot abandon merger after US court blocks deal on antitrust grounds,2016-05-10,"ODP down 18%, SPLS down 16%",Moderate,regulatory,2016-08-H2-r2,2016-08-25,date_corrected,3334
European Commission orders Apple to repay Ireland up to 13 billion euros in back taxes,2016-08-30,"AAPL down 2.5%, EU tech stocks fell 0.5%",High,regulatory,2016-08-H2-r2,2016-08-30,confirmed,3335
EpiPen price gouging scandal intensifies as Mylan CEO called to Congress,2016-08-25,"MYL down 5%, broader pharma index down 1.2%",Moderate,regulatory,2016-08-H2-r2,2016-08-25,confirmed,3336
Yahoo confirms massive data breach affecting 500 million user accounts,2016-09-22,"YHOO down 3%, deal risk with Verizon cited",Moderate,cyber_infrastructure,2016-09-H2-r2,2016-09-22,confirmed,3337
Reserve Bank of India cuts repo rate 25bp to 6.25% under new governor Patel,2016-10-04,"INR strengthened 0.4%, Sensex up 0.8%",Low,monetary_policy,2016-09-H2-r2,2016-10-04,confirmed,3338
Hanjin Shipping bankruptcy leaves $14B in cargo stranded at sea,2016-09-16,"Shipping stocks fell 2-5%, FedEx and UPS up on rerouting demand",Moderate,credit_event,2016-09-H2-r2,2016-09-16,unverified,3339
Indian central bank RBI cuts repo rate 25bp to 6.25% under new governor Patel,2016-10-04,"Sensex up 1.2%, INR strengthened 0.4% against dollar",Low,monetary_policy,2016-09-H1-r2,2016-09-04,date_corrected,3360
Hanjin Shipping liquidation approved by South Korean court,2017-02-17,"Hanjin shares halted, Baltic Dry Index down 2%, container shipping stocks fell 3-5%",Moderate,credit_event,2016-10-H2-r2,2016-10-17,date_corrected,3361
"Bank of Canada holds rates at 0.5%, cuts growth forecast sharply",2016-10-19,"CAD fell 0.6% vs USD, TSX down 0.4%",Low,monetary_policy,2016-10-H2-r2,2016-10-19,confirmed,3362
"Caterpillar reports Q3 earnings miss, cuts full-year revenue outlook",2016-10-25,"CAT down 5.5%, Dow dragged down 0.3%",Moderate,mega_cap_earnings,2016-10-H2-r2,2016-10-25,confirmed,3363
Twitter shares plunge as acquisition talks with Salesforce and Disney collapse,2016-10-17,"TWTR down 6.5% on open, closed down 4.4%",Moderate,mega_cap_corporate,2016-10-H2-r2,2016-10-17,confirmed,3364
South African rand slides as finance minister faces corruption charges,2016-10-24,"ZAR weakened 2.1%, South African bonds sold off sharply",Moderate,election_political,2016-10-H2-r2,2016-10-24,unverified,3365
"US durable goods orders fall 0.1% in September, defense orders drop sharply",2016-10-26,"SPX down 0.3%, USD slipped slightly on data miss",Low,fiscal_policy,2016-10-H2-r2,2016-10-26,confirmed,3366
Brazilian Senate votes to impeach and remove President Dilma Rousseff permanently,2016-08-31,"Bovespa up 1.1%, BRL strengthened 0.8% vs USD",Low,election_political,2016-10-H2-r2,2016-10-19,date_corrected,3367
Exxon Mobil reports Q3 earnings down 38% year-over-year on weak oil prices,2016-10-28,"XOM down 2.3%, energy sector underperformed SPX by 1.5%",Low,mega_cap_earnings,2016-10-H2-r2,2016-10-28,confirmed,3368
"Walt Disney reports Q4 earnings beat, ESPN subscriber losses weigh on outlook",2016-11-10,DIS down 1.5% after hours on cord-cutting concerns,Moderate,mega_cap_earnings,2016-11-H1-r2,2016-11-08,date_corrected,3369
Italy's Monte dei Paschi di Siena shares halt as capital plan faces collapse,2016-11-09,"BMPS down 12%, Italian bank index fell 5%",Moderate,credit_event,2016-11-H1-r2,2016-11-09,unverified,3370
India scraps 500 and 1000 rupee banknotes in shock demonetization move,2016-11-08,"Sensex down 6% over two sessions, INR fell 1.5%",High,fiscal_policy,2016-11-H1-r2,2016-11-08,confirmed,3371
"Macy's reports steep Q3 comparable sales decline, cuts full-year guidance",2016-11-11,"M down 14%, department store peers fell 5-8%",Moderate,mega_cap_earnings,2016-11-H1-r2,2016-11-11,confirmed,3372
South African rand hits two-month low as EM selloff deepens post-Trump,2016-11-11,"ZAR down 4% on the week, JSE All-Share down 2.1%",Moderate,credit_event,2016-11-H1-r2,2016-11-11,confirmed,3373
Nvidia reports Q3 earnings surge 84% on gaming and data center GPU demand,2016-11-10,"NVDA up 30% over two sessions, hit new all-time high",High,mega_cap_earnings,2016-11-H1-r2,2016-11-10,confirmed,3374
European Commission opens antitrust probe into Amazon e-book distribution deals,2016-11-11,"AMZN down 0.8%, limited market reaction",Low,regulatory,2016-11-H1-r2,2016-11-11,unverified,3375
Natural gas futures spike 10% as early winter forecasts drive supply concerns,2016-11-14,Henry Hub natural gas up 10% on the week to $3.00/MMBtu,Moderate,supply_disruption,2016-11-H1-r2,2016-11-14,unverified,3376
Salesforce shares drop 7% after report Microsoft acquisition talks ended,2016-11-17,"CRM down 7%, had surged on takeover speculation earlier in year",Moderate,mega_cap_corporate,2016-11-H2-r2,2016-11-17,unverified,3377
South Korea president Park Geun-hye faces impeachment calls over corruption scandal,2016-11-20,"KOSPI down 1.2%, Korean won weakened 0.8%",Moderate,election_political,2016-11-H2-r2,2016-11-20,confirmed,3378
Colombia government and FARC rebels sign revised peace deal after referendum rejection,2016-11-24,"Colombian peso up 0.6%, sovereign bonds steady",Low,geopolitical_diplomatic,2016-11-H2-r2,2016-11-24,confirmed,3379
"Intel announces 12,000 job cuts, 11% of global workforce amid PC market decline",2016-04-19,INTC down 2.8% on restructuring announcement,Moderate,mega_cap_corporate,2016-04-H2-r2,2016-04-19,confirmed,3280
Caterpillar Q1 earnings fall 45% as mining and energy customers slash spending,2016-04-22,"CAT down 3.2%, industrial sector underperforms",Low,mega_cap_earnings,2016-04-H2-r2,2016-04-22,confirmed,3281
Verizon acquires Yahoo core internet business for $4.8 billion,2016-07-25,YHOO up 1.5% on deal speculation ahead of formal announcement,Low,mega_cap_corporate,2016-05-H2-r2,2016-07-25,confirmed,3282
"Brazil Senate votes to suspend President Dilma Rousseff, Temer assumes power",2016-05-12,"Bovespa up 2.7%, BRL strengthened 1.2% on political transition hopes",Moderate,election_political,2016-05-H2-r2,2016-05-12,confirmed,3283
Moody's downgrades Saudi Arabia two notches to A1 on oil revenue slump,2016-05-17,"Saudi CDS spreads widened, Saudi riyal stable on peg",Low,credit_event,2016-05-H2-r2,2016-05-17,confirmed,3284
Perrigo rejects Mylan's $26 billion hostile takeover bid as inadequate,2015-11-13,"PRGO up 3%, MYL down 1.8%",Low,mega_cap_corporate,2016-05-H2-r2,2016-05-18,date_corrected,3285
"China April industrial output and retail sales miss forecasts, growth concerns resurface",2016-05-13,"Shanghai Composite down 2.8%, iron ore futures fell 4%",Moderate,fiscal_policy,2016-05-H2-r2,2016-05-13,confirmed,3286
Cisco Systems Q3 earnings beat estimates but revenue guidance disappoints,2016-05-18,CSCO down 3.8% after hours on weak outlook,Moderate,mega_cap_earnings,2016-05-H2-r2,2016-05-18,confirmed,3287
US Dollar Index hits two-month high as Fed rate hike expectations rise sharply,2016-05-27,"DXY up to 95.7, gold fell 1.5%, emerging market currencies sold off",Moderate,monetary_policy,2016-05-H2-r2,2016-05-27,confirmed,3288
Copper prices hit three-month low on Chinese demand slowdown fears,2016-05-19,"Copper futures down 2.3% to $2.04/lb, mining stocks fell 1-3%",Low,supply_disruption,2016-05-H2-r2,2016-05-19,unverified,3289
S&P cuts UK sovereign credit rating two notches to AA after Brexit vote,2016-06-27,"GBP down 1%, UK gilts rallied as safe haven demand offset downgrade",Moderate,credit_event,2016-06-H2-r2,2016-06-27,confirmed,3290
Moody's places UK Aa1 rating on review for downgrade post-Brexit,2016-06-24,"GBP/USD fell to 1.3225, UK 10-year gilt yield dropped 30bp",Moderate,credit_event,2016-06-H2-r2,2016-06-24,confirmed,3291
Bank of England Governor Carney says banks have 150 billion pounds of additional liquidity,2016-06-24,FTSE 100 recovered 2% from intraday lows after Carney statement,Moderate,monetary_policy,2016-06-H2-r2,2016-06-24,confirmed,3292
Yen surges past 99 per dollar as investors pile into safe haven assets post-Brexit,2016-06-24,"USD/JPY fell to 99.02, Nikkei down 7.9% on the day",High,geopolitical_diplomatic,2016-06-H2-r2,2016-06-24,confirmed,3293
George Soros warns Brexit could trigger financial crisis worse than 2008,2016-06-25,SPX futures extended losses 0.5% on the commentary,Low,fiscal_policy,2016-06-H2-r2,2016-06-25,confirmed,3294
Freeport-McMoRan sells stake in Morenci copper mine to Sumitomo for 1 billion dollars,2016-06-16,FCX up 4.2% on asset sale news reducing debt load,Low,mega_cap_corporate,2016-06-H2-r2,2016-06-16,unverified,3295
Microsoft announces acquisition of LinkedIn for 26.2 billion dollars in cash,2016-06-13,"LNKD up 47%, MSFT down 3.5% on deal premium concerns",High,mega_cap_corporate,2016-06-H2-r2,2016-06-13,confirmed,3296
European Commission opens state aid investigation into Irish tax treatment of Apple,2016-08-30,"AAPL down 0.8%, EUR/USD little changed",Low,regulatory,2016-06-H2-r2,2016-06-17,date_corrected,3297
Talen Energy files for Chapter 11 bankruptcy protection amid debt load,2022-05-09,"TLN bonds drop sharply, US power sector ETFs down 1%",Low,credit_event,2016-06-H1-r2,2016-06-01,date_corrected,3298
"Saudi Arabia appoints Mohammed bin Salman as deputy crown prince, reshaping succession",2015-04-29,"Saudi Tadawul up 1.2%, oil markets little changed",Low,geopolitical_diplomatic,2016-06-H1-r2,2016-06-21,date_corrected,3299
Takata files for bankruptcy protection after airbag recall costs mount,2017-06-26,"Takata shares halted, Honda down 1.2%, auto suppliers fell broadly",Moderate,credit_event,2017-06-H1-r2,2017-06-26,confirmed,3460
EU fines Google record €2.42B for abusing search dominance in shopping,2017-06-27,"GOOGL down 1.5% intraday, recovered to close down 0.4%",Low,regulatory,2017-06-H1-r2,2017-06-27,confirmed,3461
Banco Popular seized by ECB and sold to Santander for €1 in first EU bank resolution,2017-06-07,"Santander down 2%, European bank index fell 1.3%",Moderate,credit_event,2017-06-H1-r2,2017-06-07,confirmed,3462
US Senate Republicans release draft healthcare bill to replace ACA,2017-06-22,"Hospital stocks down 3-5%, HCA down 4.8%",Moderate,fiscal_policy,2017-06-H1-r2,2017-06-22,confirmed,3463
China sovereign credit rating cut by Moody's for first time since 1989,2017-05-24,"CNY weakened 0.3%, Shanghai Composite down 0.4%",Low,credit_event,2017-06-H1-r2,2017-05-24,confirmed,3464
MSCI announces China A-shares inclusion in emerging market index,2017-06-21,"Shanghai Composite up 0.5%, A-share ETFs saw inflows",Low,regulatory,2017-06-H1-r2,2017-06-20,date_corrected,3465
WannaCry ransomware attack disrupts global firms including NHS and FedEx,2017-05-12,"Cybersecurity stocks PANW and FEYE up 5-7%, SPX flat",Low,cyber_infrastructure,2017-06-H1-r2,2017-05-12,confirmed,3466
"Petya cyberattack hits Maersk, Merck and global firms disrupting operations",2017-06-27,"Maersk down 1.5%, MRCK down 1%, cybersecurity stocks rallied 3-5%",Moderate,cyber_infrastructure,2017-06-H1-r2,2017-06-27,confirmed,3467
"China June CPI rises 1.5% year-on-year, below 1.6% forecast",2017-07-10,"Yuan steady, Chinese equities flat, copper dipped 0.3%",Low,fiscal_policy,2017-07-H1-r2,2017-07-10,unverified,3468
Amazon acquires Whole Foods Market for $13.7 billion in cash deal,2017-06-16,"WFM up 29%, grocery sector stocks down 5-9%, AMZN up 2.4%",High,mega_cap_corporate,2017-07-H1-r2,2017-06-16,confirmed,3469
"UK manufacturing output falls 0.5% in May, missing growth forecasts",2017-07-07,"GBP down 0.4% vs USD, FTSE 100 little changed",Low,fiscal_policy,2017-07-H1-r2,2017-07-07,unverified,3470
"China tightens rules on overseas acquisitions, targeting real estate and entertainment deals",2017-07-06,"HK-listed Chinese conglomerate stocks down 3-5%, Dalian Wanda fell sharply",Moderate,regulatory,2017-07-H1-r2,2017-07-06,confirmed,3471
Bank of Canada raises interest rates for first time in seven years by 25bp,2017-07-12,"CAD up 1.2% vs USD, Canadian 2-year yield spiked 10bp",Moderate,monetary_policy,2017-07-H1-r2,2017-07-12,confirmed,3472
"Sears Holdings warns of going concern doubt, shares hit multi-year lows",2017-03-21,"SHLD down 8%, retail sector sentiment weighed",Low,credit_event,2017-07-H1-r2,2017-07-07,date_corrected,3473
Donald Trump Jr. emails reveal meeting with Russian lawyer seeking campaign dirt,2017-07-11,"SPX down 0.1%, DXY dipped slightly, markets largely shrugged",Low,election_political,2017-07-H1-r2,2017-07-11,confirmed,3474
"G20 Hamburg summit ends with US isolated on climate, trade communique watered down",2017-07-08,"EUR/USD up 0.3%, SPX flat, gold gained 0.4%",Low,geopolitical_diplomatic,2017-07-H1-r2,2017-07-08,confirmed,3475
"Takata files for bankruptcy protection, largest auto supplier failure in US history",2017-06-26,"TKJ down 23% in Tokyo, Honda and Toyota fell 1-2%",Moderate,credit_event,2017-06-H2-r2,2017-06-26,confirmed,3476
"UK CPI hits 2.9%, highest in four years, above Bank of England target",2017-06-13,"GBP up 0.5%, UK gilts sold off slightly",Low,monetary_policy,2017-06-H2-r2,2017-06-20,date_corrected,3477
Whole Foods shares halt trading pending shareholder vote on Amazon deal,2017-06-16,"WFM up 0.4%, rival grocers Kroger and Sprouts fell 1-3%",Low,mega_cap_corporate,2017-06-H2-r2,2017-06-16,fabricated,3478
"Saudi Arabia, UAE and allies issue 13 demands to Qatar, setting 10-day deadline",2017-06-23,"Qatar riyal held peg, regional equities fell 0.5%",Low,geopolitical_diplomatic,2017-06-H2-r2,2017-06-23,confirmed,3479
Brazil Supreme Court authorizes investigation of over 80 politicians in Lava Jato probe,2017-03-08,"Brazilian real weakened 0.8%, Bovespa down 1.2%",Moderate,election_political,2017-03-H1-r2,2017-03-08,confirmed,3440
Urban Outfitters Q4 earnings beat estimates as digital sales surge,2017-03-07,URBN up 9% after hours,Low,mega_cap_earnings,2017-03-H1-r2,2017-03-07,confirmed,3441
China reports February trade surplus narrows sharply to $9.1 billion,2017-03-08,"AUD and commodity currencies dipped, iron ore futures fell 2%",Low,trade_policy,2017-03-H1-r2,2017-03-08,confirmed,3442
South Africa rand hits six-week low as Zuma political crisis deepens,2017-03-10,ZAR weakened 1.5% to 13.20 per dollar,Low,election_political,2017-03-H1-r2,2017-03-10,unverified,3443
European Commission fines truck makers including Daimler and Volvo record 2.93 billion euros for price-fixing cartel,2017-07-19,"Daimler DAI down 1.2%, Volvo VOLV down 0.8%",Low,regulatory,2017-03-H1-r2,2017-03-01,date_corrected,3444
BlackRock Q1 earnings beat as AUM rises to record $5.4 trillion,2017-04-12,BLK up 2.1% on the day,Low,mega_cap_earnings,2017-04-H1-r2,2017-04-12,confirmed,3445
South Africa's rand crashes after President Zuma fires finance minister Gordhan,2017-03-31,"ZAR down 5%, South African bonds sold off sharply",High,election_political,2017-04-H1-r2,2017-04-03,date_corrected,3446
S&P cuts South Africa sovereign debt to junk status following cabinet reshuffle,2017-04-03,"ZAR fell additional 2%, JSE All Share down 1.8%",Moderate,credit_event,2017-04-H1-r2,2017-04-07,date_corrected,3447
"Delta Air Lines Q1 revenue misses estimates, warns on unit revenue pressure",2017-04-12,"DAL down 3.5%, airline sector down 1.5%",Moderate,mega_cap_earnings,2017-04-H1-r2,2017-04-12,confirmed,3448
"China March CPI falls to 0.9% year-on-year, lowest in over two years",2017-04-12,"Copper down 1.2%, iron ore futures fell 3%",Low,fiscal_policy,2017-04-H1-r2,2017-04-12,confirmed,3449
Iron ore futures in Dalian plunge 8% on China steel output concerns,2017-04-07,"Iron ore futures hit limit down, BHP and Rio Tinto ADRs down 2-3%",Moderate,supply_disruption,2017-04-H1-r2,2017-04-07,confirmed,3450
Verizon reportedly in advanced talks to acquire Yahoo for approximately $4.8B,2016-07-22,"YHOO up 1.4%, deal speculation confirmed by sources",Low,mega_cap_corporate,2017-04-H1-r2,2017-04-13,date_corrected,3451
"Brazil's President Temer implicated in bribery scandal, real crashes 8%",2017-05-18,"BRL down 8%, Bovespa circuit breaker triggered, down 9%",High,election_political,2017-05-H2-r2,2017-05-18,confirmed,3452
Tiffany reports Q1 earnings miss as same-store sales fall globally,2017-05-24,TIF down 8.5% on the day,Moderate,mega_cap_earnings,2017-05-H2-r2,2017-05-24,confirmed,3453
South Africa's rand weakens as Zuma survives no-confidence vote,2017-08-08,"ZAR down 1.8%, JSE flat",Low,election_political,2017-05-H2-r2,2017-05-18,date_corrected,3454
"Hewlett Packard Enterprise reports Q2 results, cuts full-year EPS outlook",2017-05-25,HPE down 7% after hours,Moderate,mega_cap_earnings,2017-05-H2-r2,2017-05-25,confirmed,3455
Venezuela credit default swaps spike as debt restructuring fears mount,2017-05-22,"Venezuela CDS hit 3,500bp, bonds fall 3 points",Moderate,credit_event,2017-05-H2-r2,2017-05-22,unverified,3456
US imposes new sanctions on Iran over ballistic missile program,2017-05-17,"SPX flat, oil up 0.4%",Low,geopolitical_diplomatic,2017-05-H2-r2,2017-05-17,unverified,3457
Copper hits two-month low on China demand slowdown concerns,2017-05-23,"Copper futures down 2.1%, miners VALE and FCX down 2-3%",Low,supply_disruption,2017-05-H2-r2,2017-05-23,unverified,3458
AutoNation reports weak used-car pricing drags margins lower in Q1,2017-04-20,"AN down 5%, broader auto retail sector down 1-2%",Low,mega_cap_earnings,2017-05-H2-r2,2017-05-19,date_corrected,3459
Moody's downgrades Hong Kong credit rating outlook to negative citing China ties,2017-01-20,"Hang Seng down 0.6%, HKD steady",Low,credit_event,2017-02-H2-r2,2017-02-16,unverified,3420
"Australian unemployment unexpectedly rises to 5.9%, dampening RBA rate hike hopes",2017-02-16,"AUD down 0.7%, ASX 200 down 0.4%",Low,monetary_policy,2017-02-H2-r2,2017-02-16,unverified,3421
"Cisco Q2 earnings beat but revenue guidance disappoints, shares fall",2017-02-15,CSCO down 3.4% after-hours,Moderate,mega_cap_earnings,2017-02-H1-r2,2017-02-15,confirmed,3422
Nvidia reports record Q4 revenue driven by gaming and data center growth,2017-02-09,"NVDA up 4.5% after-hours, semiconductor sector rallied",Moderate,mega_cap_earnings,2017-02-H1-r2,2017-02-09,confirmed,3423
"Twitter reports Q4 user growth miss, monthly active users disappoint",2017-02-09,TWTR down 12% intraday,Moderate,mega_cap_earnings,2017-02-H1-r2,2017-02-09,confirmed,3424
"Australia central bank RBA holds rates at 1.5%, flags housing bubble risks",2017-02-07,"AUD down 0.4%, ASX 200 flat",Low,monetary_policy,2017-02-H1-r2,2017-02-07,confirmed,3425
European Commission opens antitrust probe into Amazon e-book contracts,2017-02-08,"AMZN down 0.6%, muted reaction",Low,regulatory,2017-02-H1-r2,2017-02-08,unverified,3426
Iron ore futures surge past $90 per tonne on Chinese steel demand optimism,2017-02-10,"Iron ore up 6% on the week, BHP and RIO up 2-3%",Moderate,supply_disruption,2017-02-H1-r2,2017-02-10,unverified,3427
Peugeot agrees to acquire GM Opel and Vauxhall units for roughly $2.3B,2017-03-06,"PSA up 4%, GM up 1.2%",Moderate,mega_cap_corporate,2017-02-H1-r2,2017-02-14,date_corrected,3428
"South Korea acting president impeachment upheld, snap election expected",2017-03-10,"KOSPI down 0.5%, KRW weakened slightly",Low,election_political,2017-02-H1-r2,2017-02-01,date_corrected,3429
"Snap Inc. reports first earnings as public company, shares drop on user growth miss",2017-05-10,"SNAP down 22% in after-hours, closed down 12% next day",Moderate,mega_cap_earnings,2017-03-H2-r2,2017-03-02,date_corrected,3430
South Africa's rand drops sharply as Zuma fires finance minister Gordhan,2017-03-27,"ZAR down 5%, South African bonds sold off sharply",High,election_political,2017-03-H2-r2,2017-03-27,confirmed,3431
Moody's downgrades China credit outlook to negative citing rising debt,2016-03-02,"Chinese yuan weakened slightly, Shanghai Composite down 0.5%",Low,credit_event,2017-03-H2-r2,2017-03-23,date_corrected,3432
Toshiba shares halted as auditor refuses to sign off on nuclear unit writedown,2017-03-29,"Toshiba shares down 7%, Tokyo Stock Exchange trading halted briefly",Moderate,mega_cap_corporate,2017-03-H2-r2,2017-03-29,confirmed,3433
"Brazil truckers and farmers strike over fuel prices, disrupting agricultural exports",2017-03-22,"BRL down 0.8%, soy futures up 1.2%",Low,supply_disruption,2017-03-H2-r2,2017-03-22,unverified,3434
US Treasury designates two Russian intelligence officers for NotPetya cyberattacks,2018-02-15,"RUB weakened 0.4%, Russian equities down 0.6%",Low,regulatory,2017-03-H2-r2,2017-03-20,date_corrected,3435
"China February industrial output and retail sales beat estimates, boosting Asian markets",2017-03-14,"Shanghai Composite up 0.9%, iron ore futures up 3%",Moderate,fiscal_policy,2017-03-H2-r2,2017-03-14,confirmed,3436
Sears warns of substantial doubt about ability to continue as going concern,2017-03-21,SHLD down 12% on the day,Moderate,credit_event,2017-03-H1-r2,2017-03-07,date_corrected,3437
"Dick's Sporting Goods reports Q4 earnings miss, same-store sales disappoint",2017-03-07,"DKS down 7%, retail sector weakness",Moderate,mega_cap_earnings,2017-03-H1-r2,2017-03-07,unverified,3438
"WikiLeaks releases Vault 7, largest ever CIA hacking tools disclosure",2017-03-07,Cybersecurity stocks PANW and FEYE up 3-4%,Low,cyber_infrastructure,2017-03-H1-r2,2017-03-07,confirmed,3439
Copper prices surge to 17-month high above $2.70 on Trump infrastructure hopes,2016-11-17,"Copper futures up 4% on the week, hitting highest since June 2015",Moderate,supply_disruption,2016-11-H2-r2,2016-11-17,confirmed,3380
Argentina returns to global bond markets with $2.75B sovereign debt offering,2016-11-22,"Argentine bonds oversubscribed, sovereign spread tightened 15bp",Low,fiscal_policy,2016-11-H2-r2,2016-11-22,unverified,3381
"HP Enterprise misses Q4 earnings estimates, announces further restructuring cuts",2016-11-22,HPE down 9% after hours on revenue miss and weak guidance,Moderate,mega_cap_earnings,2016-11-H2-r2,2016-11-22,confirmed,3382
Brazil central bank cuts Selic rate by 25bp to 13.75% as recession deepens,2016-11-30,"Brazilian real up 0.5%, Bovespa up 0.8%",Low,monetary_policy,2016-11-H2-r2,2016-11-30,confirmed,3383
"Bank of America Q4 earnings beat estimates, profit jumps 43% year-over-year",2017-01-13,"BAC up 0.7%, KBW bank index up 0.5%",Moderate,mega_cap_earnings,2017-01-H1-r2,2017-01-13,confirmed,3384
"UK November industrial production falls 1.3%, trade deficit widens sharply",2017-01-09,"GBP down 0.4%, FTSE 100 little changed",Low,fiscal_policy,2017-01-H1-r2,2017-01-09,confirmed,3385
"China December CPI rises 2.1% year-on-year, PPI surges 5.5% on commodity gains",2017-01-10,"Shanghai Composite up 0.3%, iron ore futures up 1.2%",Low,monetary_policy,2017-01-H1-r2,2017-01-10,confirmed,3386
European Central Bank December meeting minutes show debate over QE taper pace,2017-01-12,"EUR/USD up 0.5%, German Bund yields rise 4bp",Moderate,monetary_policy,2017-01-H1-r2,2017-01-12,confirmed,3387
India demonetization impact deepens as Q3 GDP growth estimates cut to 6.5%,2017-01-06,"BSE Sensex down 1.6%, INR weakens 0.4%",Moderate,fiscal_policy,2017-01-H1-r2,2017-01-06,unverified,3388
"Macy's announces closure of 68 stores and 10,000 job cuts amid retail slump",2017-01-04,"M down 14%, XRT retail ETF down 2.1%",High,mega_cap_corporate,2017-01-H1-r2,2017-01-04,confirmed,3389
South Korea acting president impeachment crisis deepens as economy ministry warns of risks,2017-01-05,"KOSPI down 0.8%, KRW weakens 0.5%",Low,election_political,2017-01-H1-r2,2017-01-05,unverified,3390
"Fiat Chrysler recalls 1.1M trucks over rollaway risk, shares drop",2016-12-09,FCAU down 3.5% on recall announcement,Low,mega_cap_corporate,2016-12-H1-r2,2016-12-09,unverified,3391
Deutsche Bank reaches $7.2B settlement with US DOJ over mortgage securities,2016-12-23,DB up 4% on relief settlement was below feared $14B,Moderate,regulatory,2016-12-H1-r2,2016-12-23,confirmed,3392
Turkey's lira hits record low as central bank fails to defend currency,2016-12-07,"TRY falls to 3.55 per dollar, worst level on record at time",Moderate,credit_event,2016-12-H1-r2,2016-12-07,confirmed,3393
"US 10-year Treasury yield hits 2.60%, highest since September 2014",2016-12-15,"TLT bond ETF down 1.2%, financials outperform",Moderate,monetary_policy,2016-12-H1-r2,2016-12-15,confirmed,3394
India's industrial output contracts 1.9% as demonetization disrupts economy,2016-12-12,"Sensex down 1.4%, rupee weakens 0.5%",Low,fiscal_policy,2016-12-H1-r2,2016-12-12,confirmed,3395
"Russia and Turkey broker Syria ceasefire deal, bypassing Western powers",2016-12-29,"Oil down 1%, markets largely unmoved",Low,geopolitical_diplomatic,2016-12-H1-r2,2016-12-13,date_corrected,3396
Cobalt prices surge to two-year high on rising electric vehicle battery demand,2016-12-05,"Cobalt spot price up 15% on the month, Glencore shares up 2%",Low,supply_disruption,2016-12-H1-r2,2016-12-05,unverified,3397
Brazil's Odebrecht pleads guilty in record $3.5B global corruption settlement,2016-12-21,"Brazilian real weakens 1.2%, Bovespa down 0.8%",Moderate,regulatory,2016-12-H1-r2,2016-12-21,confirmed,3398
OPEC and non-OPEC producers finalize historic 1.8 million bpd output cut deal,2016-12-10,"WTI rose above $54, highest since July 2015",High,energy_opec,2016-12-H2-r2,2016-12-10,confirmed,3399
China's yuan falls to eight-year low against dollar amid capital outflow fears,2016-12-20,"CNY hits 6.95 per dollar, PBOC sets weakest fixing since 2008",Moderate,monetary_policy,2016-12-H2-r2,2016-12-20,confirmed,3400
Nike reports fiscal Q2 earnings miss as North America futures orders disappoint,2016-12-20,"NKE down 2.7% after-hours, futures orders down 4%",Low,mega_cap_earnings,2016-12-H2-r2,2016-12-20,confirmed,3401
"US Treasury designates North Korea over Sony hack, imposes new sanctions",2015-01-02,"Markets largely unmoved, SPX flat",Low,geopolitical_diplomatic,2016-12-H2-r2,2016-12-26,date_corrected,3402
"UK government loses High Court appeal, parliament must vote on Article 50",2017-01-24,"GBP up 1.2% to $1.272, FTSE 100 down 0.8%",Moderate,election_political,2016-12-H2-r2,2016-12-05,date_corrected,3403
Natural gas futures spike 20% on record cold weather blast across eastern US,2016-12-16,"Henry Hub natural gas futures up 20% intraday, hit $3.90 per MMBtu",Moderate,energy_opec,2016-12-H2-r2,2016-12-16,unverified,3404
Toshiba warns of multi-billion dollar writedown on US nuclear unit Westinghouse,2016-12-27,"Toshiba shares down 20%, halted multiple times on Tokyo exchange",High,mega_cap_corporate,2016-12-H2-r2,2016-12-27,confirmed,3405
"Goldman Sachs Q4 2016 earnings beat estimates, trading revenue surges 78%",2017-01-18,"GS up 0.5%, SPX financials sector up 0.3%",Moderate,mega_cap_earnings,2017-01-H2-r2,2017-01-18,confirmed,3406
Morgan Stanley Q4 2016 earnings top forecasts on fixed income trading surge,2017-01-18,MS up 1.2% on the day,Low,mega_cap_earnings,2017-01-H2-r2,2017-01-18,confirmed,3407
"China Q4 2016 GDP grows 6.8%, full-year 2016 hits government target of 6.7%",2017-01-20,"Shanghai Composite up 0.4%, copper steady",Low,fiscal_policy,2017-01-H2-r2,2017-01-20,confirmed,3408
"General Electric Q4 2016 earnings miss estimates, industrial margin disappoints",2017-01-20,"GE down 2.8%, worst single-day drop in months",Moderate,mega_cap_earnings,2017-01-H2-r2,2017-01-20,confirmed,3409
Trump signs executive order directing agencies to ease Affordable Care Act burdens,2017-01-20,Hospital stocks HCA and THC each fell 3-5%,Moderate,regulatory,2017-01-H2-r2,2017-01-20,confirmed,3410
"Halliburton Q4 2016 earnings beat on cost cuts, North America revenue rises",2017-01-23,"HAL up 2.1%, oilfield services sector outperforms",Low,mega_cap_earnings,2017-01-H2-r2,2017-01-23,confirmed,3411
Trump signs executive order reinstating Mexico City policy banning overseas abortion funding,2017-01-23,Global health-related NGO stocks saw minimal reaction,Low,regulatory,2017-01-H2-r2,2017-01-23,confirmed,3412
"Johnson and Johnson Q4 2016 earnings beat, raises 2017 guidance above consensus",2017-01-24,"JNJ up 1.5%, healthcare sector outperforms SPX on the day",Low,mega_cap_earnings,2017-01-H2-r2,2017-01-24,confirmed,3413
"Hewlett Packard Enterprise reports Q1 earnings, beats estimates on cost cuts",2017-02-22,HPE up 6% after hours,Low,mega_cap_earnings,2017-02-H2-r2,2017-02-22,confirmed,3414
Macy's announces closure of 68 stores and 10000 job cuts to restructure,2017-01-04,M up 4% on cost-cut optimism,Low,mega_cap_corporate,2017-02-H2-r2,2017-02-21,date_corrected,3415
South Africa rand weakens sharply as President Zuma resists cabinet reshuffle pressure,2017-02-23,ZAR down 2.5% versus dollar,Moderate,election_political,2017-02-H2-r2,2017-02-23,unverified,3416
"India wholesale price inflation surges to 5.25%, highest in nearly three years",2017-02-14,"Sensex down 0.8%, INR weakened slightly",Low,monetary_policy,2017-02-H2-r2,2017-02-16,date_corrected,3417
Peugeot agrees to acquire GM's Opel and Vauxhall units for 2.2 billion euros,2017-03-06,"PSA up 4%, GM up 3% on asset sale relief",Moderate,mega_cap_corporate,2017-02-H2-r2,2017-02-24,date_corrected,3418
China iron ore futures hit two-year high above 700 yuan per tonne on infrastructure demand,2017-02-21,"Iron ore futures up 4%, Rio Tinto up 2%",Low,supply_disruption,2017-02-H2-r2,2017-02-21,unverified,3419
Broadcom raises hostile takeover bid for Qualcomm to $82 per share,2018-02-05,"QCOM up 2.5%, AVGO down 1.2%",Moderate,mega_cap_corporate,2017-12-H1-r2,2017-12-04,date_corrected,3520
India's industrial output growth slows sharply to 2.2% in October,2017-12-12,"Sensex down 0.6%, Indian rupee weakened slightly",Low,fiscal_policy,2017-12-H1-r2,2017-12-12,unverified,3521
UK and EU reach Brexit divorce settlement on citizens' rights and Irish border,2017-12-08,"GBP up 1.1%, FTSE 100 up 0.5%",Moderate,geopolitical_diplomatic,2017-12-H1-r2,2017-12-08,confirmed,3522
"Teva Pharmaceutical announces 14,000 job cuts and dividend suspension amid debt crisis",2017-12-14,TEVA up 8% on restructuring news after prior 50% YTD decline,Moderate,mega_cap_corporate,2017-12-H1-r2,2017-12-14,unverified,3523
Sears Holdings warns of substantial doubt about ability to continue as going concern,2017-03-21,"SHLD down 11%, bonds hit distressed levels",Moderate,credit_event,2017-10-H2-r2,2017-10-16,date_corrected,3524
"Weinstein Company faces collapse as Harvey Weinstein scandal widens, banks freeze credit",2017-10-17,"Lions Gate (LGF) down 2%, broader media stocks pressured",Low,mega_cap_corporate,2017-10-H2-r2,2017-10-17,unverified,3525
"China 19th Party Congress opens, Xi Jinping consolidates power and enshrines ideology",2017-10-18,"Shanghai Composite up 0.3%, yuan stable at 6.62",Low,election_political,2017-10-H2-r2,2017-10-18,confirmed,3526
Procter and Gamble Q1 earnings beat estimates on organic sales growth of 2%,2017-10-20,"PG up 3.5%, consumer staples sector outperformed",Moderate,mega_cap_earnings,2017-10-H2-r2,2017-10-20,confirmed,3527
"General Electric cuts dividend for first time since Great Depression, slashes outlook",2017-11-13,"GE down 6.3%, Dow lagged SPX by 0.8%",High,mega_cap_corporate,2017-10-H2-r2,2017-10-20,date_corrected,3528
"Zimbabwean military seizes power, armored vehicles surround state broadcaster in Harare",2017-11-15,"Zimbabwe dollar parallel rate collapsed, regional EM currencies flat",Low,geopolitical_military,2017-10-H2-r2,2017-10-30,date_corrected,3529
AT&T Time Warner merger faces DOJ antitrust lawsuit to block $85 billion deal,2017-11-20,"T down 1.5%, TWX down 3.4%, media stocks broadly lower",Moderate,regulatory,2017-10-H2-r2,2017-10-23,date_corrected,3530
Copper hits three-year high above $3.20 per pound on strong Chinese demand data,2017-10-26,"Copper futures up 1.8%, Freeport-McMoRan up 3.2%",Low,supply_disruption,2017-10-H2-r2,2017-10-26,unverified,3531
GE cuts dividend by 50% for first time since 2009 financial crisis,2017-11-13,"GE down 7%, worst day in years, Dow dragged lower",High,mega_cap_corporate,2017-11-H1-r2,2017-11-13,confirmed,3532
Snap reports Q3 earnings with daily active user growth missing estimates badly,2017-11-07,"SNAP down 14% after-hours, closed down 12% next day",High,mega_cap_earnings,2017-11-H1-r2,2017-11-07,confirmed,3533
"Zimbabwe military seizes state broadcaster, Mugabe placed under house arrest",2017-11-15,"Zimbabwe dollar illiquid, rand up 0.5% on regional stability hopes",Low,geopolitical_military,2017-11-H1-r2,2017-11-15,confirmed,3534
Argentina sells 100-year bond as investors chase emerging market yield,2017-06-19,"Argentine peso stable, EM sovereign spreads at multi-year tights",Low,fiscal_policy,2017-11-H1-r2,2017-11-01,date_corrected,3535
"Teva Pharmaceutical slashes dividend and announces 14,000 job cuts amid debt crisis",2017-11-02,"TEVA down 18%, worst single-day drop in company history",High,mega_cap_corporate,2017-11-H1-r2,2017-11-02,confirmed,3536
"ECB's Draghi reaffirms gradual QE taper path, signals no rush to raise rates",2017-11-14,"EUR/USD down 0.3%, Bund yields little changed",Low,monetary_policy,2017-11-H1-r2,2017-11-14,unverified,3537
Uber loses EU court ruling classifying it as transport company not tech platform,2017-12-20,"Private valuation pressure cited, European ride-hailing peers fell",Low,regulatory,2017-11-H1-r2,2017-11-20,date_corrected,3538
Copper hits three-year high above $3.15 per pound on China demand optimism,2017-11-06,"HG copper up 1.8% to $3.15, mining stocks rallied 1-2%",Moderate,supply_disruption,2017-11-H1-r2,2017-11-06,unverified,3539
Tata Motors Jaguar Land Rover reports record December global sales up 22%,2018-01-11,TTM ADR up 3.1% on strong luxury vehicle demand data,Low,mega_cap_corporate,2018-01-H1-r2,2018-01-11,unverified,3560
Turkey central bank holds rates steady despite lira near record lows,2018-01-18,"TRY weakened 0.8%, Turkish equities down 1.2%",Low,monetary_policy,2018-01-H1-r2,2018-01-18,unverified,3561
Goldman Sachs Q4 earnings miss estimates as fixed income trading revenue slumps,2018-01-17,"GS down 2.6%, worst performer in DJIA on the day",Moderate,mega_cap_earnings,2018-01-H1-r2,2018-01-17,confirmed,3562
Tencent reports record 2017 profit but shares fall on slowing growth outlook,2018-03-21,"Tencent HK down 5%, Hang Seng tech stocks sold off",Moderate,mega_cap_earnings,2018-03-H2-r2,2018-03-21,confirmed,3563
US Treasury designates North Korea shipping companies in new sanctions round,2018-03-22,"SPX barely moved, WTI flat",Low,geopolitical_diplomatic,2018-03-H2-r2,2018-03-22,unverified,3564
Argentine peso hits record low as central bank raises rates to 40%,2018-05-04,"ARS down 7% on the week, MSCI EM index down 0.8%",Moderate,monetary_policy,2018-03-H2-r2,2018-03-27,date_corrected,3565
Conagra Brands agrees to acquire Pinnacle Foods for $10.9 billion,2018-06-27,"PF shares up 19%, CAG down 3%",Moderate,mega_cap_corporate,2018-03-H2-r2,2018-03-27,date_corrected,3566
Germany's SPD members vote to approve grand coalition with Merkel's CDU,2018-03-04,"EUR/USD up 0.3%, DAX up 0.5%",Low,election_political,2018-03-H2-r2,2018-03-04,confirmed,3567
Lowe's replaces CEO Robert Niblock with outsider as activist pressure mounts,2018-05-21,LOW shares up 10% on leadership change news,Moderate,mega_cap_corporate,2018-03-H2-r2,2018-03-22,date_corrected,3568
"China's yuan strengthens past 6.27 per dollar, multi-year high amid trade tensions",2018-03-26,"CNY hit 6.2685, strongest since August 2015",Low,geopolitical_diplomatic,2018-03-H2-r2,2018-03-26,unverified,3569
Toys R Us begins liquidating all US stores after failing to find buyer,2018-03-22,"Hasbro down 3%, Mattel down 2.5% on wholesale channel loss",Low,credit_event,2018-03-H2-r2,2018-03-22,confirmed,3570
Wells Fargo fined $1B by regulators over auto insurance and mortgage abuses,2018-04-20,WFC down 3.4% on the day,Moderate,regulatory,2018-04-H1-r2,2018-04-20,confirmed,3571
US Treasury imposes sweeping sanctions on Russian oligarchs and state firms,2018-04-06,"Rusal aluminum up 30%, RUB fell 4%, Russian stocks down 11%",High,geopolitical_diplomatic,2018-04-H1-r2,2018-04-06,confirmed,3572
Aluminum prices spike as Rusal sanctions threaten global supply chain,2018-04-09,"LME aluminum up 13% in two days, hit 7-year high",High,supply_disruption,2018-04-H1-r2,2018-04-09,confirmed,3573
Bank of Canada holds rates steady citing NAFTA uncertainty and trade risks,2018-04-18,"CAD weakened 0.4%, TSX down 0.3%",Low,monetary_policy,2018-04-H1-r2,2018-04-18,confirmed,3574
"Netflix Q1 subscriber growth smashes estimates, adds 7.4M new members",2018-04-16,"NFLX up 9% after hours, hit new all-time high above $330",Moderate,mega_cap_earnings,2018-04-H1-r2,2018-04-16,confirmed,3575
"India's Infosys Q4 results miss revenue forecasts, issues cautious guidance",2018-04-13,INFY ADR down 5.5% in New York trading,Low,mega_cap_earnings,2018-04-H1-r2,2018-04-13,unverified,3576
Argentina central bank raises rates to 27.25% to defend peso from selloff,2018-04-27,"ARS fell 6% on the week, Merval index down 4%",Moderate,monetary_policy,2018-04-H1-r2,2018-04-27,unverified,3577
Goldman Sachs Q1 earnings beat with EPS of $6.95 on strong trading revenue,2018-04-17,"GS up 1.8%, financials sector outperformed",Low,mega_cap_earnings,2018-04-H1-r2,2018-04-17,confirmed,3578
"Toys R Us announces liquidation of all US stores, 33,000 jobs lost",2018-03-22,"Hasbro down 3%, Mattel down 4%, mall REIT ETF down 1.5%",Moderate,mega_cap_corporate,2018-02-H2-r2,2018-02-23,date_corrected,3579
"Didi Chuxing raises $5.5 billion in funding round, valued at $50 billion",2017-06-27,"Uber private valuation pressure noted, SoftBank up 0.3%",Low,mega_cap_corporate,2017-06-H2-r2,2017-06-27,unverified,3480
China central bank injects liquidity as money market rates spike quarter-end,2017-06-29,"Shanghai Composite down 0.8%, overnight repo rate spiked to 6%",Moderate,monetary_policy,2017-06-H2-r2,2017-06-29,confirmed,3481
ECB's Draghi speech at Sintra signals confidence in eurozone recovery,2017-06-27,"EUR/USD surged 1.4% to 1.1340, Bund yields rose 10bp",High,monetary_policy,2017-06-H2-r2,2017-06-27,confirmed,3482
"Bank of England's Haldane joins hawks, signals possible UK rate rise",2017-06-21,"GBP/USD up 0.8%, FTSE 100 fell 0.6%",Moderate,monetary_policy,2017-06-H2-r2,2017-06-21,confirmed,3483
Oil slides below $44 as US rig count rises for 24th straight week,2017-07-21,"WTI fell to $43.57, Baker Hughes rig count up 2 to 766",Moderate,energy_opec,2017-07-H2-r2,2017-07-21,unverified,3484
Microsoft Q4 earnings beat on Azure cloud revenue surge of 97%,2017-07-20,"MSFT up 4% after-hours, cloud business accelerating",Moderate,mega_cap_earnings,2017-07-H2-r2,2017-07-20,confirmed,3485
"Intel Q2 earnings beat estimates, raises full-year revenue guidance",2017-07-27,INTC up 3.5% after-hours on strong data center demand,Low,mega_cap_earnings,2017-07-H2-r2,2017-07-27,confirmed,3486
Verizon Q2 earnings miss as wireless subscribers decline for first time,2017-07-25,"VZ down 3.2%, telecom sector fell 1.5%",Moderate,mega_cap_earnings,2017-07-H2-r2,2017-07-25,confirmed,3487
"China Q2 GDP growth holds steady at 6.9%, beating official 6.5% target",2017-07-17,"Shanghai Composite up 0.5%, AUD strengthened on commodity demand outlook",Low,fiscal_policy,2017-07-H2-r2,2017-07-17,confirmed,3488
Brazil's Temer charged with corruption by Attorney General in Brasilia,2017-06-26,"BRL fell 1.8%, Bovespa down 2.4%",Moderate,election_political,2017-07-H2-r2,2017-07-26,date_corrected,3489
"Freeport-McMoRan Indonesia copper export ban extended, Grasberg mine halted",2017-07-18,"Copper futures up 1.2%, FCX down 2.1%",Low,supply_disruption,2017-07-H2-r2,2017-07-18,unverified,3490
Whole Foods shareholders approve Amazon acquisition at $42 per share,2017-08-23,"WFM up 0.4%, grocery sector stocks fell 1-2%",Low,mega_cap_corporate,2017-07-H2-r2,2017-08-23,confirmed,3491
"Cisco reports Q4 revenue decline, cuts 1,100 jobs amid restructuring",2017-08-16,CSCO down 3.5% after-hours,Moderate,mega_cap_earnings,2017-08-H1-r2,2017-08-16,confirmed,3492
Venezuela government seizes General Motors plant in Carabobo state,2017-04-20,"GM down 0.4%, Venezuelan bolivar hits new low",Low,regulatory,2017-08-H1-r2,2017-08-01,date_corrected,3493
India central bank RBI cuts benchmark repo rate 25bp to 6%,2017-08-02,"Sensex up 0.6%, Indian rupee strengthened slightly",Low,monetary_policy,2017-08-H1-r2,2017-08-02,confirmed,3494
Softbank-backed Flipkart raises $2.5B in largest India e-commerce funding round,2017-08-10,"Amazon AMZN down 0.3%, EM tech sentiment boosted",Low,mega_cap_corporate,2017-08-H1-r2,2017-08-10,unverified,3495
US Treasury imposes new sanctions on Venezuelan officials over constituent assembly,2017-08-09,"Venezuelan sovereign bonds fell 2-3 pts, oil flat",Moderate,geopolitical_diplomatic,2017-08-H1-r2,2017-08-09,confirmed,3496
Iron ore prices drop below $70 per tonne on China steel output concerns,2017-08-08,"Iron ore futures down 5%, BHP down 2%, RIO down 1.8%",Moderate,supply_disruption,2017-08-H1-r2,2017-08-08,unverified,3497
Tencent reports record Q2 profit up 70% driven by mobile gaming and WeChat,2017-08-16,"Tencent HK up 3.2%, Naspers up 2.5%",Moderate,mega_cap_earnings,2017-08-H1-r2,2017-08-16,confirmed,3498
ECB minutes show policymakers concerned about euro strength dampening inflation,2017-08-03,"EUR/USD fell 0.4% to 1.1815, European equities up 0.5%",Low,monetary_policy,2017-08-H1-r2,2017-08-03,confirmed,3499
"Tiffany reports Q2 earnings beat, raises full-year guidance on strong Asia sales",2017-08-24,TIF up 4.5%,Low,mega_cap_earnings,2017-08-H2-r2,2017-08-24,confirmed,3500
Dollar index hits 15-month low as political uncertainty weighs on USD,2017-08-18,"DXY falls below 93, lowest since May 2016",Moderate,monetary_policy,2017-08-H2-r2,2017-08-18,confirmed,3501
"Barcelona terror attack kills 13 on Las Ramblas, second attack foiled in Cambrils",2017-08-17,"European equities down 0.3%, euro flat, gold up 0.4%",Low,geopolitical_military,2017-08-H2-r2,2017-08-17,confirmed,3502
Venezuela defaults risk rises as Maduro announces debt restructuring plan,2017-11-02,"Venezuelan sovereign bonds drop 3-5 points, PDVSA bonds fall sharply",Moderate,credit_event,2017-08-H2-r2,2017-08-21,date_corrected,3503
"China's July industrial output and retail sales miss forecasts, slowdown fears rise",2017-08-14,"Shanghai Composite down 0.6%, iron ore futures down 2%",Low,fiscal_policy,2017-08-H2-r2,2017-08-16,date_corrected,3504
"US imposes new sanctions on Venezuela, banning new debt and equity transactions",2017-08-25,"Venezuelan bonds fall 5%, oil steady as sanctions exempt crude",Moderate,geopolitical_diplomatic,2017-08-H2-r2,2017-08-25,confirmed,3505
Gold surges above $1300 per ounce for first time since November 2016,2017-08-17,"Gold hits $1306, up 1.2% on geopolitical and USD weakness",Moderate,geopolitical_military,2017-08-H2-r2,2017-08-17,confirmed,3506
"India's Reliance Industries launches Jio fiber broadband, disrupting telecom sector",2017-08-25,"Indian telecom stocks fall 3-5%, Bharti Airtel down 4%",Low,regulatory,2017-08-H2-r2,2017-08-25,unverified,3507
Tiffany reports Q3 earnings miss as Americas sales disappoint,2017-11-28,TIF down 4.5% on the day,Low,mega_cap_earnings,2017-11-H2-r2,2017-11-28,confirmed,3508
"UK GDP growth revised down to 0.4% in Q3, pound slides",2017-11-23,"GBP down 0.5%, FTSE up 0.3%",Low,fiscal_policy,2017-11-H2-r2,2017-11-23,confirmed,3509
Argentina sells 100-year bond as investors chase emerging market yield,2017-06-19,"Argentine peso stable, EM bond spreads tight",Low,credit_event,2017-11-H2-r2,2017-11-16,date_corrected,3510
Germany coalition talks collapse as FDP walks out of negotiations,2017-11-20,"EUR down 0.6%, DAX down 0.4%",Moderate,election_political,2017-11-H2-r2,2017-11-20,confirmed,3511
Net neutrality repeal formally proposed by FCC chairman Ajit Pai,2017-11-21,"ISP stocks Comcast and AT&T up 1-2%, Netflix down 1%",Low,regulatory,2017-11-H2-r2,2017-11-21,confirmed,3512
Moody's downgrades China sovereign credit outlook to stable from positive,2017-05-24,"CSI 300 down 0.8%, yuan steady",Low,credit_event,2017-11-H2-r2,2017-11-17,date_corrected,3513
US existing home sales rise to highest level in over a decade in October,2017-11-21,Homebuilder ETF XHB up 1.2%,Low,fiscal_policy,2017-11-H2-r2,2017-11-21,confirmed,3514
"Iran and Iraq dispute control of Kirkuk oil fields, output at risk",2017-10-16,"WTI up 0.8%, Brent above $62",Low,energy_opec,2017-11-H2-r2,2017-11-16,date_corrected,3515
Moody's downgrades China's sovereign credit rating outlook to stable from positive,2017-05-24,"Yuan weakened slightly, Chinese equities flat",Low,credit_event,2017-12-H1-r2,2017-12-11,date_corrected,3516
Net neutrality rules repealed by FCC in 3-2 party-line vote,2017-12-14,"Telecom stocks AT&T and Comcast up 1-2%, Netflix down 1.5%",Moderate,regulatory,2017-12-H1-r2,2017-12-14,confirmed,3517
Aviva acquires Friends First insurance business in Ireland for €130 million,2017-12-04,"Aviva shares up 0.3%, contained sector reaction",Low,mega_cap_corporate,2017-12-H1-r2,2017-12-04,unverified,3518
EU antitrust regulators open formal probe into Amazon e-book contracts,2017-06-16,"AMZN down 0.4%, European tech broadly flat",Low,regulatory,2017-12-H1-r2,2017-12-06,date_corrected,3519
BlackRock Q3 earnings beat as AUM surpasses $5.97 trillion record,2017-10-12,BLK up 2.1% on the day,Low,mega_cap_earnings,2017-10-H1-r2,2017-10-12,confirmed,3540
"Bank of America Q3 profit rises 13%, EPS of $0.48 beats estimates",2017-10-13,"BAC up 1.8%, KBW bank index up 0.9%",Low,mega_cap_earnings,2017-10-H1-r2,2017-10-13,confirmed,3541
China foreign exchange reserves rise for eighth straight month to $3.11 trillion,2017-10-09,"CNY strengthened slightly, minimal equity reaction",Low,monetary_policy,2017-10-H1-r2,2017-10-09,confirmed,3542
"IMF raises 2017 global growth forecast to 3.6%, strongest since 2011",2017-10-10,"MSCI World up 0.4%, EM equities outperformed",Low,fiscal_policy,2017-10-H1-r2,2017-10-10,confirmed,3543
"Turkey detains second US consulate employee, US suspends visa services",2017-10-08,Turkish lira falls 2.5% to record low vs dollar,Moderate,geopolitical_diplomatic,2017-10-H1-r2,2017-10-08,confirmed,3544
ECB sources signal €30-40B monthly QE taper starting January 2018,2017-10-26,"EUR up 0.6%, German bund yields rise 5bp",Moderate,monetary_policy,2017-10-H1-r2,2017-10-05,date_corrected,3545
Albertsons scraps IPO plans citing unfavorable market conditions for grocery sector,2017-10-11,KR up 1.2% on reduced competition fears,Low,mega_cap_corporate,2017-10-H1-r2,2017-10-11,confirmed,3546
"Whole Foods completes Amazon acquisition, price cuts take effect immediately",2017-08-28,"Grocery sector ETF down 1.5%, AMZN up 0.8%",Moderate,mega_cap_corporate,2017-10-H1-r2,2017-10-02,date_corrected,3547
Alibaba acquires full ownership of Ele.me food delivery platform for $9.5B,2018-04-02,BABA up 1.2% on deal announcement,Low,mega_cap_corporate,2017-12-H2-r2,2017-12-19,date_corrected,3548
US Treasury designates North Korea shipping companies under new sanctions,2017-12-26,"Won and regional currencies barely moved, SPX flat",Low,geopolitical_diplomatic,2017-12-H2-r2,2017-12-26,unverified,3549
Steinhoff International shares collapse 80% as accounting scandal deepens,2017-12-06,"Steinhoff JSE shares down additional 30%, total 80% loss in two weeks",High,credit_event,2017-12-H2-r2,2017-12-19,date_corrected,3550
Natural gas futures spike 20% on record US cold snap and heating demand surge,2017-12-27,Henry Hub natural gas futures up 20% in three days to $3.70/MMBtu,Moderate,supply_disruption,2017-12-H2-r2,2017-12-27,confirmed,3551
China orders shutdown of thousands of Bitcoin mining operations amid crackdown,2017-12-18,"Bitcoin fell additional 15% to below $14,000 on the week",Moderate,regulatory,2017-12-H2-r2,2017-12-18,unverified,3552
Carillion profit warning triggers shares to crash 70% as debt crisis emerges,2017-07-10,"Carillion LON down 70% intraday, UK construction sector sold off 2%",Moderate,credit_event,2017-12-H2-r2,2017-12-18,date_corrected,3553
AT&T and Time Warner antitrust trial set for March 2018 by federal judge,2017-12-21,"T down 0.5%, TWX flat as timeline confirmed",Low,regulatory,2017-12-H2-r2,2017-12-21,confirmed,3554
Citigroup Q4 earnings beat estimates despite $22B tax reform charge,2018-01-16,"C up 1.5%, financials sector outperformed",Moderate,mega_cap_earnings,2018-01-H1-r2,2018-01-16,confirmed,3555
"Bank of America Q4 profit rises 208% year-on-year, beats on revenue",2018-01-17,"BAC up 2.3%, KBW Bank Index hit multi-year high",Moderate,mega_cap_earnings,2018-01-H1-r2,2018-01-17,confirmed,3556
US Senate passes short-term spending bill to avert government shutdown,2018-01-22,"SPX up 0.2%, shutdown risk premium unwound",Low,fiscal_policy,2018-01-H1-r2,2018-01-22,confirmed,3557
"Ethereum surges past $1,400 as crypto market cap hits $800B record",2018-01-10,"ETH up 20% on the week, total crypto market cap above $800B",Moderate,credit_event,2018-01-H1-r2,2018-01-10,confirmed,3558
India raises import duty on mobile phones to 20% targeting Chinese manufacturers,2018-02-01,"Xiaomi and Oppo unlisted; BSE Sensex flat, INR steady",Low,trade_policy,2018-01-H1-r2,2018-01-02,date_corrected,3559
"Twitter Q2 monthly active users fall for first time, shares crash 20%",2018-07-27,"TWTR down 20.5%, worst single-day drop since IPO",High,mega_cap_earnings,2018-07-H2-r2,2018-07-27,confirmed,3620
"China yuan weakens past 6.80 per dollar, hitting one-year low on trade war fears",2018-07-20,"CNY at 6.81, Shanghai Composite down 0.7%",Moderate,trade_policy,2018-07-H2-r2,2018-07-20,confirmed,3621
EU fines Google record 4.34 billion euros over Android antitrust abuse,2018-07-18,"GOOGL down 0.6%, fine largely priced in",Low,regulatory,2018-07-H2-r2,2018-07-18,confirmed,3622
"Harley-Davidson reports Q2 earnings miss, cuts full-year shipment guidance on tariffs",2018-07-24,"HOG down 6.4%, cited EU retaliatory tariffs",Moderate,mega_cap_earnings,2018-07-H2-r2,2018-07-24,confirmed,3623
Rusal aluminium shares suspended in Hong Kong amid US sanctions uncertainty,2018-07-23,"Aluminium futures up 1.2%, Rusal shares halted",Low,regulatory,2018-07-H2-r2,2018-07-23,unverified,3624
Whirlpool shares plunge 15% as steel and aluminium tariffs crush margins,2018-07-24,"WHR down 15.4%, worst day in a decade",Moderate,trade_policy,2018-07-H2-r2,2018-07-24,confirmed,3625
Daimler issues profit warning citing US-China trade war tariff risks,2018-06-22,"DAI down 3.9%, German auto sector fell 2%",Moderate,mega_cap_corporate,2018-06-H2-r2,2018-06-22,confirmed,3626
Turkey central bank raises benchmark rate to 17.75% to defend lira,2018-06-07,"TRY rallied 2.5% intraday, BIST-100 up 1.8%",Moderate,monetary_policy,2018-06-H2-r2,2018-06-07,confirmed,3627
US imposes sanctions on five Chinese individuals and entities over Iran,2018-06-22,"SPX flat, minimal direct market reaction",Low,geopolitical_diplomatic,2018-06-H2-r2,2018-06-22,unverified,3628
Steinhoff International auditors resign as accounting scandal deepens,2018-06-19,"SNHJ down 8% in Johannesburg, bonds hit record lows",Moderate,credit_event,2018-06-H2-r2,2018-06-19,unverified,3629
Brazil truckers strike ends but fuel subsidy costs strain Petrobras finances,2018-06-19,"BRL weakened 1.2%, Bovespa down 1.5%",Moderate,fiscal_policy,2018-06-H2-r2,2018-06-19,unverified,3630
India rupee hits record low above 68 per dollar on oil import pressures,2018-06-28,"INR hit 68.42, Sensex down 0.8%",Low,credit_event,2018-06-H2-r2,2018-06-28,confirmed,3631
Walgreens Boots Alliance to acquire AmerisourceBergen in reported deal talks,2018-06-19,"ABC up 3.2%, WBA up 1.1%",Low,mega_cap_corporate,2018-06-H2-r2,2018-06-19,unverified,3632
South African rand drops 2% as emerging market currency selloff accelerates,2018-06-21,"ZAR hit 13.85 per dollar, JSE All-Share down 1.3%",Moderate,credit_event,2018-06-H2-r2,2018-06-21,confirmed,3633
Tencent reports first quarterly profit decline in over a decade,2018-08-15,"Tencent HK down 3.5%, Naspers down 4.2%",High,mega_cap_earnings,2018-08-H1-r2,2018-08-15,confirmed,3634
US imposes new sanctions on Russia over Salisbury nerve agent attack,2018-08-08,"Ruble down 2.5%, RTS index down 2.8%",Moderate,geopolitical_diplomatic,2018-08-H1-r2,2018-08-08,confirmed,3635
South African rand hits two-year low as EM contagion spreads from Turkey,2018-08-13,"ZAR down 3.1%, South Africa ETF EZA down 4%",Moderate,credit_event,2018-08-H1-r2,2018-08-13,confirmed,3636
Qualcomm abandons $44B NXP Semiconductors acquisition after China blocks deal,2018-07-26,"QCOM down 3%, NXPI down 7% at open",Moderate,regulatory,2018-08-H1-r2,2018-07-26,confirmed,3637
Indonesian rupiah falls to 20-year low as EM selloff deepens,2018-08-14,"IDR weakest since 1998 crisis, Jakarta Composite down 1.8%",Moderate,credit_event,2018-08-H1-r2,2018-08-14,confirmed,3638
US steel and aluminum tariffs on Turkey doubled by Trump executive order,2018-08-10,"Turkish lira down 16% on the day, EM currencies sold off broadly",High,trade_policy,2018-08-H1-r2,2018-08-10,confirmed,3639
"Bitcoin crashes below $6,000 amid South Korean and Chinese exchange crackdowns",2018-02-06,"BTC down 65% from December peak, crypto market cap halved",High,regulatory,2018-02-H2-r2,2018-02-06,confirmed,3580
Glencore agrees to acquire Chevron's South Africa and Botswana fuel assets,2018-02-21,"GLEN.L up 1.2%, deal valued at $900M",Low,mega_cap_corporate,2018-02-H2-r2,2018-02-21,confirmed,3581
China Evergrande secures $4B strategic investment from consortium of investors,2018-02-28,Evergrande shares up 5.8% in Hong Kong,Low,mega_cap_corporate,2018-02-H2-r2,2018-02-28,unverified,3582
MSCI warns it may exclude Pakistani stocks from emerging market index,2018-02-22,"KSE-100 index down 2.3%, Pakistani rupee weakens",Low,regulatory,2018-02-H2-r2,2018-02-22,unverified,3583
"Bombardier wins US trade ruling, Commerce Dept tariff on C Series jets overturned",2018-02-20,"BBD.B up 11%, Boeing down 0.8%",Moderate,trade_policy,2018-02-H2-r2,2018-02-20,confirmed,3584
UK Parliament votes to give government power to replicate EU trade deals post-Brexit,2018-02-20,"GBP/USD up 0.3%, FTSE 100 flat",Low,geopolitical_diplomatic,2018-02-H2-r2,2018-02-20,unverified,3585
Reckitt Benckiser warns on 2018 revenue after cyberattack and factory disruptions,2018-02-16,"RB.L down 6.5%, worst single-day drop in years",Moderate,mega_cap_earnings,2018-02-H2-r2,2018-02-16,confirmed,3586
"Toys R Us announces liquidation of all US stores, 33,000 jobs at risk",2018-03-15,"Hasbro down 4%, Mattel down 5% on supplier exposure fears",Moderate,mega_cap_corporate,2018-02-H1-r2,2018-02-09,date_corrected,3587
Italy's Monte dei Paschi di Siena reports full-year loss of 3.5 billion euros,2018-02-07,"BMPS.MI down 6%, Italian bank sector down 2%",Moderate,credit_event,2018-02-H1-r2,2018-02-07,unverified,3588
"Coinbase exchange suffers outages as Bitcoin drops below $6,000",2018-02-06,"Bitcoin down 26% on the week, Coinbase trading halted multiple times",Moderate,cyber_infrastructure,2018-02-H1-r2,2018-02-06,confirmed,3589
China markets reopen after Lunar New Year holiday to sharp selloff,2018-02-22,"Shanghai Composite down 2.7%, Hang Seng down 2.3% on global rout catch-up",Moderate,geopolitical_diplomatic,2018-02-H1-r2,2018-02-09,date_corrected,3590
Softbank Vision Fund takes $2.5B stake in Uber ahead of planned IPO,2018-01-18,"Uber valued at $48B post-deal, SoftBank 9984.T up 1.2%",Low,mega_cap_corporate,2018-02-H1-r2,2018-02-01,date_corrected,3591
"Kraft Heinz reports Q4 earnings miss, cuts dividend and takes $15B writedown",2019-02-21,"KHC down 3.5%, Berkshire Hathaway down 1% on stake exposure",Low,mega_cap_earnings,2018-02-H1-r2,2018-02-08,date_corrected,3592
US Treasury announces sharply higher debt issuance to fund widening deficit,2018-02-01,"10-year yield rose 5bp on auction supply concerns, SPX down 0.7%",Moderate,fiscal_policy,2018-02-H1-r2,2018-02-01,confirmed,3593
European Central Bank minutes warn of possible language shift on QE guidance,2018-02-08,"EUR/USD up 0.4%, Bund yields rose 4bp",Low,monetary_policy,2018-02-H1-r2,2018-02-08,confirmed,3594
"Toys R Us announces liquidation of all 735 US stores, 33,000 jobs lost",2018-03-15,"Retail sector ETF XRT down 1.2%, mall REITs fell 1-2%",Moderate,credit_event,2018-03-H1-r2,2018-03-15,confirmed,3595
Broadcom withdraws $117B Qualcomm takeover bid after Trump blocks deal on security grounds,2018-03-12,"QCOM down 4%, AVGO down 2% on deal termination",Moderate,regulatory,2018-03-H1-r2,2018-03-12,confirmed,3596
Saudi Aramco IPO shelved as Saudi Arabia considers private placement instead,2018-03-02,"Energy sector muted, Saudi Tadawul index down 0.8%",Low,mega_cap_corporate,2018-03-H1-r2,2018-03-02,unverified,3597
"China's NPC removes presidential term limits, paving way for Xi indefinite rule",2018-03-11,"Hang Seng down 1.1%, yuan steady, Chinese tech ADRs fell 1-2%",Moderate,election_political,2018-03-H1-r2,2018-03-11,confirmed,3598
Argentina central bank raises benchmark rate to 27.25% to defend peso,2018-03-06,"ARS stabilized briefly, Argentine Merval index down 2.3%",Low,monetary_policy,2018-03-H1-r2,2018-03-06,unverified,3599
US imposes sanctions on 19 Russian individuals and 5 entities for election interference,2018-03-15,"Ruble down 0.6%, Russian Micex index fell 0.9%",Low,geopolitical_diplomatic,2018-03-H1-r2,2018-03-15,confirmed,3600
Steinhoff International auditors refuse to sign off on 2017 accounts amid fraud probe,2018-03-14,"Steinhoff shares fell another 9%, stock down over 90% from pre-scandal highs",Moderate,credit_event,2018-03-H1-r2,2018-03-14,confirmed,3601
DocuSign files for IPO targeting $629M raise on Nasdaq,2018-03-07,"Tech IPO pipeline boosted sentiment, Nasdaq up 0.4% on the day",Low,mega_cap_corporate,2018-03-H1-r2,2018-03-07,confirmed,3602
GE cuts dividend and announces major restructuring under new CEO Flannery,2017-11-13,"GE down 3%, Dow lagged SPX",Moderate,mega_cap_corporate,2018-05-H1-r2,2018-05-22,date_corrected,3603
Softbank Vision Fund leads $1.5B investment in GM Cruise autonomous unit,2018-05-31,"GM up 12.5%, largest single-day gain in years",High,mega_cap_corporate,2018-05-H1-r2,2018-05-31,confirmed,3604
ZTE ordered to halt major operations after US bans American component sales,2018-04-16,"ZTE HK shares halted, Qualcomm down 1.5%",Moderate,trade_policy,2018-05-H1-r2,2018-05-09,date_corrected,3605
Venezuela presidential election held amid international fraud allegations,2018-05-20,"Venezuelan bonds fell, oil markets unmoved",Low,election_political,2018-05-H1-r2,2018-05-20,confirmed,3606
"Brazil truckers strike paralyzes country, fuel shortages spread nationwide",2018-05-21,"BRL fell 2%, Bovespa down 3.5%",High,supply_disruption,2018-05-H1-r2,2018-05-21,confirmed,3607
"Macy's reports Q1 earnings beat, raises full-year guidance on strong consumer",2018-05-16,"M up 10%, retail sector ETF XRT up 1.5%",Moderate,mega_cap_earnings,2018-05-H1-r2,2018-05-09,date_corrected,3608
Royal Bank of Scotland agrees to $4.9B settlement with US DOJ over mortgage securities,2018-05-09,RBS up 3% as settlement clears major legal overhang,Low,regulatory,2018-05-H1-r2,2018-05-09,confirmed,3609
"Caterpillar Q1 earnings beat but CFO flags tax-related one-time boost, stock drops",2018-04-24,"CAT down 6.2%, Dow drops 425 points intraday",High,mega_cap_earnings,2018-04-H2-r2,2018-04-24,confirmed,3610
Hasbro Q1 earnings miss badly as Toys R Us bankruptcy crushes revenue,2018-04-23,"HAS down 14%, toy sector sold off broadly",Moderate,mega_cap_earnings,2018-04-H2-r2,2018-04-23,confirmed,3611
"Kimberly-Clark cuts 5,500 jobs and lowers guidance citing rising input costs",2018-04-23,"KMB down 7.5%, consumer staples sector weak",Moderate,mega_cap_corporate,2018-04-H2-r2,2018-04-23,confirmed,3612
US sanctions on Rusal cause aluminum prices to spike to seven-year highs,2018-04-09,"Aluminum up 11% on LME, Rusal shares suspended",High,trade_policy,2018-04-H2-r2,2018-04-17,date_corrected,3613
Twitter reports Q1 earnings with monthly active users declining for first time,2018-04-25,"TWTR down 1.5% despite revenue beat, MAU miss weighed",Low,mega_cap_earnings,2018-04-H2-r2,2018-04-25,confirmed,3614
Verizon Q1 earnings beat estimates as wireless subscriber additions accelerate,2018-04-24,"VZ up 0.8%, telecom sector outperformed flat market",Low,mega_cap_earnings,2018-04-H2-r2,2018-04-24,confirmed,3615
T-Mobile and Sprint announce $26B merger agreement to create third wireless giant,2018-04-29,"TMUS up 5%, S up 18%, sector rallied on consolidation",Moderate,mega_cap_corporate,2018-04-H2-r2,2018-04-29,confirmed,3616
Chinese government orders Weibo and other platforms to suspend audio and video services,2018-04-19,"WB down 5%, Chinese internet stocks fell 2-4%",Moderate,regulatory,2018-04-H2-r2,2018-04-19,confirmed,3617
Turkey lira hits record low as US imposes sanctions over detained pastor,2018-08-10,"TRY down 3.5%, hit 4.93 per dollar record low",Moderate,geopolitical_diplomatic,2018-07-H2-r2,2018-07-26,date_corrected,3618
Alphabet Q2 earnings beat but traffic acquisition costs alarm investors,2018-07-23,GOOGL down 4.6% after-hours on margin concerns,Moderate,mega_cap_earnings,2018-07-H2-r2,2018-07-23,confirmed,3619
US imposes new sanctions on Iran targeting oil sector ahead of November deadline,2018-10-26,"WTI fell toward $67 as market expected waivers, down 2%",Low,geopolitical_diplomatic,2018-10-H2-r2,2018-10-26,unverified,3680
"Citigroup Q3 earnings beat estimates, trading revenue surges 8%",2018-10-12,"C up 1.8%, bank sector outperformed briefly before broader selloff",Low,mega_cap_earnings,2018-10-H1-r2,2018-10-12,confirmed,3681
Wells Fargo Q3 profit rises but net interest income disappoints,2018-10-12,WFC down 2.1% on margin concerns,Low,mega_cap_earnings,2018-10-H1-r2,2018-10-12,confirmed,3682
Indonesia rupiah hits 20-year low against dollar amid EM selloff,2018-10-10,"IDR breached 15,300 per USD, Jakarta Composite down 1.9%",Moderate,credit_event,2018-10-H1-r2,2018-10-10,confirmed,3683
Sears Holdings files for Chapter 11 bankruptcy protection,2018-10-15,"SHLD down 28%, retail sector ETF XRT down 0.8%",Moderate,credit_event,2018-10-H1-r2,2018-10-15,confirmed,3684
Natural gas futures spike 10% on early cold weather forecasts for US,2018-10-04,Henry Hub natural gas futures up 10% to highest since 2014,Moderate,supply_disruption,2018-10-H1-r2,2018-10-04,unverified,3685
"India central bank holds rates steady, rupee stabilizes briefly",2018-10-05,"INR gained 0.5%, Sensex up 0.7% on relief rally",Low,monetary_policy,2018-10-H1-r2,2018-10-05,confirmed,3686
"EU rejects Italy's 2019 draft budget, first such rejection in bloc history",2018-10-23,"Italian 10-year BTP yield rose 15bp, FTSE MIB down 1.2%",Moderate,fiscal_policy,2018-10-H1-r2,2018-10-23,confirmed,3687
Brazil presidential election first round sends Bolsonaro to runoff,2018-10-07,"BRL strengthened 3%, Bovespa up 4.2% on market-friendly candidate lead",Moderate,election_political,2018-10-H1-r2,2018-10-07,confirmed,3688
Goldman Sachs shares tumble as 1MDB Malaysia scandal widens,2018-11-12,"GS down 7% over the week, hit 2-year low",High,regulatory,2018-12-H1-r2,2018-12-03,date_corrected,3689
Argentina peso falls as IMF review delays rattle investors,2018-12-04,"ARS down 3%, Merval index down 5%",Moderate,credit_event,2018-12-H1-r2,2018-12-04,unverified,3690
Sears Holdings completes bankruptcy sale to ESL Investments for $5.2B,2019-02-07,"SHLDQ up 15% on news, broader retail sector flat",Low,credit_event,2018-12-H1-r2,2018-12-06,date_corrected,3691
"China November exports grow 5.4%, missing 10% forecast as trade war bites",2018-12-08,"Shanghai Composite down 1.6%, AUD down 0.5%",Moderate,trade_policy,2018-12-H1-r2,2018-12-08,confirmed,3692
Natural gas futures spike to seven-year high above $4.80 per MMBtu,2018-11-14,"Henry Hub nat gas up 17% on the week, utilities ETF XLU up 1.2%",Moderate,supply_disruption,2018-12-H1-r2,2018-12-05,date_corrected,3693
Italy and European Commission reach tentative budget deficit compromise,2018-12-19,"Italian 10-year yield fell 20bp, FTSE MIB up 2.1%",Moderate,fiscal_policy,2018-12-H1-r2,2018-12-11,date_corrected,3694
"Broadcom acquires CA Technologies integration hits snag, guidance cut",2018-12-12,"AVGO down 5%, semiconductor ETF SOXX down 1.8%",Moderate,mega_cap_corporate,2018-12-H1-r2,2018-12-12,unverified,3695
US Treasury sanctions three Russian individuals over Ukraine vessel seizure,2018-12-19,"RUB down 0.8%, RSX Russia ETF down 1.2%",Low,geopolitical_diplomatic,2018-12-H1-r2,2018-12-19,unverified,3696
"Sears Holdings files for Chapter 11 bankruptcy protection, closing 142 stores",2018-10-15,"SHLDQ down 40% on filing day, mall REITs fell 1-2%",Moderate,credit_event,2018-11-H2-r2,2018-10-15,confirmed,3697
PG&E shares plunge as California wildfire liability exposure mounts,2018-11-14,"PCG down 52% over two sessions, bonds downgraded toward junk",High,regulatory,2018-11-H2-r2,2018-11-14,confirmed,3698
Tencent reports first-ever quarterly profit decline on China gaming freeze,2018-11-14,"Tencent HK down 7%, Hang Seng tech index fell 3%",Moderate,mega_cap_earnings,2018-11-H2-r2,2018-11-14,confirmed,3699
Natural gas futures spike 40% in November on early cold snap and supply fears,2018-11-14,"Henry Hub natural gas futures hit $4.84, highest since 2014",Moderate,supply_disruption,2018-11-H2-r2,2018-11-14,confirmed,3700
Deutsche Bank offices raided by 170 German police in money laundering probe,2018-11-29,"DB shares down 3.6%, hit fresh multi-decade lows below €8",Moderate,regulatory,2018-11-H2-r2,2018-11-29,confirmed,3701
Emerging market currencies stabilize as dollar rally pauses in late November,2018-11-20,"DXY slips 0.5%, Turkish lira and Argentine peso recover 1-2%",Low,geopolitical_diplomatic,2018-11-H2-r2,2018-11-20,unverified,3702
Marriott discloses Starwood guest database breach exposing 500 million records,2018-11-30,"MAR down 5.6%, cybersecurity ETF HACK up 1%",Moderate,cyber_infrastructure,2018-11-H2-r2,2018-11-30,confirmed,3703
Natural gas futures spike above $9/MMBtu on cold weather supply fears,2018-11-14,"Henry Hub natural gas up 40% in two weeks, hit $4.84 intraday before pulling back — the $9/MMBtu figure is fabricated; the actual spike peaked near $4.84 in mid-November 2018",Moderate,energy_opec,2018-12-H2-r2,2018-12-26,fabricated,3704
Sears Holdings receives $4.4B buyout bid from chairman Eddie Lampert,2018-12-19,SHLDQ up 18% on bankruptcy court bid news,Low,mega_cap_corporate,2018-12-H2-r2,2018-12-19,confirmed,3705
"Japan's Nikkei 225 enters bear market, down 20% from January peak",2018-12-25,"Nikkei closed down 5% on Christmas Day, lowest since March 2017",High,geopolitical_diplomatic,2018-12-H2-r2,2018-12-25,confirmed,3706
Deutsche Bank offices raided by German police in money laundering probe,2018-11-29,"The Deutsche Bank raid occurred on November 29, 2018, not December 19; this appears to be a duplicate event with a wrong date",Moderate,regulatory,2018-12-H2-r2,2018-12-19,date_corrected,3707
Argentina peso stabilizes after IMF disburses $7.6B emergency tranche,2018-12-26,"ARS steady, Argentine sovereign bonds up 1.5 points",Low,credit_event,2018-12-H2-r2,2018-12-26,unverified,3708
US 10-year Treasury yield falls below 2.75% as recession fears grip bond market,2018-12-17,"10Y yield down 15bp on the week, 2s10s spread narrowed to 10bp",Moderate,monetary_policy,2018-12-H2-r2,2018-12-17,unverified,3709
Copper falls to 18-month low on global growth slowdown concerns,2018-12-19,"Copper futures down 2.1% to $2.58/lb, lowest since June 2017",Low,supply_disruption,2018-12-H2-r2,2018-12-19,unverified,3710
Pakistan secures $6B bailout from Saudi Arabia and UAE to avoid IMF program,2018-10-23,Saudi Arabia pledged $6B to Pakistan in October 2018; the December 24 date is incorrect,Low,credit_event,2018-12-H2-r2,2018-12-24,date_corrected,3711
"IBM Q4 revenue falls for second straight quarter, misses estimates",2019-01-22,"IBM down 8.3% on January 23, worst day in years",Moderate,mega_cap_earnings,2019-01-H2-r2,2019-01-22,confirmed,3712
"Starbucks Q1 earnings beat estimates, raises full-year guidance",2019-01-24,SBUX up 3.5% after-hours,Low,mega_cap_earnings,2019-01-H2-r2,2019-01-24,confirmed,3713
"Brazil's Vale dam collapses in Brumadinho, killing hundreds",2019-01-25,"VALE down 24%, iron ore futures volatile",High,natural_disaster,2019-01-H2-r2,2019-01-25,confirmed,3714
Freeport-McMoRan copper output cut as Indonesia mine dispute continues,2019-01-16,"FCX down 2.1%, copper dipped 0.8%",Low,supply_disruption,2019-01-H2-r2,2019-01-16,unverified,3715
Texas power outages hit natural gas production as Arctic blast sweeps US,2019-01-29,Natural gas futures spiked 15% intraday,Moderate,natural_disaster,2019-01-H2-r2,2019-01-29,confirmed,3716
EU antitrust regulators block Siemens-Alstom rail merger on competition grounds,2019-02-06,"The European Commission formally blocked the Siemens-Alstom merger on February 6, 2019, not January 17",Low,regulatory,2019-01-H2-r2,2019-01-17,date_corrected,3717
PG&E files for Chapter 11 bankruptcy citing $30B in California wildfire liability,2019-01-29,"PCG down 52% on the day, bonds crashed",High,credit_event,2019-01-H2-r2,2019-01-29,confirmed,3718
"Johnson and Johnson faces new talc cancer lawsuit wave, shares slide",2019-01-25,"JNJ down 1.8%, added to ongoing litigation pressure",Low,regulatory,2019-01-H2-r2,2019-01-25,unverified,3719
Kraft Heinz shares collapse 27% after SEC subpoena and $15B writedown,2019-02-22,"KHC down 27%, worst single-day drop in company history",High,mega_cap_earnings,2019-02-H2-r2,2019-02-22,confirmed,3720
"US imposes new sanctions on Venezuela, freezes PDVSA assets in America",2019-01-28,"Venezuela sovereign bonds drop 3-5 cents, oil up 1.2%",Moderate,geopolitical_diplomatic,2019-02-H2-r2,2019-02-19,date_corrected,3721
China January industrial output and retail sales miss expectations sharply,2019-02-28,"Shanghai Composite down 1.5%, AUD fell 0.4%",Moderate,fiscal_policy,2019-02-H2-r2,2019-02-28,unverified,3722
EU antitrust regulators block Siemens-Alstom rail merger over competition concerns,2019-02-06,"Alstom shares down 4%, European industrials weaken",Low,regulatory,2019-02-H2-r2,2019-02-06,confirmed,3723
US fourth-quarter GDP growth revised down to 2.6% from advance estimate,2019-02-28,"SPX down 0.4%, DXY slipped slightly",Low,fiscal_policy,2019-02-H2-r2,2019-02-28,confirmed,3724
PG&E files for Chapter 11 bankruptcy amid California wildfire liabilities,2019-01-29,"PCG down 52% at filing, California muni bonds pressured",High,credit_event,2019-02-H2-r2,2019-01-29,confirmed,3725
Nigeria presidential election result disputed as Buhari declared winner,2019-02-27,"Nigerian naira stable, equities down 1.8% on uncertainty",Low,election_political,2019-02-H2-r2,2019-02-27,confirmed,3726
Ryanair warns full-year profit at lower end of guidance on Boeing 737 MAX delays,2019-02-25,"Ryanair shares down 3.5%, European airline sector weaker",Low,mega_cap_earnings,2019-02-H2-r2,2019-02-25,unverified,3727
Amazon cancels HQ2 New York plans citing political opposition,2019-02-14,"AMZN down 1.5%, NYC real estate stocks fell modestly",Moderate,mega_cap_corporate,2019-02-H1-r2,2019-02-14,confirmed,3728
"Kraft Heinz reports massive $15.4B writedown, cuts dividend 36%",2019-02-21,"KHC down 27% on Friday open, Berkshire Hathaway down 3%",High,mega_cap_earnings,2019-02-H1-r2,2019-02-21,confirmed,3729
PG&E files for Chapter 11 bankruptcy amid California wildfire liabilities,2019-01-29,"PCG down 52% over two days, utility sector sold off",High,credit_event,2019-02-H1-r2,2019-01-29,confirmed,3730
US imposes sanctions on Venezuelan state oil company PDVSA,2019-01-28,"WTI oil up 2.4%, Venezuelan bond prices collapsed",Moderate,geopolitical_diplomatic,2019-02-H1-r2,2019-01-28,confirmed,3731
Palladium price surges past gold for first time since 2001 on supply squeeze,2019-02-01,"Palladium hits $1,360/oz, up 20% YTD",Moderate,supply_disruption,2019-02-H1-r2,2019-02-01,unverified,3732
"China January Caixin manufacturing PMI falls to 48.3, contraction deepens",2019-02-01,"Shanghai Composite down 0.8%, AUD fell 0.4%",Low,fiscal_policy,2019-02-H1-r2,2019-02-01,confirmed,3733
US formally withdraws from INF nuclear treaty with Russia,2019-02-01,"Defense stocks up 0.5%, SPX broadly flat",Low,geopolitical_military,2019-02-H1-r2,2019-02-01,confirmed,3734
"Nissan reports 45% profit drop, cuts full-year outlook after Ghosn scandal",2019-02-12,Nissan shares down 5.5% in Tokyo trading,Moderate,mega_cap_earnings,2019-02-H1-r2,2019-02-12,confirmed,3735
PG&E warns it may file for bankruptcy amid California wildfire liabilities,2019-01-14,"PCG down 52% over two days, bonds crashed to 60 cents",High,credit_event,2019-01-H1-r2,2019-01-14,confirmed,3736
Citigroup Q4 earnings miss estimates as trading revenue falls 21%,2019-01-14,"C down 1.5%, bank sector underperformed",Low,mega_cap_earnings,2019-01-H1-r2,2019-01-14,confirmed,3737
"Germany reports November industrial output down 1.9%, worst since 2009",2019-01-07,"DAX down 0.8%, EUR/USD slipped 0.3%",Low,fiscal_policy,2019-01-H1-r2,2019-01-07,confirmed,3738
US Treasury removes China from currency manipulator watch list in report,2019-01-10,"CNY strengthened 0.4%, EM currencies rallied modestly",Low,geopolitical_diplomatic,2019-01-H1-r2,2019-01-10,unverified,3739
Citigroup Q2 earnings beat estimates as trading revenue surges 19%,2019-07-15,"C up 1.5%, bank sector outperformed",Moderate,mega_cap_earnings,2019-07-H1-r2,2019-07-15,confirmed,3760
Goldman Sachs Q2 profit falls 6% on weak trading and 1MDB charges,2019-07-15,GS down 0.8% on the day,Low,mega_cap_earnings,2019-07-H1-r2,2019-07-15,confirmed,3761
Bank of Korea cuts rates 25bp to 1.75% citing trade war slowdown,2019-07-18,"KRW strengthened slightly, KOSPI up 0.4%",Low,monetary_policy,2019-07-H1-r2,2019-07-18,confirmed,3762
Delta Air Lines raises full-year earnings guidance on strong travel demand,2019-07-11,"DAL up 3.2%, airline sector rallied",Moderate,mega_cap_earnings,2019-07-H1-r2,2019-07-11,confirmed,3763
Slack Technologies shares fall below IPO reference price for first time,2019-07-08,"WORK down 5%, trading below $26 reference price",Low,mega_cap_corporate,2019-07-H1-r2,2019-07-08,unverified,3764
India imposes retaliatory tariffs on 28 US goods after GSP program loss,2019-06-16,"INR weakened 0.3%, Indian equities flat",Low,trade_policy,2019-07-H1-r2,2019-07-05,date_corrected,3765
"UK GDP contracts 0.4% in May, raising no-deal Brexit recession fears",2019-07-10,GBP fell 0.5% to below 1.25 vs USD,Moderate,geopolitical_diplomatic,2019-07-H1-r2,2019-07-10,confirmed,3766
PG&E reaches $1 billion settlement with California wildfire victims,2019-07-01,PCG up 4% on reduced liability uncertainty,Low,regulatory,2019-07-H1-r2,2019-07-01,unverified,3767
"Cisco Systems beats Q3 estimates, raises full-year guidance despite trade concerns",2019-05-15,CSCO up 6.6% after hours,Moderate,mega_cap_earnings,2019-05-H1-r2,2019-05-15,confirmed,3768
"Disney+ streaming service launch details revealed, price set at $6.99 per month",2019-04-11,"DIS up 11.5% on announcement day, continued gains into May",Low,mega_cap_corporate,2019-05-H1-r2,2019-04-11,confirmed,3769
Venezuela blackout leaves most of country without power for days,2019-03-07,"Venezuelan bonds fell, oil market largely unaffected",Low,supply_disruption,2019-05-H1-r2,2019-05-09,date_corrected,3770
Berkshire Hathaway annual meeting Buffett warns on trade war damage to global economy,2019-05-04,"BRK.B flat, broad market sentiment negative Monday",Low,mega_cap_corporate,2019-05-H1-r2,2019-05-04,confirmed,3771
Japan GDP grows 2.1% annualized in Q1 beating estimates on front-loaded exports,2019-05-20,"Nikkei up 0.6%, yen slightly weaker",Low,fiscal_policy,2019-05-H1-r2,2019-05-20,confirmed,3772
UK Prime Minister May announces resignation timetable as Brexit deal collapses,2019-05-24,"GBP falls 0.5% to 1.284, FTSE 100 down 0.7%",Moderate,election_political,2019-05-H1-r2,2019-05-15,date_corrected,3773
Saudi Arabia reports sabotage attacks on four oil tankers near Fujairah UAE port,2019-05-13,"WTI crude up 0.8%, Brent up 0.9%, broadly muted reaction",Low,geopolitical_military,2019-05-H1-r2,2019-05-12,date_corrected,3774
"Pinterest reports first earnings as public company, beats revenue estimates",2019-05-16,PINS up 14% after hours on stronger-than-expected user growth,Moderate,mega_cap_earnings,2019-05-H1-r2,2019-05-16,confirmed,3775
FedEx cuts full-year earnings outlook citing slowing global trade,2019-06-25,"FDX down 3.8%, seen as global trade bellwether",Moderate,mega_cap_earnings,2019-06-H2-r2,2019-06-25,confirmed,3776
"India retaliates against US tariffs, raises duties on 28 American goods",2019-06-16,"INR stable, Indian equities down 0.4%",Low,trade_policy,2019-06-H2-r2,2019-06-16,confirmed,3777
"Slack lists directly on NYSE at $38.50, skipping traditional IPO process",2019-06-20,"WORK opens at $38.50, closes up 48% to $38.62 reference price adjusted",Moderate,mega_cap_corporate,2019-06-H2-r2,2019-06-20,confirmed,3778
Argentina peso slides as Macri trails Fernandez in presidential poll,2019-08-12,"ARS down 2%, Merval index down 4%",Moderate,election_political,2019-06-H2-r2,2019-06-21,date_corrected,3779
Brazil central bank holds Selic rate at record low 6.5% amid reform uncertainty,2019-06-19,"BRL down 0.6%, Bovespa up 0.3%",Low,monetary_policy,2019-06-H2-r2,2019-06-19,confirmed,3780
Copper falls to three-month low as global manufacturing PMIs weaken,2019-06-18,Copper futures down 1.8% to $2.63 per pound,Low,supply_disruption,2019-06-H2-r2,2019-06-18,unverified,3781
US Treasury designates Iran's petrochemical sector under new sanctions,2019-06-24,"Oil up 0.8%, Iranian rial hits new low",Low,geopolitical_diplomatic,2019-06-H2-r2,2019-06-24,confirmed,3782
Occidental Petroleum closes $38B acquisition of Anadarko after Chevron drops bid,2019-08-08,"OXY down 1.2%, APC up 0.5% on deal close",Low,mega_cap_corporate,2019-06-H2-r2,2019-06-19,date_corrected,3783
"Uber prices IPO at $45, below expected range, in largest US tech listing",2019-05-09,"UBER fell 7.6% on first trading day May 10, closed at $41.57",Moderate,mega_cap_corporate,2019-05-H2-r2,2019-05-09,confirmed,3784
"Cisco beats Q3 estimates, raises guidance on strong security and software demand",2019-05-15,CSCO up 6.5% after hours,Moderate,mega_cap_earnings,2019-05-H2-r2,2019-05-15,confirmed,3785
Argentina peso slides 5% as Fernandez leads Macri in primary polls,2019-08-12,"ARS weakened, Merval index down 3.2%",Moderate,election_political,2019-05-H2-r2,2019-05-20,date_corrected,3786
Tiffany shares fall after Q1 same-store sales miss on weak Chinese tourist spending,2019-05-24,TIF down 8.5%,Low,mega_cap_earnings,2019-05-H2-r2,2019-05-24,confirmed,3787
Turkey lira falls 3% after government dismisses Istanbul mayor election result,2019-05-06,"TRY weakened to 6.20 per dollar, BIST100 down 2.1%",Moderate,election_political,2019-05-H2-r2,2019-05-06,confirmed,3788
US 3-month to 10-year Treasury yield curve inverts to deepest level since 2007,2019-05-23,"3m-10y spread at minus 15bp, SPX down 1.2%",Moderate,monetary_policy,2019-05-H2-r2,2019-05-23,confirmed,3789
Palo Alto Networks reports Q3 earnings beat but billings growth disappoints investors,2019-05-30,PANW down 9% after hours,Low,mega_cap_earnings,2019-05-H2-r2,2019-05-30,confirmed,3790
"Slack lists directly on NYSE at $38.50, valuing company at $23B",2019-06-20,"WORK opened at $38.50, closed up 48% from reference price of $26",Moderate,mega_cap_corporate,2019-06-H1-r2,2019-06-20,confirmed,3791
Argentina peso slides 3% after weak Macri primary poll numbers emerge,2019-06-10,"ARS down 3%, Argentine sovereign bonds fell sharply",Moderate,election_political,2019-06-H1-r2,2019-06-10,unverified,3792
China rare earth exports to US seen as potential trade war weapon,2019-05-29,"Rare earth mining stocks up 5-10%, MP Materials surged",Moderate,trade_policy,2019-06-H1-r2,2019-06-04,date_corrected,3793
"Beyond Meat shares hit $200, up over 500% from May IPO price",2019-06-10,"BYND up 15% on the day, short interest surged to record levels",Low,mega_cap_corporate,2019-06-H1-r2,2019-06-10,unverified,3794
"German industrial output falls 1.9% in April, recession fears deepen",2019-06-07,"DAX down 0.8%, EUR/USD slipped to 1.1280",Low,fiscal_policy,2019-06-H1-r2,2019-06-07,confirmed,3795
Turkey central bank holds rates despite Erdogan pressure to cut,2019-06-12,"Turkish lira strengthened 0.5%, BIST 100 up 1.2%",Low,monetary_policy,2019-06-H1-r2,2019-06-12,confirmed,3796
Occidental wins Anadarko bidding war after Berkshire Hathaway financing deal,2019-05-05,"OXY down 2%, APC up 1%, Chevron received $1B breakup fee",Moderate,mega_cap_corporate,2019-06-H1-r2,2019-06-04,date_corrected,3797
"India GDP growth slows to 5.8%, weakest pace in five years",2019-05-31,"Sensex down 1.1%, Indian rupee weakened to 69.8 per dollar",Low,fiscal_policy,2019-06-H1-r2,2019-06-03,date_corrected,3798
Boeing 737 MAX grounding extended as FAA finds new software flaw,2019-07-19,"BA down 3.0%, grounding timeline pushed to late 2019",Moderate,mega_cap_corporate,2019-07-H2-r2,2019-07-19,confirmed,3799
Brent crude rallies above $60 as Saudi Arabia signals deeper OPEC cuts,2019-01-07,"Brent up 4% on the week, WTI topped $50",Moderate,energy_opec,2019-01-H1-r2,2019-01-07,confirmed,3740
"Canada arrests Huawei CFO Meng Wanzhou bail hearing concludes, release granted",2019-01-11,"Huawei suppliers up 1-2%, trade optimism lifted tech stocks",Low,geopolitical_diplomatic,2019-01-H1-r2,2019-01-11,confirmed,3741
Brazil's Bolsonaro signs decree easing gun ownership rules on first week in office,2019-01-15,"Bovespa up 1.3%, BRL strengthened 0.5% on reform hopes",Low,election_political,2019-01-H1-r2,2019-01-08,date_corrected,3742
Goldman Sachs Q4 earnings miss badly as legal charges and trading slump bite,2019-01-16,"GS down 0.8%, reported $1.06B charge related to 1MDB scandal",Moderate,mega_cap_earnings,2019-01-H1-r2,2019-01-16,confirmed,3743
Apple acquires Intel modem business rumored as Qualcomm dispute drags on,2019-03-06,"QCOM down 3%, AAPL up 1.2%",Moderate,mega_cap_corporate,2019-03-H1-r2,2019-03-06,unverified,3744
Broadcom raises full-year revenue guidance above Wall Street consensus,2019-03-14,AVGO up 5.7% after hours,Moderate,mega_cap_earnings,2019-03-H1-r2,2019-03-14,confirmed,3745
Turkey lira falls 5% in single session on political pressure over central bank reserves,2019-03-22,"TRY down 4.8%, Borsa Istanbul down 3.2%",High,geopolitical_diplomatic,2019-03-H1-r2,2019-03-08,date_corrected,3746
EU antitrust regulators approve Fiat Chrysler and PSA merger talks with conditions,2019-03-04,"FCAU up 2.1%, PSA up 1.4%",Low,regulatory,2019-03-H1-r2,2019-03-04,fabricated,3747
"OPEC compliance with output cuts hits highest level in months, Saudi pumping below quota",2019-03-11,"WTI up 1.8%, Brent above $67",Moderate,energy_opec,2019-03-H1-r2,2019-03-11,unverified,3748
US imposes new sanctions on Venezuela state oil company PDVSA over Maduro support,2019-01-28,"Venezuela bonds fall 3 pts, oil up 0.8%",Low,geopolitical_diplomatic,2019-03-H1-r2,2019-03-01,date_corrected,3749
China NPC opens as government sets 2019 GDP growth target range of 6.0 to 6.5 percent,2019-03-05,"Shanghai Composite up 1.1%, copper up 0.9%",Low,fiscal_policy,2019-03-H1-r2,2019-03-05,confirmed,3750
PG&E files for Chapter 11 bankruptcy protection amid California wildfire liability,2019-01-29,"PCG down 8%, California utility bonds sold off",Moderate,credit_event,2019-03-H1-r2,2019-03-01,date_corrected,3751
PG&E reaches $1B settlement with California wildfire victims over 2017 fires,2019-03-16,"PCG up 4%, stock had lost 70% since November 2018",Moderate,credit_event,2019-03-H2-r2,2019-03-16,unverified,3752
Apple announces TV streaming service and credit card at March event,2019-03-25,"AAPL up 1.6% on the day, closed above $188",Low,mega_cap_corporate,2019-03-H2-r2,2019-03-25,confirmed,3753
New Zealand central bank signals rate cut as Christchurch attack weighs on economy,2019-03-27,"NZD down 0.8%, RBNZ seen cutting in May",Low,monetary_policy,2019-03-H2-r2,2019-03-27,confirmed,3754
"Inverted US yield curve deepens as 10-year yield falls to 2.37%, lowest since 2017",2019-03-22,"SPX down 1.9%, worst day of 2019, VIX up to 16",High,monetary_policy,2019-03-H2-r2,2019-03-22,confirmed,3755
"US blacklists Huawei suppliers, escalating tech war with China",2019-05-15,"Philadelphia Semiconductor Index down 1.5%, QCOM and AVGO fell",Moderate,regulatory,2019-03-H2-r2,2019-03-25,date_corrected,3756
Fiat Chrysler and Peugeot explore merger to create global auto giant,2019-10-27,"FCAU up 3.2%, PSA shares rose 1.8% in Paris",Low,mega_cap_corporate,2019-03-H2-r2,2019-03-20,date_corrected,3757
India-Pakistan military tensions ease after captured pilot returned,2019-03-01,"Indian Sensex up 0.9%, rupee strengthened 0.4%",Low,geopolitical_diplomatic,2019-03-H2-r2,2019-03-20,date_corrected,3758
Venezuela power grid suffers second major blackout in two weeks,2019-03-25,"Venezuelan oil output concerns lifted WTI 0.6%, bolivar illiquid",Low,supply_disruption,2019-03-H2-r2,2019-03-25,confirmed,3759
"Twitter Q2 earnings beat estimates, daily active users jump 14%",2019-07-26,TWTR up 9% on the day,Moderate,mega_cap_earnings,2019-07-H2-r2,2019-07-26,confirmed,3800
Argentina peso slides as Macri loses primary election to Peronist rival,2019-08-12,"ARS crashed ~30% on August 12, Argentine stocks collapsed after PASO primary results showed Macri losing badly to Alberto Fernandez",High,election_political,2019-07-H2-r2,2019-07-22,date_corrected,3801
"Intel Q2 earnings beat estimates, raises full-year guidance on data center demand",2019-07-25,INTC up 7% after hours,Moderate,mega_cap_earnings,2019-07-H2-r2,2019-07-25,confirmed,3802
Amazon Q2 profit misses estimates sharply as one-day shipping costs surge,2019-07-25,AMZN down 1.6% after hours despite revenue beat,Low,mega_cap_earnings,2019-07-H2-r2,2019-07-25,confirmed,3803
South Korea removes Japan from trade whitelist in escalating export dispute,2019-08-12,"South Korea announced removal of Japan from trade whitelist on August 12, 2019; Japan had removed South Korea from its whitelist on August 2",Low,trade_policy,2019-07-H2-r2,2019-07-24,date_corrected,3804
"Starbucks Q3 comparable sales rise 7%, beats estimates on US and China strength",2019-07-25,SBUX up 5.5% after hours,Moderate,mega_cap_earnings,2019-07-H2-r2,2019-07-25,confirmed,3805
US Justice Department opens broad antitrust review of major tech platforms,2019-07-23,"GOOGL, AAPL, FB, AMZN each down 1-2% on the day",Moderate,regulatory,2019-07-H2-r2,2019-07-23,confirmed,3806
Cisco Systems reports Q4 earnings beat but issues weak Q1 revenue guidance citing trade uncertainty,2019-08-14,"CSCO down 8.5% next day, Nasdaq down 0.5%",Moderate,mega_cap_earnings,2019-08-H1-r2,2019-08-14,confirmed,3807
"Germany reports Q2 GDP contraction of 0.1%, raising recession fears in Europe's largest economy",2019-08-14,"DAX down 2.2%, EUR/USD fell to 1.1100",High,fiscal_policy,2019-08-H1-r2,2019-08-14,confirmed,3808
"Italy's Matteo Salvini pulls support for coalition government, triggering political crisis",2019-08-08,"Italian BTP yields spiked 20bp, FTSE MIB down 1.8%",Moderate,election_political,2019-08-H1-r2,2019-08-08,confirmed,3809
New Zealand central bank cuts rate by 50bp in surprise double cut to 1.0%,2019-08-07,"NZD down 2%, NZX50 up 1.5%",Moderate,monetary_policy,2019-08-H1-r2,2019-08-07,confirmed,3810
Thailand central bank cuts policy rate by 25bp to 1.5% in surprise move,2019-08-07,"Thai baht weakened 0.5%, SET index up 0.8%",Low,monetary_policy,2019-08-H1-r2,2019-08-07,confirmed,3811
Gold surges above $1500 per ounce for first time since 2013 on safe-haven demand,2019-08-07,"Gold hit $1510 intraday, GLD up 1.8%",Moderate,geopolitical_diplomatic,2019-08-H1-r2,2019-08-07,confirmed,3812
WeWork parent The We Company files S-1 for IPO revealing $900M net loss on $1.8B revenue,2019-08-14,"SoftBank shares down 2.5%, IPO skepticism grew",Low,mega_cap_corporate,2019-08-H1-r2,2019-08-14,confirmed,3813
Pakistan central bank raises rates to 13.25% as rupee stabilization measures intensify,2019-07-16,Pakistan's SBP raised its policy rate to 13.25% at its July 2019 meeting; no rate action occurred on August 1,Low,monetary_policy,2019-08-H1-r2,2019-08-01,date_corrected,3814
Softbank reports first quarterly operating loss in 14 years on WeWork writedown,2019-11-06,"SoftBank 9984.T down 2.5%, reported 704B yen operating loss",Moderate,mega_cap_earnings,2019-11-H1-r2,2019-11-06,confirmed,3815
Saudi Aramco IPO officially priced at 32 riyals per share on Tadawul,2019-12-05,"Aramco priced its IPO at 32 riyals on December 5, 2019; the S-1 equivalent prospectus was published in early November but pricing occurred in December",Moderate,mega_cap_corporate,2019-11-H1-r2,2019-11-09,date_corrected,3816
Argentina imposes strict capital controls as peso slides under new government,2019-09-01,"Argentina's capital controls were imposed on September 1, 2019 under the still-incumbent Macri government following the August primary shock, not in November under the new government",Moderate,fiscal_policy,2019-11-H1-r2,2019-11-01,date_corrected,3817
Nickel prices fall sharply as Indonesia reverses ore export ban threat,2019-11-05,LME nickel down 6% on the day,Moderate,supply_disruption,2019-11-H1-r2,2019-11-05,unverified,3818
"Macy's Q3 earnings miss badly, slashes full-year guidance on weak sales",2019-11-13,"M down 10%, department store peers fell 3-5%",Moderate,mega_cap_earnings,2019-11-H1-r2,2019-11-13,confirmed,3819
"FedEx cuts full-year earnings guidance, cites global trade slowdown",2019-09-17,"FDX down 12.9%, worst day in years",High,mega_cap_earnings,2019-09-H2-r2,2019-09-17,confirmed,3840
"Thomas Cook Group collapses, stranding 600,000 tourists worldwide",2019-09-23,"Rivals TUI and easyJet fell 2-4%, UK travel sector hit",Moderate,credit_event,2019-09-H2-r2,2019-09-23,confirmed,3841
US Treasury Department imposes new sanctions on Iran's central bank,2019-09-20,"Oil up 1%, gold up 0.5%, Iranian rial hit record low",Low,geopolitical_diplomatic,2019-09-H2-r2,2019-09-20,confirmed,3842
General Motors workers strike as UAW walkout enters second week,2019-09-23,"GM down 1.5%, strike affecting 50,000 workers and 33 plants",Low,mega_cap_corporate,2019-09-H2-r2,2019-09-23,confirmed,3843
China cancels planned visits to US agricultural states amid trade tensions,2019-09-13,"Soybean futures down 1.2%, SPX down 0.6%",Moderate,trade_policy,2019-09-H2-r2,2019-09-25,date_corrected,3844
"RBI cuts India benchmark repo rate by 25bp to 5.15%, fifth cut of 2019",2019-10-04,"Sensex up 1.1%, Indian rupee little changed",Low,monetary_policy,2019-09-H2-r2,2019-10-04,confirmed,3845
Juul Labs faces FDA warning over youth e-cigarette marketing practices,2019-09-24,"Altria down 3.5%, tobacco sector sold off on regulatory risk",Moderate,regulatory,2019-09-H2-r2,2019-09-24,unverified,3846
WeWork files S-1 IPO prospectus revealing $1.9B loss in first half 2019,2019-08-14,"WeWork valuation concerns spread to SoftBank, SBG.T down 3% over following days",Moderate,mega_cap_corporate,2019-09-H1-r2,2019-08-14,confirmed,3847
"Repo market seizes up, overnight rate spikes to 10% forcing Fed emergency intervention",2019-09-17,"Fed injects $53B in first repo operation since financial crisis, fed funds rate briefly hit 10%",High,credit_event,2019-09-H1-r2,2019-09-17,confirmed,3848
Juul Labs faces FDA crackdown as US vaping illness outbreak reaches 380 cases,2019-09-06,"Altria MO down 4%, Juul investor valuations slashed",Moderate,regulatory,2019-09-H1-r2,2019-09-06,confirmed,3849
South Korea removes Japan from trusted trade partners list in export controls dispute,2019-08-12,"KOSPI down 0.8%, KRW weakened slightly against USD",Low,trade_policy,2019-09-H1-r2,2019-09-02,date_corrected,3850
"Thomas Cook Group collapses, largest UK travel company failure in decades",2019-09-23,"Thomas Cook shares halted, TCGBY worthless, UK government repatriates 150,000 tourists",Moderate,credit_event,2019-09-H1-r2,2019-09-23,confirmed,3851
Brazil's INPE reports Amazon deforestation fires surge 83% year-on-year in 2019,2019-08-21,"BRL weakened 0.5%, Ibovespa down 0.4% on trade boycott fears",Low,natural_disaster,2019-09-H1-r2,2019-09-02,date_corrected,3852
"Uber reports Q2 2019 loss of $5.2B, largest quarterly loss in company history",2019-08-08,"UBER down 6% on the day, Lyft down 3% in sympathy",Moderate,mega_cap_earnings,2019-09-H1-r2,2019-08-08,confirmed,3853
India's government announces surprise corporate tax cut from 30% to 22%,2019-09-20,"Sensex surges 5.3%, largest single-day gain in a decade, INR strengthened",High,fiscal_policy,2019-09-H1-r2,2019-09-20,confirmed,3854
Alibaba raises $13B in Hong Kong secondary listing amid protests,2019-11-26,"BABA US up 2.5% on listing day, HK shares priced at HKD 176",Moderate,mega_cap_corporate,2019-11-H2-r2,2019-11-26,confirmed,3855
Tiffany agrees to $16.2B acquisition by LVMH at $135 per share,2019-11-25,"TIF up 6% to near deal price, luxury sector rallied",Moderate,mega_cap_corporate,2019-11-H2-r2,2019-11-25,confirmed,3856
Argentina imposes capital controls as peso hits record low after election,2019-09-01,"Argentine peso down 3%, Merval index down 2.5%",Low,fiscal_policy,2019-11-H2-r2,2019-11-18,date_corrected,3857
UK Conservative Party leads Labour by 10 points ahead of December election,2019-11-20,"GBP rose 0.4% to 1.295, FTSE 250 up 0.8%",Low,election_political,2019-11-H2-r2,2019-11-20,unverified,3858
Moody's downgrades Hong Kong credit outlook to negative from stable,2019-11-22,"HKD held peg, Hang Seng down 0.6%",Low,credit_event,2019-11-H2-r2,2019-11-22,confirmed,3859
US Treasury formally labels no new countries as currency manipulators in semi-annual report,2019-05-28,"DXY flat, China kept on monitoring list only",Low,trade_policy,2019-11-H1-r2,2019-11-01,unverified,3820
"ECB's Christine Lagarde begins first day as president, signals continuity with Draghi policy",2019-11-01,"EUR/USD barely moved, European banks up 0.3%",Low,monetary_policy,2019-11-H1-r2,2019-11-01,confirmed,3821
Chile copper output hits multi-year low as labor strikes and protests disrupt mines,2019-11-08,"LME copper up 1.4%, mining stocks gained modestly",Low,supply_disruption,2019-11-H1-r2,2019-11-08,unverified,3822
Boeing 737 MAX return-to-service timeline pushed back again by FAA,2019-10-18,"BA down 2.3%, dragged Dow lower",Moderate,regulatory,2019-10-H2-r2,2019-10-18,unverified,3823
Saudi Aramco announces plans to list on Tadawul stock exchange in December,2019-11-03,"Brent crude up 0.8%, Aramco supplier stocks rally",Low,mega_cap_corporate,2019-10-H2-r2,2019-10-29,date_corrected,3824
Argentina imposes strict capital controls as peso collapses after Macri election loss,2019-10-28,"Argentine bonds fall, EM sovereign spreads widen 15bp",Moderate,fiscal_policy,2019-10-H2-r2,2019-10-28,unverified,3825
"ECB holds rates steady in Draghi's final meeting as president, no new stimulus",2019-10-24,"EUR up 0.3%, European bank stocks flat",Low,monetary_policy,2019-10-H2-r2,2019-10-24,confirmed,3826
Chile peso hits record low as Santiago protests force APEC and COP25 cancellations,2019-10-30,"CLP down 4% to record low, copper futures down 1.2%",Moderate,election_political,2019-10-H2-r2,2019-10-24,date_corrected,3827
"Texas Instruments Q3 earnings miss revenue estimates, warns on weak industrial demand",2019-10-22,"TXN down 7%, Philadelphia Semiconductor Index down 2%",Moderate,mega_cap_earnings,2019-10-H2-r2,2019-10-22,confirmed,3828
Caterpillar cuts full-year profit outlook citing slowing global construction and mining,2019-10-22,"CAT down 3.5%, Dow industrials down 0.5%",Moderate,mega_cap_earnings,2019-10-H2-r2,2019-10-22,confirmed,3829
Lebanon government resigns amid mass street protests over economic mismanagement,2019-10-29,"Lebanese Eurobonds fall 2 points, spreads widen sharply",Low,election_political,2019-10-H2-r2,2019-10-29,confirmed,3830
Johnson & Johnson talc jury verdict triggers $8B punitive damages award,2019-10-07,"JNJ down 1.5%, reversed as verdict seen likely to be reduced on appeal",Low,regulatory,2019-10-H1-r2,2019-10-07,confirmed,3831
Citigroup Q3 earnings beat estimates with EPS of $1.97 on trading revenue surge,2019-10-11,"C up 1.8%, financials sector outperformed",Low,mega_cap_earnings,2019-10-H1-r2,2019-10-11,unverified,3832
Argentina imposes strict capital controls as peso collapses under IMF pressure,2019-09-01,"Argentine peso down 3%, Merval index down 4%, EM bonds sold off",Moderate,fiscal_policy,2019-10-H1-r2,2019-10-01,date_corrected,3833
NBA-China controversy escalates as Houston Rockets GM tweets support for Hong Kong protesters,2019-10-04,"MSG Networks down 2%, Disney down 0.5% on China broadcast risk",Low,geopolitical_diplomatic,2019-10-H1-r2,2019-10-07,date_corrected,3834
Ecuador declares state of emergency as fuel subsidy cuts trigger violent protests and oil output disruption,2019-10-04,"Ecuador sovereign bonds down 3%, oil markets little moved as output impact small",Low,supply_disruption,2019-10-H1-r2,2019-10-04,confirmed,3835
"IMF cuts 2019 global GDP growth forecast to 3.0%, lowest since financial crisis",2019-10-15,"SPX down 0.2%, forecast widely anticipated, limited fresh reaction",Low,fiscal_policy,2019-10-H1-r2,2019-10-15,confirmed,3836
Chile central bank cuts rates 50bp in surprise move as economy slows,2019-10-16,"Chilean peso weakened 1.2%, local equities up 0.8%",Low,monetary_policy,2019-10-H1-r2,2019-10-01,date_corrected,3837
"Juul Labs faces FDA warning over youth vaping epidemic, potential flavored pod ban",2019-10-03,Altria down 3.5% on Juul investment impairment risk,Moderate,regulatory,2019-10-H1-r2,2019-10-03,unverified,3838
Argentina imposes strict capital controls after peso crisis deepens,2019-09-01,"Argentine peso fell further, Merval index down 2%, EM currencies under pressure",Moderate,fiscal_policy,2019-09-H2-r2,2019-09-16,date_corrected,3839
Softbank announces $41 billion asset sale program to fund buybacks,2020-03-13,"Softbank Tokyo shares up 13%, one of largest single-day gains",Moderate,mega_cap_corporate,2020-03-H1-r2,2020-03-13,confirmed,3880
"Australia's ASX 200 drops 9.7% in single session, worst day since 1987",2020-03-16,"ASX 200 down 9.7%, worst daily decline since Black Monday 1987",High,geopolitical_military,2020-03-H1-r2,2020-03-16,confirmed,3881
"US investment-grade corporate bond spreads widen to 270bp, highest since 2009",2020-03-23,"IG spreads hit 270bp, HY spreads above 800bp",High,credit_event,2020-03-H1-r2,2020-03-12,date_corrected,3882
Reserve Bank of Australia cuts cash rate to record low 0.5% in emergency session,2020-03-03,"AUD fell 0.6%, ASX 200 rose 0.7% on announcement",Low,monetary_policy,2020-03-H1-r2,2020-03-03,confirmed,3883
"Canada declares COVID-19 national emergency, closes borders to non-citizens",2020-03-16,"CAD fell 1.2% vs USD, TSX down 11.2% on the week",Moderate,pandemic_health,2020-03-H1-r2,2020-03-13,date_corrected,3884
Federal Reserve expands swap lines to nine additional central banks to ease dollar shortage,2020-03-19,"DXY pulled back from 103 peak, EM currencies stabilized briefly",Moderate,monetary_policy,2020-03-H2-r2,2020-03-19,confirmed,3885
Boeing draws down entire $13.8B credit facility as aviation demand collapses,2020-03-20,"BA down 4%, already off 70% from January highs",Low,mega_cap_corporate,2020-03-H2-r2,2020-03-20,confirmed,3886
India announces 21-day nationwide lockdown covering 1.3 billion people,2020-03-24,"Sensex up 5% on stimulus hopes, INR stabilized near 76",Moderate,pandemic_health,2020-03-H2-r2,2020-03-24,confirmed,3887
Cheesecake Factory tells landlords it will not pay April rent amid COVID closures,2020-03-18,"CAKE down 6%, restaurant sector ETF down 4%",Low,credit_event,2020-03-H2-r2,2020-03-18,confirmed,3888
Bank of England cuts rates to historic low of 0.1% and expands QE by £200B,2020-03-19,"GBP down 0.8%, FTSE 100 up 1.4%",Moderate,monetary_policy,2020-03-H2-r2,2020-03-19,confirmed,3889
Gold drops sharply as funds liquidate to meet margin calls across asset classes,2020-03-16,"Gold fell to $1,477, down 3% as correlations went to one",Moderate,credit_event,2020-03-H2-r2,2020-03-16,confirmed,3890
Carnival Corporation suspends all cruise operations for 60 days globally,2020-03-17,"CCL down 10%, cruise sector down 8-12%",Low,pandemic_health,2020-03-H2-r2,2020-03-17,confirmed,3891
Australian dollar hits 17-year low below $0.55 as commodity demand fears mount,2020-03-19,"AUD/USD hit 0.5510, worst level since 2003",Moderate,supply_disruption,2020-03-H2-r2,2020-03-19,confirmed,3892
"Carnival Corporation withdraws 2020 earnings guidance, suspends dividend amid COVID",2020-04-01,"CCL down 8%, cruise sector hit hard",Moderate,mega_cap_corporate,2020-04-H1-r2,2020-04-01,unverified,3893
Fitch downgrades Italy sovereign debt to BBB- one notch above junk,2020-04-28,"Italian BTP spreads widened 20bp, EUR dipped 0.4%",Moderate,credit_event,2020-04-H1-r2,2020-04-01,date_corrected,3894
Lufthansa warns it may not survive without German government bailout,2020-04-06,"LHA.DE down 6%, European airline index down 4%",Moderate,mega_cap_corporate,2020-04-H1-r2,2020-04-06,confirmed,3895
Neiman Marcus prepares bankruptcy filing as retail collapses under COVID,2020-04-09,"HY retail credit spreads widened, XRT down 2%",Low,credit_event,2020-04-H1-r2,2020-04-09,unverified,3896
"Bank of Canada cuts rates 50bp to 0.25%, launches first-ever QE program",2020-04-15,"CAD up 0.5%, Canadian 10-year yields fell 10bp",Low,monetary_policy,2020-04-H1-r2,2020-04-09,date_corrected,3897
Gold surges above $1700 per ounce for first time since 2012,2020-04-09,"Gold up 2.1% to $1,717, GLD volume spiked",Moderate,supply_disruption,2020-04-H1-r2,2020-04-09,confirmed,3898
ECB accepts junk-rated Greek bonds as collateral in emergency pandemic measure,2020-04-07,"Greek 10-year yields fell 30bp, GGB spreads tightened",Moderate,monetary_policy,2020-04-H1-r2,2020-04-07,confirmed,3899
Colombia declares state of emergency as nationwide protests shut cities,2019-11-21,"Colombian peso down 1.2%, Bogota exchange down 0.9%",Low,geopolitical_military,2019-11-H2-r2,2019-11-21,confirmed,3860
Natural gas futures fall to three-year low on record US production and warm forecasts,2019-11-19,Henry Hub natural gas down 4.5% to $2.50 per MMBtu,Moderate,energy_opec,2019-11-H2-r2,2019-11-19,confirmed,3861
Salesforce beats Q3 estimates but issues cautious billings outlook,2019-11-19,CRM down 8% after hours on weak deferred revenue guidance,Moderate,mega_cap_earnings,2019-11-H2-r2,2019-11-19,confirmed,3862
Boeing 737 MAX remains grounded as FAA finds new software flaw,2019-12-11,"BA down 4.4%, worst single-day drop in months",High,mega_cap_corporate,2019-12-H1-r2,2019-12-11,confirmed,3863
Argentina imposes capital controls after sovereign debt restructuring talks begin,2019-09-01,Argentine peso stable but country risk spread widened 80bp,Low,credit_event,2019-12-H1-r2,2019-12-06,date_corrected,3864
Alphabet crosses $1 trillion market cap for first time under new CEO Pichai,2020-01-16,"GOOGL up 1.4%, joins Apple and Microsoft in trillion-dollar club",Low,mega_cap_corporate,2019-12-H1-r2,2019-12-16,date_corrected,3865
Chile cancels APEC summit and COP25 climate conference amid ongoing protests,2019-10-30,"Chilean peso CLP down 1.2%, copper futures dipped 0.5%",Low,geopolitical_diplomatic,2019-12-H1-r2,2019-12-01,date_corrected,3866
US Treasury designates four individuals under Magnitsky Act over Russia corruption,2019-12-06,"Russian ruble RUB down 0.4%, Moscow Exchange flat",Low,regulatory,2019-12-H1-r2,2019-12-06,unverified,3867
"Saudi Aramco IPO prices at 32 riyals per share, valuing company at $1.7 trillion",2019-12-05,"Aramco surged 10% on Tadawul debut, oil prices little changed",Moderate,mega_cap_corporate,2019-12-H1-r2,2019-12-05,confirmed,3868
"India GDP growth slows to 4.5% in Q2, weakest pace in over six years",2019-11-29,"Sensex down 0.8%, Indian rupee INR fell 0.3% against dollar",Moderate,fiscal_policy,2019-12-H1-r2,2019-12-02,date_corrected,3869
US Treasury removes China currency manipulator label ahead of Phase One signing,2020-01-13,"CNY strengthened 0.5%, EM currencies rallied",Moderate,trade_policy,2019-12-H2-r2,2019-12-13,date_corrected,3870
Aramco IPO closes first week of trading with market cap above $1.88 trillion,2019-12-18,"2222.SE up 10% at open, Tadawul index hit record high",Low,mega_cap_corporate,2019-12-H2-r2,2019-12-18,confirmed,3871
Russia completes TurkStream natural gas pipeline to Turkey and Europe,2020-01-08,"European natural gas futures down 1.5%, Gazprom up 1%",Low,energy_opec,2019-12-H2-r2,2019-12-19,date_corrected,3872
"India's parliament passes Citizenship Amendment Act, sparking nationwide protests",2019-12-11,"BSE Sensex down 1.2%, INR weakened slightly",Low,election_political,2019-12-H2-r2,2019-12-11,confirmed,3873
FedEx shares drop after company misses Q2 earnings and cuts full-year guidance,2019-12-17,"FDX down 10.5%, seen as economic bellwether warning",Moderate,mega_cap_earnings,2019-12-H2-r2,2019-12-17,confirmed,3874
Tiffany shareholders approve LVMH acquisition at $135 per share,2019-12-19,"TIF up 0.4%, deal valued at $16.2 billion",Low,mega_cap_corporate,2019-12-H2-r2,2019-12-19,confirmed,3875
US imposes new sanctions on Iran targeting steel and mining sectors,2019-12-20,"Oil up 0.3%, minimal broader market reaction",Low,geopolitical_diplomatic,2019-12-H2-r2,2019-12-20,unverified,3876
Carnival Corporation shares plunge as cruise lines halt global operations,2020-03-13,"CCL down 31% on the week, hit 25-year low",High,mega_cap_corporate,2020-03-H1-r2,2020-03-13,confirmed,3877
Gold sells off sharply as investors liquidate to meet margin calls,2020-03-12,"Gold fell 4.6% to $1,560, unusual risk-off selloff",Moderate,credit_event,2020-03-H1-r2,2020-03-12,confirmed,3878
Bank of England cuts rates 50bp in emergency move ahead of budget,2020-03-11,"GBP down 0.8%, FTSE 100 down 1.4% on the day",Moderate,monetary_policy,2020-03-H1-r2,2020-03-11,confirmed,3879
"Singapore reports GDP contraction of 10.6% annualized in Q1, worst on record",2020-04-14,"STI down 1.2%, SGD weakened slightly",Low,fiscal_policy,2020-04-H1-r2,2020-04-14,confirmed,3900
"Warren Buffett releases annual letter, Berkshire sitting on record $128B cash pile",2020-02-22,BRK.B down 2.1% with broader market selloff,Low,mega_cap_corporate,2020-02-H2-r2,2020-02-22,confirmed,3901
Harvey Norman and Qantas lead ASX 200 to worst single-day drop in years on COVID fears,2020-02-24,"ASX 200 down 2.3%, AUD hit 11-year low vs USD",Moderate,pandemic_health,2020-02-H2-r2,2020-02-24,confirmed,3902
"Gold surges above $1,680 per ounce, highest level since 2013, on pandemic flight to safety",2020-02-24,"Gold up 1.7% to $1,680, seven-year high",Moderate,natural_disaster,2020-02-H2-r2,2020-02-24,confirmed,3903
Mastercard warns Q1 revenue growth will take 2-3 percentage point hit from COVID-19,2020-02-19,"MA down 3.7%, Visa down 3.2%",Moderate,mega_cap_earnings,2020-02-H2-r2,2020-02-19,confirmed,3904
FTSE 100 drops over 3% as COVID-19 spreads to new European countries,2020-02-28,"FTSE 100 down 3.2%, DAX down 3.7% on the day",High,pandemic_health,2020-02-H2-r2,2020-02-28,confirmed,3905
United Airlines withdraws full-year 2020 earnings guidance citing COVID-19 uncertainty,2020-02-27,"UAL down 8.5%, airline sector ETF JETS down 6%",Moderate,mega_cap_corporate,2020-02-H2-r2,2020-02-27,confirmed,3906
Brazil real hits all-time low against dollar as emerging market currencies sell off,2020-02-28,"BRL hit 4.50 per USD, record low; MSCI EM down 4.1% on week",Moderate,credit_event,2020-02-H2-r2,2020-02-28,confirmed,3907
Apple warns Q2 revenue will miss guidance due to COVID-19 supply and demand hit,2020-02-17,"AAPL down 2.5%, Nasdaq futures fell 0.7%",Moderate,mega_cap_corporate,2020-02-H1-r2,2020-02-17,confirmed,3908
Singapore cuts 2020 GDP growth forecast to -0.5% to 1.5% on virus impact,2020-02-17,"SGD weakened, Singapore STI down 1.2%",Low,fiscal_policy,2020-02-H1-r2,2020-02-17,confirmed,3909
Kraft Heinz reports $1.22B quarterly loss and SEC subpoena disclosure,2019-02-21,KHC down 6.5% on earnings day,Moderate,mega_cap_earnings,2020-02-H1-r2,2020-02-13,date_corrected,3910
Barclays and other European banks report weak Q4 results as investment banking slows,2020-02-13,"Barclays down 3.5%, European bank index down 1.8%",Low,mega_cap_earnings,2020-02-H1-r2,2020-02-13,unverified,3911
South Korea reports first community transmission cluster of COVID-19 in Daegu,2020-02-20,"KOSPI down 3.9%, Korean won fell 1.2%",High,pandemic_health,2020-02-H1-r2,2020-02-20,confirmed,3912
Airbus overtakes Boeing as world's largest planemaker by deliveries for first time,2020-01-14,"BA up 0.5%, Airbus shares flat, largely priced in",Low,mega_cap_corporate,2020-02-H1-r2,2020-02-13,date_corrected,3913
Copper falls to lowest level since 2016 as COVID-19 hammers Chinese industrial demand,2020-02-03,"Copper futures down 6% on the week, hit $2.50/lb",Moderate,supply_disruption,2020-02-H1-r2,2020-02-03,confirmed,3914
Moody's downgrades South Africa sovereign debt to junk status,2020-03-27,"ZAR weakened 4%, South African bonds sold off sharply",High,credit_event,2020-02-H1-r2,2020-03-27,confirmed,3915
Hertz warns of potential bankruptcy as car rental demand collapses,2020-04-24,"HTZ down 25%, bonds trading at 50 cents on the dollar",Moderate,credit_event,2020-04-H2-r2,2020-04-24,unverified,3916
Chesapeake Energy retains restructuring advisors ahead of debt deadline,2020-04-17,"CHK down 22%, natural gas sector under pressure",Moderate,credit_event,2020-04-H2-r2,2020-04-17,unverified,3917
"Bank of Japan expands bond-buying to unlimited, removes JGB purchase cap",2020-04-27,"Nikkei up 2.7%, yen weakened slightly to 107",Moderate,monetary_policy,2020-04-H2-r2,2020-04-27,confirmed,3918
"J.Crew files for Chapter 11 bankruptcy, first major US retail COVID casualty",2020-05-04,"XRT retail ETF down 1.2%, broader apparel sector fell 2%",Low,credit_event,2020-04-H2-r2,2020-05-04,confirmed,3919
Wirecard former CEO Markus Braun faces fraud charges as insolvency probe deepens,2020-11-05,Remaining Wirecard creditor claims trade at 5 cents on dollar,Low,credit_event,2020-11-H1-r2,2020-11-05,unverified,4000
"Adobe reports Q4 earnings beat, shares hit record high on strong cloud growth",2020-12-10,"ADBE up 4% after-hours, record close above $500",Moderate,mega_cap_earnings,2020-12-H1-r2,2020-12-10,confirmed,4001
China regulators launch antitrust investigation into Alibaba Group,2020-12-24,"BABA down 13% on the week, Hang Seng tech index down 5%",High,regulatory,2020-12-H1-r2,2020-12-24,date_corrected,4002
S&P 500 announces Tesla will join index at full weight on December 21,2020-11-16,"TSLA up 7% on rebalancing anticipation, hitting $600 intraday",Moderate,mega_cap_corporate,2020-12-H1-r2,2020-12-01,date_corrected,4003
UK government warns of new faster-spreading COVID variant identified in southeast England,2020-12-19,"GBP down 1.2%, European markets fell 1.5%, airlines dropped 5%",High,pandemic_health,2020-12-H1-r2,2020-12-14,date_corrected,4004
"OPEC+ agrees to modest 500,000 bpd output increase starting January 2021",2020-12-03,"WTI up 1.5%, settled near $46, Saudi Aramco shares flat",Low,energy_opec,2020-12-H1-r2,2020-12-03,confirmed,4005
US Senate confirms antitrust bills targeting Big Tech after House hearing,2020-12-09,FAANG stocks down 1-2% collectively on regulatory concern,Low,regulatory,2020-12-H1-r2,2020-12-09,fabricated,4006
"C3.ai IPO prices at $42, surges 120% on debut amid AI enthusiasm",2020-12-09,"AI stock closed at $92.49, up 120% on first trading day",Moderate,mega_cap_corporate,2020-12-H1-r2,2020-12-09,confirmed,4007
Dollar index hits lowest level since April 2018 as stimulus expectations grow,2020-12-04,"DXY fell to 90.47, gold rose 0.8% to $1,840 per ounce",Moderate,monetary_policy,2020-12-H1-r2,2020-12-04,confirmed,4008
"JPMorgan Q4 2020 earnings beat estimates, investment banking revenue surges 37%",2021-01-15,"JPM up 1.2%, KBE bank ETF up 1.8%",Moderate,mega_cap_earnings,2021-01-H1-r2,2021-01-15,confirmed,4009
Wells Fargo Q4 2020 profit misses as loan loss reserves weigh on results,2021-01-15,WFC down 7.8% on the day,Moderate,mega_cap_earnings,2021-01-H1-r2,2021-01-15,confirmed,4010
"Citigroup Q4 2020 revenue falls short, trading gains fail to offset loan losses",2021-01-15,"C down 2.6%, underperformed peers on earnings day",Low,mega_cap_earnings,2021-01-H1-r2,2021-01-15,confirmed,4011
"Bitcoin surges past $40,000 for first time as institutional demand accelerates",2021-01-08,"BTC hit $41,962 intraday, up over 40% in one week",High,credit_event,2021-01-H1-r2,2021-01-08,confirmed,4012
India bans 59 more Chinese mobile apps citing national security concerns,2021-01-05,"Hang Seng Tech Index down 1.5%, targeted app stocks fell 2-4%",Low,regulatory,2021-01-H1-r2,2021-01-05,unverified,4013
Turkey central bank raises reserve requirements to support lira amid inflation fears,2021-01-07,"TRY strengthened 0.8%, BIST 100 index up 0.6%",Low,monetary_policy,2021-01-H1-r2,2021-01-07,unverified,4014
Ant Group IPO revival prospects dim as Chinese regulators order restructuring into holding company,2021-01-12,"Alibaba HK shares down 2.4%, Hang Seng Fintech index fell 1.8%",Moderate,regulatory,2021-01-H1-r2,2021-01-12,confirmed,4015
GameStop short interest exceeds 100% of float as retail traders coordinate buying on Reddit,2021-01-22,"GME up 57% on the week, short sellers down estimated $1.5B",Moderate,mega_cap_corporate,2021-01-H1-r2,2021-01-13,date_corrected,4016
"Microsoft reports Q2 FY2021 earnings, cloud revenue surges 50% year-over-year",2021-01-26,"MSFT up 3% after hours, cloud beat drove outperformance",Moderate,mega_cap_earnings,2021-01-H2-r2,2021-01-26,confirmed,4017
"Intel Q4 earnings disappoint, CEO Bob Swan announces resignation",2021-01-21,"INTC down 9.3%, worst single-day drop since 2016",High,mega_cap_corporate,2021-01-H2-r2,2021-01-21,confirmed,4018
Biden signs executive order halting new oil and gas leases on federal lands,2021-01-27,"XOP energy ETF down 2.5%, Diamondback Energy down 4%",Moderate,regulatory,2021-01-H2-r2,2021-01-27,date_corrected,4019
"DoorDash IPO surges 86% on first day, valuing company at $72B",2020-12-09,DASH closes at $189.51 vs $102 IPO price,Moderate,mega_cap_corporate,2020-12-H2-r2,2020-12-09,confirmed,3980
China orders Ant Group to restructure as financial holding company under PBOC oversight,2020-12-27,"Alibaba HK shares down 2.5%, BABA US down 3%",Moderate,regulatory,2020-12-H2-r2,2020-12-27,confirmed,3981
"EU formally approves Pfizer-BioNTech COVID vaccine, rollout begins across member states",2020-12-21,"SPX flat, travel stocks up modestly",Low,pandemic_health,2020-12-H2-r2,2020-12-21,confirmed,3982
US Treasury sanctions Chinese officials over Hong Kong crackdown on pro-democracy activists,2020-12-18,"Hang Seng down 0.8%, BABA down 1.2%",Low,geopolitical_diplomatic,2020-12-H2-r2,2020-12-18,unverified,3983
Natural gas prices spike to five-year highs in Europe amid cold snap and supply tightness,2020-12-17,"European TTF gas up 15% on the week, UK NBP up 20%",Moderate,energy_opec,2020-12-H2-r2,2020-12-17,unverified,3984
"Airbnb files IPO prospectus, targeting $30B+ valuation after pandemic recovery",2020-11-16,Travel sector stocks up 1-2% on sentiment boost,Moderate,mega_cap_corporate,2020-11-H2-r2,2020-11-16,confirmed,3985
"DoorDash files for IPO, reveals $149M net loss on $1.9B revenue",2020-11-13,"Delivery sector peers Grubhub up 3%, gig economy stocks rallied",Low,mega_cap_corporate,2020-11-H2-r2,2020-11-13,confirmed,3986
US Treasury sanctions Iranian nuclear scientists and construction firm,2020-11-18,"Oil up 0.8%, gold up 0.4%, broader market flat",Low,geopolitical_diplomatic,2020-11-H2-r2,2020-11-18,unverified,3987
Cisco Q1 earnings beat estimates but revenue falls 9% year-over-year,2020-11-12,CSCO down 5% after-hours on weak forward guidance,Moderate,mega_cap_earnings,2020-11-H2-r2,2020-11-18,date_corrected,3988
China's industrial output and retail sales beat forecasts in October data,2020-11-16,"Shanghai Composite up 0.9%, copper hit 7-year high above $7,000/tonne",Moderate,fiscal_policy,2020-11-H2-r2,2020-11-16,confirmed,3989
"Alibaba's Singles Day sales hit record $74.1B, up 26% year-over-year",2020-11-12,"BABA up 2.8%, Chinese e-commerce peers rallied 3-5%",Moderate,mega_cap_earnings,2020-11-H2-r2,2020-11-12,confirmed,3990
Argentina reaches debt restructuring agreement with Paris Club creditors,2020-11-20,"Argentine peso stabilized, sovereign bonds up 1-2%",Low,credit_event,2020-11-H2-r2,2020-11-20,fabricated,3991
"Gold falls below $1,800 per ounce as vaccine optimism boosts risk appetite",2020-11-23,"Gold down 4.6% on the week, worst weekly drop since 2018",Moderate,credit_event,2020-11-H2-r2,2020-11-23,unverified,3992
Eli Lilly COVID antibody treatment receives FDA emergency use authorization,2020-11-09,"LLY up 4%, broader biotech sector rallied 2%",Moderate,pandemic_health,2020-11-H1-r2,2020-11-09,confirmed,3993
Ant Group rival Lufax completes $2.4B NYSE IPO amid fintech scrutiny,2020-10-30,LU shares fell 6% on debut below offer price,Low,mega_cap_corporate,2020-11-H1-r2,2020-11-02,date_corrected,3994
Palantir Technologies reports first quarterly profit in company history,2020-11-09,PLTR up 16% after-hours on Q3 beat,Moderate,mega_cap_earnings,2020-11-H1-r2,2020-11-09,confirmed,3995
US imposes investment ban on 31 Chinese military-linked companies including SMIC,2020-11-12,"SMIC falls 5% in Hong Kong, broader China tech index down 2%",Moderate,regulatory,2020-11-H1-r2,2020-11-12,confirmed,3996
Gold suffers worst weekly drop in four years as vaccine optimism surges,2020-11-09,"Gold down 4.5% on the week, fell below $1,870/oz",High,supply_disruption,2020-11-H1-r2,2020-11-09,confirmed,3997
"Cisco Systems reports Q1 revenue decline of 9%, warns of continued weakness",2020-11-12,CSCO down 8% after-hours on weak guidance,Moderate,mega_cap_earnings,2020-11-H1-r2,2020-11-12,confirmed,3998
UK and Japan sign post-Brexit trade agreement covering $15B in annual trade,2020-10-23,"GBP up 0.3%, FTSE 100 up 0.5%",Low,geopolitical_diplomatic,2020-11-H1-r2,2020-11-02,date_corrected,3999
US imposes sanctions on 24 Chinese officials over Hong Kong crackdown,2020-08-07,"HSI down 1.6%, USD/HKD peg tested briefly",Moderate,geopolitical_diplomatic,2020-08-H2-r2,2020-08-07,confirmed,3940
Salesforce joins Dow Jones Industrial Average replacing Exxon Mobil,2020-08-25,"CRM up 3.5%, XOM down 1.5% on index exclusion news",Low,mega_cap_corporate,2020-08-H2-r2,2020-08-24,date_corrected,3941
"Gold retreats sharply from record high above $2,000 per ounce",2020-08-11,"Gold fell 5.5% from $2,063 peak, silver dropped 14% in two sessions",High,supply_disruption,2020-08-H2-r2,2020-08-18,date_corrected,3942
Airbnb confidentially files for IPO with SEC amid pandemic recovery hopes,2020-08-19,"Hotel stocks fell 1-2%, OTA sector mixed",Low,mega_cap_corporate,2020-08-H2-r2,2020-08-19,confirmed,3943
China reports record trade surplus of $62.3 billion in July,2020-08-07,"CNY strengthened to 6.92 vs USD, AUD up 0.5%",Low,trade_policy,2020-08-H2-r2,2020-08-17,date_corrected,3944
Nikola shares surge as GM announces $2 billion stake in electric truck startup,2020-09-08,"NKLA up 40%, GM up 7.5% on partnership announcement",Moderate,mega_cap_corporate,2020-08-H2-r2,2020-08-31,date_corrected,3945
Gilead Sciences acquires Immunomedics for $21B in cash deal,2020-09-13,"IMMU up 108%, GILD down 2%",Moderate,mega_cap_corporate,2020-07-H2-r2,2020-09-13,confirmed,3946
"Intel warns of 7nm chip delay, loses manufacturing lead to TSMC",2020-07-23,"INTC down 16% on earnings day, AMD up 16%",High,mega_cap_earnings,2020-07-H2-r2,2020-07-23,confirmed,3947
US Treasury sanctions Chinese officials over Xinjiang human rights abuses,2020-07-09,"Chinese ADRs down 1-2%, yuan steady",Low,geopolitical_diplomatic,2020-07-H2-r2,2020-07-20,date_corrected,3948
Kodak receives $765M US government loan to produce pharmaceutical ingredients,2020-07-28,"KODK up 1,480% over two days",Moderate,fiscal_policy,2020-07-H2-r2,2020-07-28,confirmed,3949
"Silver surges 30% in July, outpacing gold on industrial and monetary demand",2020-07-31,"Silver hit $26/oz, best monthly gain in decades",Moderate,supply_disruption,2020-07-H2-r2,2020-07-27,date_corrected,3950
UK imposes 10-day quarantine on travelers arriving from Spain without warning,2020-07-25,"IAG down 8%, easyJet down 6%, FTSE 100 down 1.2%",Moderate,pandemic_health,2020-07-H2-r2,2020-07-25,confirmed,3951
"Microsoft reports Q4 cloud revenue surges 47%, beats on all segments",2020-07-22,"MSFT up 4% after hours, Nasdaq futures up 0.5%",Moderate,mega_cap_earnings,2020-07-H2-r2,2020-07-22,confirmed,3952
US dollar index falls to two-year low as Congress stalls on stimulus deal,2020-07-29,"DXY fell to 93.5, euro hit $1.18, gold above $1960",High,fiscal_policy,2020-07-H2-r2,2020-07-29,confirmed,3953
"Chesapeake Energy files for Chapter 11 bankruptcy, largest US shale producer to collapse",2020-06-28,"CHK shares halted, natural gas futures down 2%, sector ETF XOP down 1.5%",Moderate,credit_event,2020-06-H2-r2,2020-06-28,confirmed,3954
Hertz Global wins court approval to sell new shares despite bankruptcy filing,2020-06-12,HTZ surged 70% intraday on retail buying frenzy before SEC intervention,Moderate,credit_event,2020-06-H2-r2,2020-06-17,date_corrected,3955
"Gold prices breach $1,780 per ounce, highest level since 2012",2020-06-22,"Gold futures up 1.3% to $1,782, GLD ETF volume spiked 40%",Moderate,supply_disruption,2020-06-H2-r2,2020-06-22,confirmed,3956
EU antitrust regulators open formal investigation into Amazon marketplace practices,2020-11-10,"AMZN down 0.5%, European tech sentiment mildly pressured",Low,regulatory,2020-06-H2-r2,2020-06-16,date_corrected,3957
Brazil real hits record low against dollar as COVID cases surge past 1 million,2020-06-19,"BRL hits 5.40 per USD, Bovespa down 2.1%",Moderate,pandemic_health,2020-06-H2-r2,2020-06-19,confirmed,3958
Carnival Corporation prices $1.75B junk bond offering at 11.5% yield to raise pandemic liquidity,2020-06-17,"CCL down 1.8%, high-yield spreads tightened slightly on strong demand",Low,credit_event,2020-06-H2-r2,2020-06-17,unverified,3959
OPEC+ confirms member countries complied with record output cuts in May,2020-06-18,"WTI crude up 2.1% to $38.50, energy stocks gained 1.5%",Low,energy_opec,2020-06-H2-r2,2020-06-18,unverified,3960
China's National People's Congress passes new foreign investment rules tightening data controls,2020-06-28,"Hang Seng tech index down 1.8%, USD/CNH edged higher",Low,regulatory,2020-06-H2-r2,2020-06-28,unverified,3961
"Snowflake prices IPO at $120 per share, largest software IPO ever",2020-09-15,"SNOW opened at $245, up 104% on debut; Berkshire Hathaway disclosed stake",High,mega_cap_corporate,2020-09-H1-r2,2020-09-15,confirmed,3962
"Japan's Yoshihide Suga elected LDP leader, set to succeed Abe as PM",2020-09-14,"Nikkei up 0.7%, yen weakened slightly on continuity expectations",Low,election_political,2020-09-H1-r2,2020-09-14,confirmed,3963
Ant Group files for simultaneous Hong Kong and Shanghai IPO worth $35B,2020-08-25,"Alibaba BABA up 2.5%, HK fintech stocks rallied",Moderate,mega_cap_corporate,2020-09-H1-r2,2020-09-01,date_corrected,3964
EU antitrust regulators open formal investigation into Apple App Store practices,2020-06-16,"AAPL down 0.5%, little immediate market reaction",Low,regulatory,2020-09-H1-r2,2020-09-01,date_corrected,3965
Peloton reports fiscal Q4 earnings with 172% revenue surge on pandemic demand,2020-09-10,"PTON up 20% after hours, consumer discretionary sector lifted",Moderate,mega_cap_earnings,2020-09-H1-r2,2020-09-10,confirmed,3966
US Treasury yields rise as 30-year bond auction draws weak demand,2020-09-09,"30-year yield jumped to 1.47%, tech stocks sold off 2%",Moderate,fiscal_policy,2020-09-H1-r2,2020-09-09,unverified,3967
India bans 118 additional Chinese apps including PUBG citing security concerns,2020-09-02,Tencent HK shares down 2.3% on further revenue exposure risk,Low,regulatory,2020-09-H1-r2,2020-09-02,confirmed,3968
Roche announces COVID-19 antibody test capable of distinguishing vaccine response,2020-09-04,"Roche ROG up 1.8%, broader vaccine-linked biotech names moved modestly",Low,pandemic_health,2020-09-H1-r2,2020-09-04,unverified,3969
Nikola founder Trevor Milton resigns after fraud allegations by Hindenburg Research,2020-09-20,"NKLA down 11% on the day, down 36% over the week",High,mega_cap_corporate,2020-09-H2-r2,2020-09-20,confirmed,3970
US Justice Department files landmark antitrust lawsuit against Google,2020-10-20,"GOOGL down 1.5%, broader tech sector shrugged off news",Low,regulatory,2020-09-H2-r2,2020-09-15,date_corrected,3971
"TikTok and Oracle reach tentative deal to avoid US ban, ByteDance retains majority",2020-09-19,ORCL up 5.4% on deal optimism,Moderate,trade_policy,2020-09-H2-r2,2020-09-19,confirmed,3972
European Central Bank officials warn euro strength threatens inflation recovery targets,2020-09-24,"EUR/USD fell 0.6% to 1.162, European equities mixed",Low,monetary_policy,2020-09-H2-r2,2020-09-24,unverified,3973
"Snowflake prices IPO at $120, surges 112% on first day of trading",2020-09-16,"SNOW closed at $253.93, largest US software IPO ever at the time",Moderate,mega_cap_corporate,2020-09-H2-r2,2020-09-16,confirmed,3974
UK imposes 10pm curfew on pubs and restaurants as COVID second wave accelerates,2020-09-22,"FTSE 100 down 1.8%, GBP fell 0.8% vs USD",Moderate,pandemic_health,2020-09-H2-r2,2020-09-22,confirmed,3975
"Gold falls below $1,900 as dollar strengthens and real yields rise sharply",2020-09-28,"Gold down 4.5% on the week, hit $1,848 intraday",Moderate,credit_event,2020-09-H2-r2,2020-09-28,unverified,3976
China's central bank injects 200 billion yuan via medium-term lending facility to support economy,2020-09-27,"CSI 300 up 0.8%, yuan steady at 6.81 vs USD",Low,monetary_policy,2020-09-H2-r2,2020-09-27,unverified,3977
"SolarWinds cyberattack disclosed, US Treasury and Commerce Departments breached",2020-12-13,"SWI down 40%, cybersecurity stocks mixed, SPX little changed",Moderate,cyber_infrastructure,2020-12-H2-r2,2020-12-13,confirmed,3978
"Airbnb IPO prices at $68, shares surge 113% on first trading day",2020-12-10,"ABNB closes at $144.71, valuation hits $86B",Moderate,mega_cap_corporate,2020-12-H2-r2,2020-12-10,confirmed,3979
"China Q1 GDP contracts 6.8%, first negative reading since Cultural Revolution",2020-04-17,"Shanghai Composite down 0.8%, AUD fell 0.5% on China demand fears",Low,fiscal_policy,2020-04-H2-r2,2020-04-17,confirmed,3920
Exxon Mobil cuts 2020 capital spending by 30% to $23 billion amid oil crash,2020-04-07,"XOM down 4%, energy sector XLE fell 2.8%",Moderate,mega_cap_corporate,2020-04-H2-r2,2020-04-23,date_corrected,3921
European Commission proposes 500 billion euro recovery fund financed by joint debt,2020-04-23,"EUR/USD up 0.8%, Italian BTPs rallied, spread tightened 20bp",Moderate,fiscal_policy,2020-04-H2-r2,2020-04-23,confirmed,3922
"Gold futures breach $1,750 per ounce, highest level since 2012",2020-04-29,"Gold up 1.8% to $1,751, GLD ETF volume spiked 3x average",Low,supply_disruption,2020-04-H2-r2,2020-04-29,confirmed,3923
"Wells Fargo reports first quarterly loss since 2008, cuts dividend 80%",2020-07-14,"WFC down 4.6%, KBW Bank Index down 2%",Moderate,mega_cap_earnings,2020-07-H1-r2,2020-07-14,confirmed,3924
EU reaches agreement on 750 billion euro pandemic recovery fund,2020-07-21,"EUR/USD up 1.2%, European equities rallied 2-3%",High,fiscal_policy,2020-07-H1-r2,2020-07-21,confirmed,3925
Gilead Sciences remdesivir data disappoints in WHO Solidarity trial leak,2020-10-15,GILD down 4.2% intraday,Moderate,pandemic_health,2020-07-H1-r2,2020-07-01,date_corrected,3926
Wirecard insolvency administrator begins asset sale after 1.9 billion euro fraud,2020-07-01,"Wirecard stock below 1 euro, DAX flat",Low,credit_event,2020-07-H1-r2,2020-07-01,confirmed,3927
US imposes visa restrictions on Chinese Communist Party members and families,2020-07-15,"Yuan slipped 0.2%, Chinese tech ADRs down 1-2%",Low,geopolitical_diplomatic,2020-07-H1-r2,2020-07-15,confirmed,3928
"Gold breaks above $1,800 per ounce for first time since 2011",2020-07-27,"Gold hit $1,818, GLD up 1.8%",Moderate,supply_disruption,2020-07-H1-r2,2020-07-08,date_corrected,3929
Delta Air Lines reports Q2 loss of 5.7 billion dollars as travel collapses,2020-07-14,"DAL down 3.1%, airline sector down 2%",Moderate,mega_cap_earnings,2020-07-H1-r2,2020-07-14,confirmed,3930
Ant Group files for simultaneous IPO in Shanghai and Hong Kong,2020-08-25,"BABA up 2%, Hang Seng financials rally on fintech hype",Moderate,mega_cap_corporate,2020-08-H1-r2,2020-08-25,confirmed,3931
"Disney reports Q3 earnings with $4.7B loss, parks revenue down 85%",2020-08-04,DIS down 3.5% after hours before recovering,Moderate,mega_cap_earnings,2020-08-H1-r2,2020-08-04,confirmed,3932
Uber agrees to acquire food delivery startup Postmates for $2.65B,2020-07-06,"UBER up 1.2%, GRUB down 2% on competitive fears",Low,mega_cap_corporate,2020-08-H1-r2,2020-08-06,date_corrected,3933
Lebanon central bank foreign currency reserves near critical minimum threshold,2020-08-03,"Lebanese pound hits record low on parallel market, EM credit spreads widen slightly",Low,credit_event,2020-08-H1-r2,2020-08-03,unverified,3934
US Treasury sanctions on Belarus after Lukashenko disputed election victory,2020-09-28,"BYR weakens 3%, Eastern European equities dip 0.5%",Low,geopolitical_diplomatic,2020-08-H1-r2,2020-08-11,date_corrected,3935
"Copper prices hit two-year high above $6,500 per tonne on China demand",2020-08-05,"LME copper up 3.2%, mining stocks FCX and RIO up 4-5%",Moderate,supply_disruption,2020-08-H1-r2,2020-08-05,unverified,3936
Zillow and Redfin report blowout Q2 earnings as housing market surges,2020-08-06,"Z up 9%, RDFN up 12%, homebuilder ETF ITB up 2%",Moderate,mega_cap_earnings,2020-08-H1-r2,2020-08-06,unverified,3937
US imposes sanctions on 11 Hong Kong and Chinese officials over autonomy crackdown,2020-08-07,"Hang Seng down 1.8%, USD/HKD peg tested briefly",Moderate,geopolitical_diplomatic,2020-08-H1-r2,2020-08-07,confirmed,3938
"Ant Group files for simultaneous Hong Kong and Shanghai IPO, largest ever",2020-08-25,"Alibaba (BABA) up 4%, Hang Seng financials up 1.5%",Moderate,mega_cap_corporate,2020-08-H2-r2,2020-08-25,confirmed,3939
European natural gas prices fall 15% as LNG imports hit record and demand drops,2022-10-06,"Dutch TTF gas futures down 15%, European utilities up 3-5%",Moderate,energy_opec,2022-10-H1-r2,2022-10-06,unverified,4240
BlackRock Q3 earnings miss as assets under management fall $1.6 trillion year-over-year,2022-10-13,"BLK down 5.2%, asset manager stocks broadly lower",Moderate,mega_cap_earnings,2022-10-H1-r2,2022-10-13,confirmed,4241
South Korea central bank raises benchmark rate 50bp to 3.0% to defend won,2022-10-12,"KRW stabilized near 1,430 per dollar, KOSPI up 0.4%",Low,monetary_policy,2022-10-H1-r2,2022-10-12,confirmed,4242
Walmart raises full-year guidance after Q2 earnings beat on grocery strength,2022-08-16,"WMT up 5.1%, SPX up 1.7%",Moderate,mega_cap_earnings,2022-08-H1-r2,2022-08-16,confirmed,4243
"Russia cuts Nord Stream 1 gas flows to 20% capacity, citing turbine dispute",2022-07-27,"European natural gas futures up 12%, EUR/USD fell toward parity",High,supply_disruption,2022-08-H1-r2,2022-07-27,confirmed,4244
Micron Technology warns Q4 revenue will miss guidance on memory chip glut,2022-09-29,"MU down 3.7%, Philadelphia Semiconductor Index down 2%",Moderate,mega_cap_earnings,2022-08-H1-r2,2022-08-09,date_corrected,4245
US Treasury designates Tornado Cash crypto mixer as sanctions violation,2022-08-08,"ETH down 5%, crypto sector broadly lower",Low,regulatory,2022-08-H1-r2,2022-08-08,confirmed,4246
Rivian reports Q2 loss of $1.7B as production ramp remains slow,2022-08-11,RIVN down 7% after-hours,Low,mega_cap_earnings,2022-08-H1-r2,2022-08-11,confirmed,4247
China's central bank cuts one-year loan prime rate by 5bp to support economy,2022-08-22,"CSI 300 up 0.6%, yuan weakened slightly",Low,monetary_policy,2022-08-H1-r2,2022-08-22,confirmed,4248
Bed Bath and Beyond shares surge 300% in August short squeeze before collapsing,2022-08-09,BBBY up 76% intraday on meme-stock frenzy,Low,credit_event,2022-08-H1-r2,2022-08-09,confirmed,4249
"Japan's wholesale inflation hits 9.4% in July, highest since 1980",2022-08-10,"USD/JPY rose toward 133, JGB yields pressured",Low,monetary_policy,2022-08-H1-r2,2022-08-10,confirmed,4250
Credit Suisse CDS spreads spike to 2008 crisis levels on capital fears,2022-09-26,"CS stock down 12%, CDS hit 355bp, wider European bank selloff",High,credit_event,2022-09-H2-r2,2022-09-26,confirmed,4251
"Costco reports fiscal Q4 earnings beat, comparable sales up 15%",2022-09-22,"COST up 2.8% after-hours, outperformed falling market",Low,mega_cap_earnings,2022-09-H2-r2,2022-09-22,confirmed,4252
Australian dollar falls to 28-month low below 0.64 as RBA signals caution,2022-09-26,"AUD/USD hit 0.6363, lowest since June 2020",Moderate,monetary_policy,2022-09-H2-r2,2022-09-26,confirmed,4253
European natural gas prices surge 15% as Russia cuts remaining pipeline flows,2022-09-20,"TTF natural gas futures up 15%, European utilities down 3-5%",Moderate,energy_opec,2022-09-H2-r2,2022-09-20,unverified,4254
"Freeport LNG facility extends shutdown timeline, delaying US LNG exports",2022-09-23,"US natgas futures fell 5%, European TTF rose on reduced supply outlook",Moderate,supply_disruption,2022-09-H2-r2,2022-09-23,unverified,4255
Indian rupee hits record low past 81 per dollar amid broad EM currency rout,2022-09-22,"INR hit 81.09, RBI burns reserves defending currency",Moderate,geopolitical_diplomatic,2022-09-H2-r2,2022-09-22,confirmed,4256
Biogen Alzheimer's drug lecanemab shows 27% slowing of decline in trial,2022-09-27,"BIIB up 40%, Eli Lilly up 8% on read-through for own Alzheimer's drug",High,mega_cap_corporate,2022-09-H2-r2,2022-09-27,confirmed,4257
Bed Bath & Beyond CFO Gustavo Arnal dies after falling from New York skyscraper,2022-09-02,"BBBY down 18% on reopening, stock had already crashed 40% from meme-rally peak",Moderate,mega_cap_corporate,2022-08-H2-r2,2022-09-02,confirmed,4258
Jackson Hole: Riksbank's Ingves signals 75bp hike as Sweden inflation surges,2022-08-26,"SEK strengthened 0.8%, Swedish bond yields rose",Low,monetary_policy,2022-08-H2-r2,2022-08-26,unverified,4259
"Copper hits 10-year high above $9,700 per tonne on supply squeeze and green demand",2021-04-26,"LME copper up 2.1% to $9,757, Freeport-McMoRan up 4%",Moderate,supply_disruption,2021-04-H2-r2,2021-04-26,confirmed,4060
Intel Q1 earnings disappoint as data center revenue falls short of expectations,2021-04-22,"INTC down 5.3% after hours, Philadelphia Semiconductor Index down 1.2%",Moderate,mega_cap_earnings,2021-04-H2-r2,2021-04-22,confirmed,4061
"Spotify Q1 monthly active users miss estimates, shares drop on rising costs",2021-04-28,"SPOT down 8% on earnings day, MAU guidance below consensus",Moderate,mega_cap_earnings,2021-04-H2-r2,2021-04-28,confirmed,4062
India COVID-19 daily cases hit record 400K as oxygen crisis deepens,2021-05-01,"Indian rupee fell to 74.5 per USD, Sensex down 1.5%",Moderate,pandemic_health,2021-05-H1-r2,2021-05-01,unverified,4063
"Copper hits record high above $10,000 per tonne on London Metal Exchange",2021-05-07,"LME copper hit $10,008/tonne, mining stocks rallied 2-4%",Moderate,supply_disruption,2021-05-H1-r2,2021-05-07,confirmed,4064
Biogen Alzheimer's drug aducanumab faces FDA advisory panel rejection,2020-11-06,"BIIB down 6% on panel vote, recovered on FDA approval speculation",Low,regulatory,2021-05-H1-r2,2021-05-07,date_corrected,4065
Deliveroo shares fall below IPO price as growth outlook disappoints investors,2021-03-31,"ROO.L down 5%, trading 35% below March IPO price of 390p",Low,mega_cap_corporate,2021-05-H1-r2,2021-05-05,date_corrected,4066
Brazil central bank raises Selic rate by 75bp to 3.5% to fight inflation,2021-05-05,"BRL strengthened 0.8%, Brazilian equities fell 0.5%",Low,monetary_policy,2021-05-H1-r2,2021-05-05,confirmed,4067
Turkish lira slides as President Erdogan fires third central bank chief in two years,2021-03-20,TRY weakened 1.5% to 8.35 per USD on day of announcement,Moderate,monetary_policy,2021-05-H1-r2,2021-05-01,date_corrected,4068
Weidmann warns ECB must not become addicted to bond purchases as inflation rises,2021-05-11,"Bund yields rose 3bp, EUR/USD up 0.2%",Low,monetary_policy,2021-05-H1-r2,2021-05-11,unverified,4069
"Lumber futures hit record above $1,600 per thousand board feet on supply squeeze",2021-05-10,"Lumber futures up 6% to record $1,615, homebuilder ETF XHB down 1.2%",Moderate,supply_disruption,2021-05-H1-r2,2021-05-10,confirmed,4070
"Copper hits record high above $10,000 per tonne on supply fears and green energy demand",2021-05-10,"LME copper hit $10,747/tonne intraday, highest on record",Moderate,supply_disruption,2021-05-H2-r2,2021-05-17,date_corrected,4071
China orders state firms to limit overseas commodity exposure amid price surge,2021-05-19,"Iron ore futures down 9%, copper fell 5%, commodity complex sold off sharply",High,regulatory,2021-05-H2-r2,2021-05-19,confirmed,4072
Alibaba fined record $2.8B by China regulators for antitrust violations,2021-04-10,"BABA ADR down 1.5%, Chinese tech index fell 1.2%",Low,regulatory,2021-05-H2-r2,2021-05-26,date_corrected,4073
Lordstown Motors CEO and CFO resign amid fraud allegations over pre-orders,2021-06-14,"RIDE down 16% on the day, EV startup stocks broadly lower",Moderate,mega_cap_corporate,2021-05-H2-r2,2021-06-14,confirmed,4074
Brazil real hits four-month low as political uncertainty and COVID surge weigh,2021-05-18,"BRL weakened to 5.40 per USD, Bovespa down 1.4%",Moderate,election_political,2021-05-H2-r2,2021-05-18,unverified,4075
Toshiba board rejects independent investigation findings of shareholder pressure collusion,2021-06-25,"Toshiba shares down 4%, governance scandal deepens",Moderate,mega_cap_corporate,2021-05-H2-r2,2021-05-18,date_corrected,4076
"Lumber futures hit all-time record above $1,700 per thousand board feet",2021-05-17,"Lumber futures up 6% to $1,711, homebuilder ETF XHB down 1.2%",Moderate,supply_disruption,2021-05-H2-r2,2021-05-17,confirmed,4077
South African rand drops as third COVID wave prompts new lockdown restrictions,2021-05-27,"ZAR weakened 1.8% to 14.20 per USD, JSE All Share down 0.9%",Low,pandemic_health,2021-05-H2-r2,2021-05-27,unverified,4078
IEA member nations release 60 million barrels from strategic reserves to cool oil prices,2021-06-23,"WTI fell 1.5% intraday before recovering, net change minimal",Low,energy_opec,2021-06-H2-r2,2021-06-23,unverified,4079
"Palantir reports first-ever quarterly profit, revenue up 40% year-over-year",2021-02-16,"PLTR up 10% premarket, closed up 2%",Low,mega_cap_earnings,2021-02-H2-r2,2021-02-16,confirmed,4040
Australian parliament passes law forcing Google and Facebook to pay for news,2021-02-25,"Alphabet and Meta each down under 1%, Australian media stocks rallied",Low,regulatory,2021-02-H2-r2,2021-02-25,confirmed,4041
Uber sells autonomous vehicle unit Driverless to Aurora in all-stock deal,2020-12-07,"UBER up 1.5%, Aurora valuation implied at $10B",Low,mega_cap_corporate,2021-02-H2-r2,2021-02-02,date_corrected,4042
"India budget proposes record $29B infrastructure spend, lifting Sensex to all-time high",2021-02-01,"BSE Sensex up 5% on budget day, largest single-day gain in over a decade",Moderate,fiscal_policy,2021-02-H2-r2,2021-02-01,confirmed,4043
Copper hits 9-year high above $4 per pound on China demand and supply constraints,2021-02-24,"Copper futures up 3% to $4.10/lb, mining stocks surged 2-4%",Moderate,supply_disruption,2021-02-H2-r2,2021-02-24,confirmed,4044
"Bumble prices IPO at $43 per share, raises $2.2B in highly anticipated debut",2021-02-10,"BMBL opened at $76, closed up 63% on first day of trading",Moderate,mega_cap_corporate,2021-02-H2-r2,2021-02-11,date_corrected,4045
"ECB signals concern over rising bond yields, pledges to use PEPP flexibly",2021-02-25,"Euro zone yields fell 3-5bp, EUR/USD little changed",Low,monetary_policy,2021-02-H2-r2,2021-02-25,confirmed,4046
Suez Canal blocked as Ever Given container ship runs aground,2021-03-23,"Shipping stocks up 3-5%, oil up 1.5%, supply chain fears spike",Moderate,supply_disruption,2021-03-H1-r2,2021-03-23,confirmed,4047
GameStop shares surge again to $200 as retail traders return,2021-03-10,"GME up 40% intraday, AMC up 15%",Low,mega_cap_corporate,2021-03-H1-r2,2021-03-10,unverified,4048
"Nickel prices hit seven-year high above $18,000 per tonne on EV demand",2021-03-04,"LME nickel up 5%, mining stocks outperform",Low,supply_disruption,2021-03-H1-r2,2021-03-04,unverified,4049
US imposes sanctions on Myanmar military leaders after coup crackdown,2021-03-04,"Myanmar kyat weakens, regional EM markets largely unmoved",Low,geopolitical_diplomatic,2021-03-H1-r2,2021-03-04,confirmed,4050
Discovery and WarnerMedia announce $43B merger to create streaming giant,2021-05-17,"DISCA up 5%, T down 2.7% on deal dilution concerns",Moderate,mega_cap_corporate,2021-03-H1-r2,2021-03-17,date_corrected,4051
"Copper hits 9-year high above $9,000 per tonne on infrastructure optimism",2021-03-08,"LME copper up 2.3%, FCX up 4%",Low,supply_disruption,2021-03-H1-r2,2021-03-08,unverified,4052
India reports record single-day COVID-19 cases as second wave accelerates,2021-04-07,"Indian Sensex down 1.8%, INR weakens 0.5%",Low,pandemic_health,2021-03-H1-r2,2021-03-25,date_corrected,4053
Affirm shares plunge after Shopify partnership exclusivity clause revealed expired,2021-03-11,AFRM down 10% intraday on competitive concern,Low,mega_cap_corporate,2021-03-H1-r2,2021-03-11,unverified,4054
"Dogecoin surges above $0.40, market cap briefly tops $50B",2021-04-16,"DOGE up 100%+ in one week, Bitcoin down 3% same day",Low,credit_event,2021-04-H2-r2,2021-04-16,confirmed,4055
Deliveroo shares fall 30% below IPO price in worst London debut in decades,2021-03-31,Deliveroo down 31% from 390p IPO to 271p on first trading day,Moderate,mega_cap_corporate,2021-04-H2-r2,2021-04-16,date_corrected,4056
China Q1 GDP surges 18.3% year-on-year on low base and export boom,2021-04-16,"CSI 300 up 0.8%, yuan strengthened modestly",Low,fiscal_policy,2021-04-H2-r2,2021-04-16,confirmed,4057
European Central Bank holds rates and PEPP pace steady at April meeting,2021-04-22,"EUR/USD flat, European equities little changed",Low,monetary_policy,2021-04-H2-r2,2021-04-22,confirmed,4058
Brazil central bank raises Selic rate 75bp to 2.75% to combat inflation,2021-03-17,"BRL strengthened 0.8%, Bovespa up 0.5%",Low,monetary_policy,2021-04-H2-r2,2021-04-28,date_corrected,4059
Starbucks Q1 2021 earnings miss estimates as US same-store sales fall 5%,2021-01-26,SBUX down 2.8% after hours,Low,mega_cap_earnings,2021-01-H2-r2,2021-01-26,confirmed,4020
Johnson and Johnson single-dose COVID vaccine trial shows 66% efficacy globally,2021-01-29,"JNJ up 1.5%, SPX little changed as efficacy trailed rivals",Low,pandemic_health,2021-01-H2-r2,2021-01-29,confirmed,4021
US Treasury designates nine more Russian officials under Navalny sanctions,2021-03-02,"Russian ruble weakened 0.8%, RTS index down 1.2%",Low,geopolitical_diplomatic,2021-01-H2-r2,2021-01-19,date_corrected,4022
Blackberry shares surge 280% as Reddit traders pile into forgotten tech stock,2021-01-25,"BB up 280% on the week, options volume exploded 20x",Moderate,mega_cap_corporate,2021-01-H2-r2,2021-01-25,confirmed,4023
"Federal Reserve holds rates at zero, Powell signals no taper discussion underway",2021-01-27,"SPX down 2.6% on day, VIX spiked to 37 amid meme stock chaos",Low,monetary_policy,2021-01-H2-r2,2021-01-27,confirmed,4024
Archegos forced liquidation triggers $30B+ block sale across Wall Street banks,2021-03-26,"ViacomCBS down 9%, Discovery down 5%, CS and Nomura shares fell further",Moderate,credit_event,2021-04-H1-r2,2021-04-01,date_corrected,4025
Wells Fargo Q1 profit triples year-over-year on reserve releases,2021-04-14,WFC up 5.5% on the day,Moderate,mega_cap_earnings,2021-04-H1-r2,2021-04-14,confirmed,4026
"India reports record 200,000 daily COVID cases as second wave accelerates",2021-04-15,"Indian rupee fell 0.5%, Sensex down 1.1%",Moderate,pandemic_health,2021-04-H1-r2,2021-04-15,unverified,4027
US Treasury designates six Russian companies for SolarWinds cyber operations,2021-04-15,"Ruble weakened 0.8%, Russian equities down 0.5%",Low,regulatory,2021-04-H1-r2,2021-04-05,date_corrected,4028
European Union formally suspends AstraZeneca vaccine contract talks amid supply dispute,2021-04-06,"AZN down 1.2%, European indices flat",Low,pandemic_health,2021-04-H1-r2,2021-04-06,unverified,4029
China's Ant Group ordered to restructure as financial holding company by regulators,2021-04-12,"Alibaba HK shares down 2.4%, Hang Seng tech index fell 1.8%",Moderate,regulatory,2021-04-H1-r2,2021-04-12,confirmed,4030
"Lumber futures hit record high above $1,100 per thousand board feet",2021-04-08,"Lumber futures up 5% on the day, homebuilder ETF XHB down 1%",Low,supply_disruption,2021-04-H1-r2,2021-04-08,unverified,4031
Greensill Capital files for insolvency after Credit Suisse freezes $10B funds,2021-03-08,"CS down 3%, supply chain finance sector rattled",Moderate,credit_event,2021-03-H2-r2,2021-03-08,confirmed,4032
"Deliveroo IPO prices at 390p, largest London listing in decade",2021-03-31,"Deliveroo down 26% on debut, FTSE 100 flat",Moderate,mega_cap_corporate,2021-03-H2-r2,2021-03-31,confirmed,4033
"Copper hits 9-year high above $9,000 per tonne on supply fears and China demand",2021-03-22,"Copper futures up 2.5% to $9,060/t on LME",Moderate,supply_disruption,2021-03-H2-r2,2021-03-22,unverified,4034
Brazil central bank raises Selic rate by 75bp to 2.75% amid inflation surge,2021-03-17,"BRL strengthened 1.2%, Bovespa up 0.8%",Low,monetary_policy,2021-03-H2-r2,2021-03-17,confirmed,4035
"Viacom CBS prices $3B share offering, stock collapses triggering Archegos margin calls",2021-03-22,"VIAC down 9% on offering day, accelerating Archegos unwind",High,mega_cap_corporate,2021-03-H2-r2,2021-03-22,confirmed,4036
EU threatens to block COVID vaccine exports to UK as AstraZeneca supply dispute escalates,2021-03-24,"GBP down 0.4%, European pharma stocks fell 1%",Low,geopolitical_diplomatic,2021-03-H2-r2,2021-03-24,confirmed,4037
"Lumber futures hit record high above $1,000 per thousand board feet",2021-03-29,"Lumber futures up 4% to $1,044, homebuilder ETF XHB down 0.5%",Low,supply_disruption,2021-03-H2-r2,2021-03-29,unverified,4038
Nikola founder Trevor Milton faces SEC fraud investigation over truck claims,2021-02-19,"NKLA down 6%, EV sector broadly weaker",Low,regulatory,2021-02-H2-r2,2021-02-19,unverified,4039
Japan intervenes in currency market again as yen weakens past 146 per dollar,2022-10-21,USD/JPY fell from 148 to 145 intraday on suspected BOJ action,Moderate,monetary_policy,2022-11-H1-r2,2022-11-01,date_corrected,4280
"Credit Suisse announces sweeping restructuring, cuts 9,000 jobs and splits investment bank",2022-10-27,"CS shares down 18% on the day, hit record low below CHF 3.50",High,mega_cap_corporate,2022-10-H2-r2,2022-10-27,confirmed,4281
Samsung Electronics Q3 operating profit falls 31% as chip prices collapse,2022-10-27,"Samsung KS down 3.2%, Philadelphia Semiconductor Index down 1.5%",Moderate,mega_cap_earnings,2022-10-H2-r2,2022-10-27,confirmed,4282
Brazil presidential election heads to runoff as Lula narrowly leads Bolsonaro,2022-10-02,"Brazilian real down 2.5%, Bovespa down 4% on Monday open",Moderate,election_political,2022-10-H2-r2,2022-10-02,confirmed,4283
Lula defeats Bolsonaro in Brazil presidential runoff with 50.9% of vote,2022-10-30,"BRL down 3%, Bovespa down 2.8% on Monday open",Moderate,election_political,2022-10-H2-r2,2022-10-30,confirmed,4284
"Intel Q3 earnings collapse 85%, company slashes dividend and cuts capex guidance",2022-10-27,"INTC down 10.6% next day, worst single-day drop in years",High,mega_cap_earnings,2022-10-H2-r2,2022-10-27,confirmed,4285
"Volkswagen raises $9.4 billion in Porsche IPO, largest European listing in a decade",2022-09-29,Porsche AG shares opened 2% above IPO price of EUR 82.50,Low,mega_cap_corporate,2022-10-H2-r2,2022-09-29,confirmed,4286
Bank of Japan holds ultra-loose yield curve control policy despite global tightening,2022-10-28,"Yen weakened past 148 per dollar, JGB 10-year yield hit YCC ceiling of 0.25%",Moderate,monetary_policy,2022-10-H2-r2,2022-10-28,confirmed,4287
Chesapeake Energy and Chief E&D announce $2.2 billion Appalachian gas acquisition,2022-10-24,"CHK shares down 4%, natural gas futures little changed",Low,mega_cap_corporate,2022-10-H2-r2,2022-10-24,confirmed,4288
"Goldman Sachs reports Q4 earnings miss, profits down 66% year-over-year",2023-01-17,"GS down 6.4%, worst earnings reaction in years",Moderate,mega_cap_earnings,2023-01-H1-r2,2023-01-17,confirmed,4289
Bed Bath and Beyond warns of potential bankruptcy as cash runs critically low,2023-01-05,"BBBY down 30% on the week, bonds trading at 20 cents on dollar",Moderate,credit_event,2023-01-H1-r2,2023-01-05,confirmed,4290
EU proposes new rules forcing Apple to open iMessage to third-party apps,2023-01-09,"AAPL down 1%, broader tech flat",Low,regulatory,2023-01-H1-r2,2023-01-09,unverified,4291
Turkey earthquake risk rises as magnitude 5.6 tremor hits Düzce region,2023-11-23,"Turkish lira down 0.8%, BIST100 index down 1.2%",Low,natural_disaster,2023-01-H1-r2,2023-01-08,date_corrected,4292
Crypto lender Genesis Global files for Chapter 11 bankruptcy protection,2023-01-19,"Bitcoin down 2.5%, broader crypto selloff",Moderate,credit_event,2023-01-H1-r2,2023-01-19,confirmed,4293
China Caixin services PMI jumps to 48.0 in December as reopening begins,2023-01-05,"Hang Seng up 1.9%, copper up 1.2%",Low,geopolitical_diplomatic,2023-01-H1-r2,2023-01-05,unverified,4294
"UK GDP contracts 0.3% in October, recession fears intensify",2022-12-12,"GBP down 0.4%, FTSE100 down 0.6%",Low,fiscal_policy,2023-01-H1-r2,2023-01-12,date_corrected,4295
"Microsoft announces 10,000 job cuts, roughly 5% of global workforce",2023-01-18,MSFT up 4.2% on cost-cutting optimism,Moderate,mega_cap_corporate,2023-01-H1-r2,2023-01-18,confirmed,4296
"FTX founder Sam Bankman-Fried arrested in Bahamas, extradited to US",2022-12-12,"Bitcoin down 3%, crypto stocks COIN down 4%",Moderate,regulatory,2022-12-H2-r2,2022-12-12,confirmed,4297
Binance sees $3.7B in withdrawals in 24 hours amid solvency fears,2022-12-13,"Bitcoin down 2%, BNB token down 8%",Moderate,credit_event,2022-12-H2-r2,2022-12-13,unverified,4298
EU agrees on natural gas price cap of 180 euros per MWh,2022-12-19,"European natgas TTF down 5%, energy stocks mixed",Low,energy_opec,2022-12-H2-r2,2022-12-19,confirmed,4299
Kakao Pay and Korean fintech stocks slump on regulatory crackdown fears,2023-06-22,"KOSPI fintech sub-index down 3.1%, Kakao Corp down 4.2%",Low,regulatory,2023-06-H2-r2,2023-06-22,unverified,4380
US Supreme Court strikes down Biden student loan forgiveness plan,2023-06-30,"Consumer discretionary stocks up 0.5%, SPX broadly flat",Low,fiscal_policy,2023-06-H2-r2,2023-06-30,confirmed,4381
Grain futures spike as Russia withdraws from Black Sea grain deal,2023-07-17,"Chicago wheat futures up 3.2%, corn up 1.8%",Low,trade_policy,2023-06-H2-r2,2023-06-22,date_corrected,4382
"China's Zhongzhi Enterprise Group misses wealth management product payments, sparking shadow banking fears",2023-08-16,"Chinese financial stocks fell 2-4%, CSI 300 down 1.1%",Moderate,credit_event,2023-08-H2-r2,2023-08-16,confirmed,4383
Turkey central bank raises benchmark rate by 750bp to 25% in aggressive inflation fight,2023-08-24,"TRY strengthened 1.5% on the day, BIST 100 up 2%",Moderate,monetary_policy,2023-08-H2-r2,2023-08-24,confirmed,4384
"Foot Locker slashes full-year guidance, citing Nike brand shift away from wholesale",2023-08-23,"FL down 28% on the day, worst single-day drop in decades",High,mega_cap_earnings,2023-08-H2-r2,2023-08-23,confirmed,4385
Dollar Tree cuts outlook and announces Family Dollar store closures amid shrink losses,2023-08-23,"DLTR down 13%, broader discount retail sector sold off",Moderate,mega_cap_earnings,2023-08-H2-r2,2023-08-23,confirmed,4386
South Africa rand hits record low above 19 per dollar ahead of BRICS summit,2023-08-17,"ZAR hit 19.25 per USD, weakest level on record",Moderate,geopolitical_diplomatic,2023-08-H2-r2,2023-08-17,confirmed,4387
"Japan machinery orders fall 13% year-on-year in June, signaling capex slowdown",2023-08-16,"Nikkei down 0.4%, yen briefly weakened past 146 per dollar",Low,fiscal_policy,2023-08-H2-r2,2023-08-16,confirmed,4388
SEC charges Binance and Coinbase rival Bittrex with operating unregistered exchange,2023-04-17,"Bitcoin down 1.5%, broader crypto market cap fell $20B",Low,regulatory,2023-08-H2-r2,2023-08-25,date_corrected,4389
"BlackRock and Fidelity Bitcoin ETF applications listed on DTCC website, sparking rally",2023-10-23,"Bitcoin surged 10% to above $30,000, crypto stocks up 5-10%",High,regulatory,2023-10-H1-r2,2023-10-23,confirmed,4390
Arm Holdings shares fall after first post-IPO earnings report disappoints on guidance,2023-11-08,"ARM down 5% intraday before recovering, semiconductor index flat",Low,mega_cap_earnings,2023-10-H1-r2,2023-10-10,date_corrected,4391
"UK GDP for August comes in flat, raising recession fears ahead of BOE meeting",2023-10-11,"GBP fell 0.4% vs USD, FTSE 100 down 0.6%",Low,fiscal_policy,2023-10-H1-r2,2023-10-11,confirmed,4392
Delta Air Lines cuts Q4 profit forecast citing higher fuel costs from oil spike,2023-10-11,"DAL down 9%, airline sector ETF JETS down 4%",Moderate,mega_cap_earnings,2023-10-H1-r2,2023-10-11,confirmed,4393
"China's consumer price index flat in September, raising deflation concerns",2023-10-13,"Hang Seng down 1.2%, copper futures fell 1%",Moderate,fiscal_policy,2023-10-H1-r2,2023-10-13,confirmed,4394
Ecuador halts oil exports briefly after pipeline damaged by flooding,2023-10-05,"WTI up 0.8%, Ecuador crude premium widened",Low,supply_disruption,2023-10-H1-r2,2023-10-05,unverified,4395
"UnitedHealth Group Q3 earnings beat estimates, raises full-year EPS guidance",2023-10-13,"UNH up 3.5%, health insurer peers rose 1-2%",Moderate,mega_cap_earnings,2023-10-H1-r2,2023-10-13,confirmed,4396
"OpenAI board fires CEO Sam Altman, triggering leadership crisis",2023-11-17,"MSFT down 1.7% Monday, AI-linked stocks volatile",Moderate,mega_cap_corporate,2023-11-H1-r2,2023-11-17,confirmed,4397
Roblox shares drop 25% after Q3 revenue misses and bookings disappoint,2023-11-08,RBLX down 25% on the day,High,mega_cap_earnings,2023-11-H1-r2,2023-11-08,confirmed,4398
Lyft shares surge 67% on earnings beat and improved margin outlook,2023-11-07,LYFT up 67% intraday before paring gains to 18%,Moderate,mega_cap_earnings,2023-11-H1-r2,2023-11-07,confirmed,4399
"Intel Q1 earnings post $2.8B net loss, data center revenue collapses 39%",2023-04-27,INTC down 7% after hours,Moderate,mega_cap_earnings,2023-04-H2-r2,2023-04-27,confirmed,4320
First Republic Bank credit rating cut to junk by S&P after deposit outflows,2023-04-19,"FRC down 22%, regional bank ETF KRE down 3%",Moderate,credit_event,2023-04-H2-r2,2023-04-19,confirmed,4321
Chevron Q1 earnings fall 46% from year-ago record as energy prices normalize,2023-04-28,"CVX down 3%, XLE energy ETF down 1.2%",Low,mega_cap_earnings,2023-04-H2-r2,2023-04-28,confirmed,4322
"Turkey holds emergency rate decision, cuts benchmark rate 50bp ahead of elections",2023-02-23,Turkish lira hits record low above 19.5 per dollar,Low,monetary_policy,2023-04-H2-r2,2023-04-27,date_corrected,4323
US regional bank index hits lowest level since 2020 as contagion fears persist,2023-04-25,"KRE down 5% on the week, PacWest down 15%",Moderate,credit_event,2023-04-H2-r2,2023-04-25,confirmed,4324
"Gold futures touch $2,048 per ounce, approaching all-time high amid bank stress",2023-04-17,"Gold up 1.2% to $2,048, within 2% of record high",Low,credit_event,2023-04-H2-r2,2023-04-17,confirmed,4325
"Eurozone manufacturing PMI slumps to 45.5 in April, deepening contraction",2023-04-21,"EUR down 0.4%, European industrials fell 1%",Low,fiscal_policy,2023-04-H2-r2,2023-04-21,confirmed,4326
Adani Group stocks resume freefall as short-seller report fallout continues,2023-02-22,"Adani Enterprises down 9%, group market cap loss exceeds $120B since Hindenburg report",Moderate,mega_cap_corporate,2023-03-H1-r2,2023-03-01,date_corrected,4327
"Salesforce reports Q4 earnings beat, announces $20B buyback and cost cuts",2023-03-01,"CRM up 11% after hours, best single-day gain in over a year",Moderate,mega_cap_earnings,2023-03-H1-r2,2023-03-01,confirmed,4328
China Caixin services PMI surges to 55.0 in February on reopening momentum,2023-03-03,"Hang Seng up 0.5%, iron ore futures up 2%",Low,geopolitical_diplomatic,2023-03-H1-r2,2023-03-03,confirmed,4329
"Silvergate Capital announces winding down operations, shares collapse 42%",2023-03-08,"SI down 42%, Bitcoin down 5% to below $22,000",Moderate,credit_event,2023-03-H1-r2,2023-03-08,confirmed,4330
Deutsche Bank raises its ECB terminal rate forecast to 3.75% amid inflation persistence,2023-03-06,"European bank stocks sold off, Euro Stoxx Banks index down 1.2%",Low,monetary_policy,2023-03-H1-r2,2023-03-06,unverified,4331
"US Treasury 2-year yield hits 5.07%, highest level since 2007",2023-03-08,"2-year Treasury yield at 5.07%, SPX down 1.9%",Moderate,monetary_policy,2023-03-H1-r2,2023-03-08,confirmed,4332
Endeavour Group rejects $9B takeover approach from brewing rival Asahi,2023-03-07,EDV AU up 5% on deal speculation before rejection,Low,mega_cap_corporate,2023-03-H1-r2,2023-03-07,unverified,4333
"Turkey earthquake reconstruction costs estimated at $100B, lira under pressure",2023-03-02,"Turkish lira weakened 1.5%, Borsa Istanbul down 2%",Low,natural_disaster,2023-03-H1-r2,2023-03-02,confirmed,4334
Janet Yellen tells Senate government cannot insure all uninsured bank deposits without congressional approval,2023-03-16,"KRE down 3%, First Republic down 15%",Moderate,fiscal_policy,2023-03-H2-r2,2023-03-16,confirmed,4335
"Silvergate Capital formally liquidates, winding down crypto-focused bank operations",2023-03-08,"Bitcoin down 2%, broader crypto selloff",Low,credit_event,2023-03-H2-r2,2023-03-17,date_corrected,4336
HSBC acquires Silicon Valley Bank UK subsidiary for £1 in government-brokered deal,2023-03-13,"HSBC up 1.5%, UK tech sector stabilized",Low,credit_event,2023-03-H2-r2,2023-03-13,confirmed,4337
"Biogen Alzheimer's drug Leqembi receives FDA accelerated approval, shares surge",2023-01-06,"BIIB up 4%, broader biotech index up 1.2%",Low,mega_cap_corporate,2023-03-H2-r2,2023-03-17,date_corrected,4338
US Treasury 2-year yield swings 100bp in one week amid banking panic and safe-haven demand,2023-03-20,"2-year yield fell to 3.8% from 5.1% in days, largest weekly move since 1987",High,monetary_policy,2023-03-H2-r2,2023-03-20,confirmed,4339
Block shares tumble after Hindenburg Research releases short-seller report alleging fraud,2023-03-23,"SQ down 15% intraday, closed down 14.8%",Moderate,mega_cap_corporate,2023-03-H2-r2,2023-03-23,confirmed,4340
EU formally passes law banning new petrol and diesel car sales from 2035,2023-03-28,"European auto stocks mixed, Volkswagen down 1.2%",Low,regulatory,2023-03-H2-r2,2023-03-28,confirmed,4341
Commodity Trading Advisor Trafigura reports $577M loss on alleged nickel fraud by Chinese client,2023-03-17,"Nickel futures volatile, Trafigura credit spreads widened",Moderate,credit_event,2023-03-H2-r2,2023-03-17,confirmed,4342
Binance and CZ sued by SEC for operating unregistered securities exchange,2023-06-05,"BNB down 9%, Bitcoin down 5%, broader crypto selloff",High,regulatory,2023-06-H1-r2,2023-06-05,confirmed,4343
Coinbase sued by SEC for operating as unregistered broker-dealer,2023-06-06,COIN down 12% on the day,High,regulatory,2023-06-H1-r2,2023-06-06,confirmed,4344
"Canada unexpectedly raises interest rates 25bp to 4.75%, highest since 2001",2023-06-07,"CAD strengthened 0.6%, global rate hike fears reignited",Moderate,monetary_policy,2023-06-H1-r2,2023-06-07,confirmed,4345
"Australia RBA raises rates 25bp to 4.10%, surprises markets expecting hold",2023-06-06,"AUD up 0.5%, ASX 200 down 0.8%",Moderate,monetary_policy,2023-06-H1-r2,2023-06-06,confirmed,4346
"China May exports fall 7.5% year-on-year, worst decline since early 2020",2023-06-07,"CSI 300 down 1.2%, copper down 1.5%, AUD weakened",Moderate,fiscal_policy,2023-06-H1-r2,2023-06-07,confirmed,4347
Vodafone and Three UK agree to merge creating UK's largest mobile operator,2023-06-14,VOD up 2.5% on deal news,Low,mega_cap_corporate,2023-06-H1-r2,2023-06-14,confirmed,4348
Turkey central bank raises rates sharply to 15% under new governor Erkan,2023-06-22,"TRY rallied 3%, Turkish equities up 4% on policy shift",Moderate,monetary_policy,2023-06-H1-r2,2023-06-08,date_corrected,4349
"US 30-year fixed mortgage rate rises above 6.9%, highest since November 2022",2023-06-08,"Homebuilder ETF XHB down 1.4%, housing stocks pressured",Low,monetary_policy,2023-06-H1-r2,2023-06-08,unverified,4350
Fitch places US AAA credit rating on negative watch for downgrade,2023-05-24,"SPX down 0.6%, 10-year Treasury yield rose 2bp",Low,fiscal_policy,2023-07-H2-r2,2023-07-25,date_corrected,4351
China's Politburo pledges targeted stimulus to support slowing economy,2023-07-24,"CSI 300 up 2.8%, copper up 1.5%",Moderate,fiscal_policy,2023-07-H2-r2,2023-07-24,confirmed,4352
Copper prices fall to three-month low on weak China manufacturing data,2023-07-17,"Copper futures down 2.1%, BHP down 2.4%",Low,supply_disruption,2023-07-H2-r2,2023-07-17,unverified,4353
IMF raises 2023 global growth forecast to 3.0% citing US resilience,2023-07-25,"SPX up 0.4%, DXY strengthened slightly",Low,fiscal_policy,2023-07-H2-r2,2023-07-25,confirmed,4354
Novartis acquires Chinook Therapeutics for up to $3.5B in kidney disease bet,2023-06-12,"KDNY up 67%, NVS flat",Low,mega_cap_corporate,2023-07-H2-r2,2023-07-19,date_corrected,4355
"Snap Q2 revenue misses estimates, shares plunge on weak ad market outlook",2023-07-25,"SNAP down 18%, digital ad stocks broadly lower",Moderate,mega_cap_earnings,2023-07-H2-r2,2023-07-27,date_corrected,4356
Exxon Mobil Q2 earnings fall sharply as oil and gas prices decline year-on-year,2023-07-28,"XOM down 1.8%, energy sector underperformed",Low,mega_cap_earnings,2023-07-H2-r2,2023-07-28,confirmed,4357
"Intel Q2 earnings beat estimates, data center and PC segments stabilize",2023-07-27,"INTC up 6.9% after hours, Philadelphia Semiconductor Index up 1.2%",Moderate,mega_cap_earnings,2023-07-H2-r2,2023-07-27,confirmed,4358
Citigroup Q2 revenue beats estimates despite 36% profit drop on charges,2023-07-14,C up 4.2% on the day,Moderate,mega_cap_earnings,2023-07-H1-r2,2023-07-14,confirmed,4359
"UnitedHealth Group Q2 earnings beat forecasts, raises full-year outlook",2023-07-14,"UNH up 7.2%, lifted Dow by 100 points",Moderate,mega_cap_earnings,2023-07-H1-r2,2023-07-14,confirmed,4360
"China's June CPI falls to zero, raising deflation fears in world's second-largest economy",2023-07-10,"Hang Seng down 1.8%, copper down 1.2%",Moderate,fiscal_policy,2023-07-H1-r2,2023-07-10,confirmed,4361
Fitch places United States AAA credit rating on negative watch,2023-05-24,"SPX down 0.3%, 10-year Treasury yield ticked up 4bp",Low,credit_event,2023-07-H1-r2,2023-07-11,date_corrected,4362
"Twitter rebrands to X, Elon Musk replaces iconic bird logo",2023-07-23,META up 0.8% as advertisers signal preference for Facebook,Low,mega_cap_corporate,2023-07-H1-r2,2023-07-23,confirmed,4363
"BlackRock files for spot Bitcoin ETF with SEC, reigniting crypto rally",2023-06-15,"BTC up 4% to above $31,000, crypto stocks up 5-10%",Moderate,regulatory,2023-07-H1-r2,2023-07-03,date_corrected,4364
"Eurozone inflation falls to 5.5% in June, ECB rate-hike path questioned",2023-07-04,"EUR/USD down 0.4%, European bank stocks slipped 1%",Low,monetary_policy,2023-07-H1-r2,2023-07-04,confirmed,4365
"China's Caixin services PMI drops sharply to 53.9 in June, missing forecasts",2023-07-05,"Hang Seng down 2.1%, AUD/USD fell 0.6%",Moderate,fiscal_policy,2023-07-H1-r2,2023-07-05,confirmed,4366
Fitch places US AAA credit rating on negative watch over debt ceiling impasse,2023-05-24,"SPX down 0.7%, Treasury yields rose slightly",Moderate,credit_event,2023-05-H2-r2,2023-05-24,confirmed,4367
Foot Locker cuts full-year guidance sharply as Nike reduces wholesale supply,2023-05-19,"FL down 27%, worst single-day drop in decades",High,mega_cap_earnings,2023-05-H2-r2,2023-05-19,confirmed,4368
China cuts one-year loan prime rate by 10bp to 3.55% to support economy,2023-06-20,"Hang Seng up 0.4%, yuan weakened slightly",Low,monetary_policy,2023-05-H2-r2,2023-05-22,date_corrected,4369
Bank of Canada signals rate hike pause may end as inflation remains sticky,2023-05-24,"CAD strengthened 0.4%, Canadian 2-year yield up 12bp",Low,monetary_policy,2023-05-H2-r2,2023-05-24,confirmed,4370
"Palo Alto Networks Q3 earnings beat, raises annual billings guidance above consensus",2023-05-22,PANW up 7.8% after hours,Moderate,mega_cap_earnings,2023-05-H2-r2,2023-05-22,confirmed,4371
Dollar index hits two-month high as debt ceiling fears drive safe-haven demand,2023-05-25,"DXY above 104, gold down 1.5% to $1940",Moderate,credit_event,2023-05-H2-r2,2023-05-25,confirmed,4372
European natural gas prices fall to lowest level since 2021 on full storage inventories,2023-05-17,TTF gas futures down 6% to under 35 EUR/MWh,Low,energy_opec,2023-05-H2-r2,2023-05-17,unverified,4373
Turkish lira hits record low after Erdogan victory as investors price policy continuity,2023-05-29,TRY fell 3% to record 20.1 per dollar,Moderate,election_political,2023-05-H2-r2,2023-05-29,confirmed,4374
Nvidia briefly crosses $1 trillion market cap on AI demand surge,2023-05-30,"NVDA up 3.6%, market cap touched $1.04T intraday",High,mega_cap_corporate,2023-06-H2-r2,2023-06-13,date_corrected,4375
Adobe raises full-year guidance as AI tools boost Creative Cloud demand,2023-06-15,ADBE up 4.9% after hours,Moderate,mega_cap_earnings,2023-06-H2-r2,2023-06-15,confirmed,4376
China's youth unemployment hits record 21.3% in May 2023,2023-06-15,"Hang Seng down 1.8%, yuan weakened to 7.18 vs USD",Moderate,fiscal_policy,2023-06-H2-r2,2023-06-15,confirmed,4377
Turkey's Erdogan appoints Hafize Erkan as first female central bank governor,2023-06-09,TRY rallied 2% on expectations of orthodox policy shift,Low,monetary_policy,2023-06-H2-r2,2023-06-09,confirmed,4378
Hindenburg Research publishes short report targeting Icahn Enterprises,2023-05-02,"IEP down 14% on the day, extending 50% decline from May report",Moderate,mega_cap_corporate,2023-06-H2-r2,2023-06-27,date_corrected,4379
China lifts quarantine requirements for inbound travelers effective January 8,2022-12-27,"Hang Seng up 1.4%, airline stocks rallied 3-5%",Moderate,geopolitical_diplomatic,2022-12-H2-r2,2022-12-27,confirmed,4300
"Apple shares close below $130, down 27% for 2022 erasing $900B in market cap",2022-12-28,"AAPL down 1.9% on the day, worst annual loss since 2008",Moderate,mega_cap_corporate,2022-12-H2-r2,2022-12-28,confirmed,4301
US crude oil inventories fall sharply as Keystone pipeline remains shut,2022-12-22,"WTI up 2.4% to $79, energy sector outperformed",Low,supply_disruption,2022-12-H2-r2,2022-12-22,confirmed,4302
Argentina central bank raises benchmark rate to 75% to defend peso,2022-09-15,"ARS parallel rate hit 340 per USD, Merval index fell 2%",Low,monetary_policy,2022-12-H2-r2,2022-12-16,date_corrected,4303
"Berkshire Hathaway Q1 earnings show Buffett sold $13B in stocks, cash pile hits record",2023-05-06,"BRK.B up 0.5%, overall market largely unmoved",Low,mega_cap_earnings,2023-05-H1-r2,2023-05-06,confirmed,4304
"Disney reports Q2 earnings, streaming losses narrow but theme parks slow",2023-05-10,DIS up 4.5% after-hours on cost-cutting progress,Moderate,mega_cap_earnings,2023-05-H1-r2,2023-05-10,confirmed,4305
"G7 finance ministers agree to tighten Russia sanctions, target oil price cap enforcement",2023-05-11,"Ruble weakened 0.8%, Brent crude down 1.2%",Low,geopolitical_diplomatic,2023-05-H1-r2,2023-05-11,unverified,4306
Copper falls to five-month low on weak China industrial output data,2023-05-16,"Copper futures down 1.8%, mining stocks fell 2-3%",Moderate,supply_disruption,2023-05-H1-r2,2023-05-16,confirmed,4307
Arm Holdings files confidentially for IPO on Nasdaq in largest listing of 2023,2023-05-08,Semiconductor sector ETF SOXX up 0.6% on sentiment boost,Low,mega_cap_corporate,2023-05-H1-r2,2023-05-08,unverified,4308
Italy introduces 40% windfall tax on bank profits from rising interest rates,2023-08-08,"Italian bank stocks fell 5-8%, FTSE MIB down 1.9%",Moderate,fiscal_policy,2023-05-H1-r2,2023-05-03,date_corrected,4309
"Eurozone Q1 GDP revised to 0.1% growth, narrowly avoiding technical recession",2023-05-10,"EUR/USD up 0.3%, European equities little changed",Low,fiscal_policy,2023-05-H1-r2,2023-05-10,confirmed,4310
"Tesla cuts US vehicle prices for third time in 2023, margins in focus",2023-04-06,"TSLA down 3.1%, auto sector pressured",Moderate,mega_cap_corporate,2023-04-H1-r2,2023-04-06,unverified,4311
"UnitedHealth Group Q1 earnings beat estimates, raises full-year guidance",2023-04-14,"UNH up 2.5%, health insurers outperform",Low,mega_cap_earnings,2023-04-H1-r2,2023-04-14,confirmed,4312
"Gold prices breach $2,000 per ounce on safe-haven demand and dollar weakness",2023-04-05,"Gold hits $2,020 intraday, highest since March 2022",Moderate,credit_event,2023-04-H1-r2,2023-04-05,confirmed,4313
"Bank of Canada holds rates steady at 4.5%, first G7 central bank to pause",2023-03-08,"CAD down 0.4%, Canadian 2-year yield fell 8bp",Low,monetary_policy,2023-04-H1-r2,2023-04-12,date_corrected,4314
"UK monthly GDP unexpectedly flat in February, recession fears persist",2023-04-12,"GBP down 0.3%, FTSE 100 flat",Low,fiscal_policy,2023-04-H1-r2,2023-04-12,confirmed,4315
Alibaba formally completes split into six independent business units,2023-03-28,"BABA ADR up 3.8%, Hang Seng Tech index up 1.2%",Moderate,mega_cap_corporate,2023-04-H1-r2,2023-04-11,date_corrected,4316
"Germany confirms natural gas storage at 65% capacity, above seasonal norms",2023-04-04,"European TTF natural gas futures fall 4%, down 85% from August 2022 peak",Low,energy_opec,2023-04-H1-r2,2023-04-04,unverified,4317
"New Zealand central bank raises rates 50bp to 5.25%, signals near peak",2023-04-05,"NZD up 0.6%, RBNZ signals pause approaching",Low,monetary_policy,2023-04-H1-r2,2023-04-05,confirmed,4318
"Snap Q1 earnings miss badly, revenue falls 7% year-over-year on ad weakness",2023-04-27,"SNAP down 17%, digital ad peers fell 2-4%",Moderate,mega_cap_earnings,2023-04-H2-r2,2023-04-27,confirmed,4319
Copper prices slide to two-month low on persistent China demand concerns,2024-01-17,"Copper futures down 2.1%, hit $3.72 per pound",Moderate,supply_disruption,2024-01-H2-r2,2024-01-17,unverified,4480
"SAP announces 8,000 job cuts as company pivots to AI-driven cloud business",2024-01-23,"SAP up 6%, best single-day gain in over two years",Moderate,mega_cap_corporate,2024-01-H2-r2,2024-01-23,confirmed,4481
"TSMC reports Q1 2024 earnings, revenue beats on AI chip demand surge",2024-04-18,"TSM up 2.5%, semiconductor ETF SOXX up 1.2%",Moderate,mega_cap_earnings,2024-04-H1-r2,2024-04-18,confirmed,4482
BlackRock Q1 2024 earnings beat as AUM hits record $10.5 trillion,2024-04-12,BLK up 2.3% on the day,Low,mega_cap_earnings,2024-04-H1-r2,2024-04-12,confirmed,4483
"China reports March CPI flat year-over-year, deflation fears persist",2024-04-11,"CSI 300 down 0.8%, yuan weakened slightly",Low,fiscal_policy,2024-04-H1-r2,2024-04-11,confirmed,4484
"UK GDP grows 0.1% in February, narrowly avoiding technical recession",2024-04-10,"GBP up 0.3%, FTSE 100 up 0.4%",Low,fiscal_policy,2024-04-H1-r2,2024-04-10,confirmed,4485
"Copper prices surge above $9,500 per tonne on supply constraints and AI demand",2024-04-05,"Copper futures up 4% on the week, HG hit highest since June 2022",Moderate,supply_disruption,2024-04-H1-r2,2024-04-05,unverified,4486
US Treasury raises Q2 borrowing estimate to $243 billion amid persistent deficits,2024-04-29,"10-year Treasury yield up 5bp, SPX down 0.3%",Low,fiscal_policy,2024-04-H1-r2,2024-04-29,confirmed,4487
"Cocoa futures hit record above $10,000 per tonne on West Africa crop failures",2024-04-08,"Cocoa futures up 6% intraday, highest price in decades",Moderate,supply_disruption,2024-04-H1-r2,2024-04-08,unverified,4488
"India general election announced, Modi-led BJP seeks third consecutive term",2024-03-16,"Sensex up 0.5%, Indian rupee stable",Low,election_political,2024-04-H1-r2,2024-04-06,date_corrected,4489
"Reddit IPO prices at $34, values company at $6.4B in high-profile debut",2024-03-21,RDDT surged 48% on first trading day to close at $50.44,Moderate,mega_cap_corporate,2024-03-H2-r2,2024-03-20,date_corrected,4490
"Cocoa futures hit record above $10,000 per metric ton on Ghana crop failure",2024-03-19,"Cocoa futures up 15% on the week, all-time highs above $10,000/MT",High,supply_disruption,2024-03-H2-r2,2024-03-19,confirmed,4491
"Australia keeps rates on hold, RBA drops explicit tightening bias from statement",2024-03-19,"AUD fell 0.5%, ASX 200 up 0.4% on dovish shift",Low,monetary_policy,2024-03-H2-r2,2024-03-19,confirmed,4492
Xpeng and other Chinese EV makers report steep Q4 losses as price war intensifies,2024-03-19,"XPEV down 5%, broader Chinese EV sector down 3-4%",Low,mega_cap_earnings,2024-03-H2-r2,2024-03-19,unverified,4493
"Norway's Equinor announces $5B share buyback, raises dividend after record profits",2024-03-22,"Equinor shares up 2.1%, European energy sector outperformed",Low,mega_cap_corporate,2024-03-H2-r2,2024-03-22,unverified,4494
Taiwan holds presidential inauguration as China conducts military drills nearby,2024-05-20,"Taiwan dollar steady, TAIEX down 0.3%, minimal broader reaction",Low,geopolitical_military,2024-03-H2-r2,2024-03-22,date_corrected,4495
US Treasury expands sanctions on Russian diamond and metals sectors,2024-03-25,"Alrosa-linked diamond prices firmed, palladium up 1.2%",Low,regulatory,2024-03-H2-r2,2024-03-25,unverified,4496
Terrorist attack at Crocus City Hall concert venue near Moscow kills over 130,2024-03-22,"Russian ruble weakened 1.5%, RTS index down 1.8% on Monday",Moderate,geopolitical_military,2024-03-H2-r2,2024-03-22,confirmed,4497
Citigroup Q2 earnings beat expectations as trading revenue surges 18%,2024-07-12,C up 2.9% on the day,Moderate,mega_cap_earnings,2024-07-H1-r2,2024-07-12,confirmed,4498
Goldman Sachs Q2 profit doubles year-over-year on investment banking rebound,2024-07-15,"GS up 2.6%, KBW Bank Index up 1.4%",Moderate,mega_cap_earnings,2024-07-H1-r2,2024-07-15,confirmed,4499
Canada orders three Chinese companies to divest stakes in Canadian lithium miners,2022-11-02,"Lithium Americas up 3%, broader critical minerals stocks rallied",Low,regulatory,2023-10-H2-r2,2023-10-19,date_corrected,4420
"Instacart prices IPO at $30 per share, valuation well below 2021 peak",2023-09-18,"CART opened at $42, closed up 12% on debut day",Low,mega_cap_corporate,2023-09-H2-r2,2023-09-18,confirmed,4421
Japan intervenes verbally as yen weakens past 148 per dollar,2023-09-21,"USD/JPY briefly reversed to 147.3 on MOF comments, effect short-lived",Low,monetary_policy,2023-09-H2-r2,2023-09-21,confirmed,4422
"Klaviyo prices IPO at $30 per share, marketing software firm raises $345M",2023-09-19,"KVYO rose 9% on first trading day, closed at $32.76",Low,mega_cap_corporate,2023-09-H2-r2,2023-09-19,confirmed,4423
"Moody's downgrades 10 US regional banks, puts six major lenders on review",2023-08-07,"KRE regional bank ETF down 1.8%, US Bancorp and BNY Mellon among those flagged",Moderate,credit_event,2023-09-H2-r2,2023-09-19,date_corrected,4424
Canada expels Indian diplomat over alleged Sikh leader assassination plot,2023-09-18,"Indian rupee fell 0.3%, Indian equities broadly flat; diplomatic shock contained",Low,geopolitical_diplomatic,2023-09-H2-r2,2023-09-18,confirmed,4425
Nikkei 225 drops 1.5% as BOJ holds ultra-loose policy but signals flexibility,2023-09-22,"Nikkei down 1.5%, yen weakened to 148.2 per dollar on unchanged yield curve control",Moderate,monetary_policy,2023-09-H2-r2,2023-09-22,confirmed,4426
German Ifo business climate index falls to lowest level since 2020 pandemic,2023-09-25,"DAX down 0.9%, EUR/USD slipped to 1.057 on deepening German recession fears",Moderate,fiscal_policy,2023-09-H2-r2,2023-09-25,confirmed,4427
China's PBOC sets yuan fixing at strongest bias in a year to stem currency slide,2023-09-26,"Offshore yuan stabilized near 7.30 per dollar, CSI 300 up 0.4%",Low,monetary_policy,2023-09-H2-r2,2023-09-26,confirmed,4428
"Nike cuts full-year revenue outlook, shares drop on weak China sales",2023-12-21,"NKE down 11%, worst day since 2022",High,mega_cap_earnings,2023-12-H2-r2,2023-12-21,confirmed,4429
Carnival Corp raises 2024 profit guidance as cruise demand surges,2023-12-21,"CCL up 8%, cruise sector up 3-5%",Moderate,mega_cap_earnings,2023-12-H2-r2,2023-12-21,confirmed,4430
"Japan's Nikkei closes above 33,000 for first time in 34 years",2023-05-17,"Nikkei up 0.9%, yen at 142 per dollar",Low,election_political,2023-12-H2-r2,2023-12-28,date_corrected,4431
European natural gas prices fall to two-year lows on mild winter weather,2023-12-19,"TTF gas futures down 8%, below 30 EUR/MWh",Moderate,energy_opec,2023-12-H2-r2,2023-12-19,confirmed,4432
Panama Canal restricts ship crossings to 22 per day due to severe drought,2023-11-03,"Shipping rates up 15%, dry bulk index rises",Moderate,supply_disruption,2023-12-H2-r2,2023-12-16,date_corrected,4433
US Treasury issues new sanctions targeting Russian oil revenue and tanker fleet,2023-12-22,"Urals crude discount widens, RUB down 1.5%",Low,geopolitical_diplomatic,2023-12-H2-r2,2023-12-22,confirmed,4434
Copper prices hit four-month high on China stimulus optimism and supply concerns,2023-12-27,Copper futures up 2.3% to $3.90 per pound,Low,supply_disruption,2023-12-H2-r2,2023-12-27,unverified,4435
Moody's downgrades China's credit outlook to negative from stable,2023-12-05,"Hang Seng down 1.9%, yuan weakened slightly",Moderate,credit_event,2023-12-H1-r2,2023-12-05,confirmed,4436
"US Treasury sanctions intensify on Russian diamond trade, targeting Alrosa",2023-12-01,"Diamond futures and Alrosa-linked assets fell, minimal SPX impact",Low,geopolitical_diplomatic,2023-12-H1-r2,2023-12-01,unverified,4437
Exxon Mobil completes $60B acquisition of Pioneer Natural Resources,2024-05-03,"PXD up 0.5%, XOM flat on close of deal announcement confirmation",Low,mega_cap_corporate,2023-12-H1-r2,2023-12-05,date_corrected,4438
Venezuela holds referendum on annexing Guyana's Essequibo oil region,2023-12-03,"Guyana-linked oil assets volatile, Brent up 0.8% on geopolitical risk",Low,geopolitical_military,2023-12-H1-r2,2023-12-03,confirmed,4439
"Palantir surges after Q4 2023 earnings beat, raises full-year AI revenue guidance",2024-02-05,"PLTR up 30% intraday, highest single-day gain since IPO",Moderate,mega_cap_earnings,2024-02-H1-r2,2024-02-05,confirmed,4460
"China cuts five-year loan prime rate by 25bp to 3.95%, largest cut on record",2024-02-20,"CSI 300 up 1.5%, AUD up 0.4% on China stimulus hopes",Moderate,monetary_policy,2024-02-H1-r2,2024-02-20,confirmed,4461
Copper prices fall to two-month low on persistent weak China demand signals,2024-02-08,"Copper futures down 1.8%, mining stocks in London down 1-2%",Low,supply_disruption,2024-02-H1-r2,2024-02-08,unverified,4462
"US Senate passes $95 billion foreign aid package for Ukraine, Israel, and Taiwan",2024-02-13,"Defense stocks up 1-2%, SPX broadly unchanged",Low,geopolitical_military,2024-02-H1-r2,2024-02-13,date_corrected,4463
"Hertz announces plan to sell 20,000 EVs from fleet, takes $245 million depreciation charge",2024-01-11,"HTZ down 25%, Tesla down 2% on fleet demand concerns",Moderate,mega_cap_corporate,2024-02-H1-r2,2024-02-06,date_corrected,4464
"Argentina peso devaluation drives monthly inflation to 20.6%, highest since 1991 hyperinflation",2024-02-14,"Argentine sovereign bonds fell 2%, Merval index volatile",Low,fiscal_policy,2024-02-H1-r2,2024-02-14,unverified,4465
"Berkshire Hathaway reports Q4 earnings, operating profit hits record $37.4B",2024-02-24,"BRK.B up 1.2%, Buffett letter highlights cash pile near $168B",Low,mega_cap_earnings,2024-02-H2-r2,2024-02-24,confirmed,4466
Block Inc shares tumble after Q4 revenue misses Wall Street estimates,2024-02-22,SQ down 14% on the day,Moderate,mega_cap_earnings,2024-02-H2-r2,2024-02-22,confirmed,4467
"Palo Alto Networks slashes annual revenue outlook, shares crater 28%",2024-02-20,"PANW down 28%, worst single-day drop in company history",High,mega_cap_earnings,2024-02-H2-r2,2024-02-20,confirmed,4468
China cuts five-year loan prime rate by record 25bp to 3.95%,2024-02-20,"CSI 300 up 1.3%, yuan strengthened slightly",Moderate,monetary_policy,2024-02-H2-r2,2024-02-20,confirmed,4469
US imposes new sanctions on over 500 Russian targets after Navalny death,2024-02-23,"Ruble weakened 0.8%, Russian assets largely frozen from Western markets",Low,geopolitical_diplomatic,2024-02-H2-r2,2024-02-23,confirmed,4470
Rio Tinto reports full-year profit down 12% on weaker iron ore prices,2024-02-21,"RIO London shares down 2.1%, iron ore futures dipped 1%",Low,mega_cap_earnings,2024-02-H2-r2,2024-02-21,confirmed,4471
Paramount Global explores merger talks with Skydance Media amid streaming losses,2024-02-22,PARA up 5% on deal speculation,Low,mega_cap_corporate,2024-02-H2-r2,2024-02-22,confirmed,4472
"Cocoa futures hit all-time record above $6,000 per ton on West Africa crop failure",2024-02-26,"Cocoa futures up 8% on the week, highest price in 46 years",Moderate,supply_disruption,2024-02-H2-r2,2024-02-26,confirmed,4473
"Tesla Q4 2023 earnings miss estimates, warns of notably lower growth in 2024",2024-01-24,"TSLA down 12% next day, worst single-day drop in over a year",High,mega_cap_earnings,2024-01-H2-r2,2024-01-24,confirmed,4474
"ASML Q4 2023 orders collapse to 1.1B euros, far below 2.6B forecast",2024-01-24,"ASML down 9%, dragged semiconductor ETF SOXX down 2%",High,mega_cap_earnings,2024-01-H2-r2,2024-01-24,confirmed,4475
Evergrande ordered liquidated by Hong Kong court after debt restructuring fails,2024-01-29,"Hang Seng down 2.3%, Chinese property stocks fell 5-10%",High,credit_event,2024-01-H2-r2,2024-01-29,confirmed,4476
"US drone base Tower 22 in Jordan attacked, three US soldiers killed",2024-01-28,"Oil up 1.5%, gold up 0.8%, SPX little changed",Low,geopolitical_military,2024-01-H2-r2,2024-01-28,confirmed,4477
"Novartis Q4 2023 earnings beat, raises 2024 guidance on Kisqali demand",2024-01-30,"NVS up 3.2%, European pharma index outperformed",Low,mega_cap_earnings,2024-01-H2-r2,2024-01-30,unverified,4478
Kansas City Southern merger integration raises STB regulatory scrutiny flags,2024-01-22,"CP down 1.8%, rail sector underperformed broader market",Low,regulatory,2024-01-H2-r2,2024-01-22,unverified,4479
"Spotify announces 17% global workforce reduction, cutting 1,500 jobs",2023-12-04,SPOT up 7% on cost-cutting optimism,Moderate,mega_cap_corporate,2023-12-H1-r2,2023-12-04,confirmed,4440
China's Evergrande founder Hui Ka Yan placed under police control,2023-09-28,"Hang Seng property index down 2.1%, broader EM sentiment weakened",Moderate,credit_event,2023-12-H1-r2,2023-12-03,date_corrected,4441
European natural gas prices fall to lowest level since mid-2021 on mild weather,2023-12-12,"TTF Dutch gas futures down 6%, European utilities sector fell 1.2%",Moderate,energy_opec,2023-12-H1-r2,2023-12-12,unverified,4442
"Brazil's Lula signs framework ending Amazon Fund freeze, unlocking $500M",2023-12-07,"BRL strengthened 0.4%, Brazilian equities broadly flat",Low,fiscal_policy,2023-12-H1-r2,2023-12-07,unverified,4443
Japan's Nikkei surges as yen weakens past 145 per dollar in early 2024,2024-01-04,"Nikkei up 0.3%, USD/JPY above 145",Low,monetary_policy,2024-01-H1-r2,2024-01-04,confirmed,4444
"Catastrophic 7.6 magnitude earthquake strikes Noto Peninsula, Japan",2024-01-01,"Nikkei down 0.5% on first trading day, yen briefly strengthened",Low,natural_disaster,2024-01-H1-r2,2024-01-01,confirmed,4445
Goldman Sachs Q4 earnings miss estimates as consumer unit losses weigh,2024-01-16,"GS down 0.9%, revenue $11.32B vs $11.54B estimate",Low,mega_cap_earnings,2024-01-H1-r2,2024-01-15,date_corrected,4446
Morgan Stanley Q4 earnings beat estimates on strong wealth management revenue,2024-01-16,MS up 1.2% after reporting EPS of $1.13 vs $1.01 estimate,Low,mega_cap_earnings,2024-01-H1-r2,2024-01-16,confirmed,4447
Pakistan foreign exchange reserves fall to critically low levels amid IMF talks,2024-01-05,"Pakistani rupee down 1.5%, KSE-100 index fell 0.8%",Low,credit_event,2024-01-H1-r2,2024-01-05,unverified,4448
Red Sea crisis pushes Suez Canal shipping volumes down sharply as rerouting accelerates,2024-01-08,"Dry bulk freight rates up 15%, container spot rates up 30% week-on-week",Moderate,supply_disruption,2024-01-H1-r2,2024-01-08,confirmed,4449
Argentina's Milei removes price controls and devalues peso 50% in shock therapy reform,2023-12-13,"Argentine peso fell further on parallel market, Merval index volatile",Moderate,fiscal_policy,2024-01-H1-r2,2024-01-02,date_corrected,4450
Adobe abandons $20B Figma acquisition after EU and UK regulatory blocks,2023-12-18,"ADBE up 15% on deal termination, Figma receives $1B breakup fee",High,regulatory,2024-03-H1-r2,2024-03-01,date_corrected,4451
US imposes new sanctions on over 500 Russian targets on invasion anniversary,2024-02-23,"Ruble weakened 0.8%, Russian assets fell; SPX flat",Low,geopolitical_diplomatic,2024-03-H1-r2,2024-02-23,confirmed,4452
"New York Community Bancorp cuts dividend again, shares hit multi-decade low",2024-03-06,"NYCB down 25%, KRE regional bank ETF down 3%",High,credit_event,2024-03-H1-r2,2024-03-06,confirmed,4453
Ethereum ETF approval odds rise as SEC delays decision on multiple applications,2024-03-04,"ETH up 12% over the week, broader crypto rally extended",Moderate,regulatory,2024-03-H1-r2,2024-03-04,unverified,4454
UK economy exits technical recession with 0.2% GDP growth in January,2024-03-12,"GBP up 0.4%, FTSE 100 up 0.5%",Low,fiscal_policy,2024-03-H1-r2,2024-03-12,confirmed,4455
Broadcom reports strong Q1 earnings driven by AI chip demand surge,2024-03-07,"AVGO up 7% after hours, Philadelphia Semiconductor Index up 1.5%",Moderate,mega_cap_earnings,2024-03-H1-r2,2024-03-07,confirmed,4456
"Cocoa futures hit all-time record above $7,000 per metric ton on supply crisis",2024-03-05,"Cocoa futures up 15% on the week, highest ever nominal price",Moderate,supply_disruption,2024-03-H1-r2,2024-03-05,confirmed,4457
"Snap reports Q4 2023 earnings, daily active users beat estimates at 414 million",2024-02-06,"SNAP up 4% after hours, social media peers lifted",Low,mega_cap_earnings,2024-02-H1-r2,2024-02-06,confirmed,4458
US imposes sanctions on Iranian-linked entities after Jordan base attack kills three soldiers,2024-02-02,"Oil up 0.8%, SPX broadly flat",Low,geopolitical_diplomatic,2024-02-H1-r2,2024-02-02,confirmed,4459
SoftBank reports quarterly loss as Vision Fund writedowns continue,2023-11-06,"9984.T down 3.1%, Vision Fund loss ¥931B",Low,mega_cap_earnings,2023-11-H1-r2,2023-11-06,confirmed,4400
Icahn Enterprises shares fall after Hindenburg Research fraud allegations resurface,2023-11-09,"IEP down 6%, bonds widen 40bp",Low,credit_event,2023-11-H1-r2,2023-11-09,unverified,4401
"Japan 30-year bond yield rises to 2.0%, highest since 2013 amid BOJ speculation",2023-11-13,"JGB 30Y yield at 2.0%, yen weakens past 151",Moderate,monetary_policy,2023-11-H1-r2,2023-11-13,unverified,4402
EU antitrust regulators open formal investigation into Microsoft Activision integration,2023-11-08,"MSFT down 0.4%, ATVI flat",Low,regulatory,2023-11-H1-r2,2023-11-08,unverified,4403
Natural gas prices in Europe fall to 11-month low on mild weather and full storage,2023-11-14,"TTF gas futures down 8% on the week, below €45/MWh",Low,energy_opec,2023-11-H1-r2,2023-11-14,unverified,4404
"Binance pleads guilty to AML violations, CZ resigns as CEO, pays $4.3B fine",2023-11-21,"BTC down 5% intraday, BNB down 8% on the day",Moderate,regulatory,2023-11-H2-r2,2023-11-21,confirmed,4405
Moody's downgrades China's credit outlook to negative citing fiscal risks,2023-12-05,"Chinese yuan weakened 0.3%, Hang Seng down 1.9%",Moderate,credit_event,2023-11-H2-r2,2023-12-05,confirmed,4406
"UK autumn statement cuts National Insurance by 2p, boosts growth forecasts",2023-11-22,"GBP up 0.3%, FTSE 100 up 0.5%, gilt yields little changed",Low,fiscal_policy,2023-11-H2-r2,2023-11-22,confirmed,4407
Walmart raises full-year guidance after strong Q3 earnings beat,2023-11-16,"WMT up 8%, best single-day gain in over a year",Moderate,mega_cap_earnings,2023-11-H2-r2,2023-11-16,confirmed,4408
Gap reports surprise Q3 profit as Old Navy and Athleta stabilize,2023-11-16,GPS up 31% in after-hours trading,Moderate,mega_cap_earnings,2023-11-H2-r2,2023-11-16,confirmed,4409
China's new home prices fall for fifth consecutive month in October,2023-11-16,"Hang Seng Properties index down 1.4%, iron ore futures down 2%",Low,credit_event,2023-11-H2-r2,2023-11-16,confirmed,4410
"German court rules government's climate fund transfer unconstitutional, creating 60B euro budget hole",2023-11-15,"DAX down 1.1%, EUR weakened 0.4% vs USD",Moderate,fiscal_policy,2023-11-H2-r2,2023-11-15,confirmed,4411
US Treasury issues new sanctions targeting Iranian oil revenue networks,2023-11-17,"WTI oil up 0.8%, broader market reaction minimal",Low,geopolitical_diplomatic,2023-11-H2-r2,2023-11-17,unverified,4412
"Moody's cuts US credit outlook to negative, cites fiscal deficits and polarization",2023-11-10,"SPX down 0.1%, 10-year yield fell 5bp on flight to quality",Low,credit_event,2023-10-H2-r2,2023-11-10,confirmed,4413
"Bank of Japan widens yield curve control band, allows 10-year JGB yield up to 1%",2023-10-31,"Yen strengthened 0.8%, Nikkei fell 0.9%, JGB yields spiked to 0.95%",Moderate,monetary_policy,2023-10-H2-r2,2023-10-31,confirmed,4414
Chevron agrees to acquire Hess Corporation for $53 billion in all-stock deal,2023-10-23,"HES up 4.5%, CVX down 3.7%",Moderate,mega_cap_corporate,2023-10-H2-r2,2023-10-23,confirmed,4415
China Q3 GDP beats at 4.9% growth but property sector remains under severe stress,2023-10-18,"Hang Seng up 1.1%, CSI 300 up 0.5% on relief",Low,fiscal_policy,2023-10-H2-r2,2023-10-18,confirmed,4416
Exxon Mobil agrees to acquire Pioneer Natural Resources for $59.5 billion,2023-10-11,"PXD up 1.8%, XOM down 3.1%, energy sector broadly flat",Low,mega_cap_corporate,2023-10-H2-r2,2023-10-11,confirmed,4417
Turkey central bank raises rates by 500bp to 35% in aggressive inflation fight,2023-10-26,"Turkish lira strengthened 1.2%, BIST 100 index up 2.3%",Moderate,monetary_policy,2023-10-H2-r2,2023-10-26,confirmed,4418
SolarWinds and its CISO charged by SEC over 2020 cyberattack disclosures,2023-10-30,"SWI down 9%, cybersecurity sector sold off modestly",Moderate,cyber_infrastructure,2023-10-H2-r2,2023-10-30,confirmed,4419
Delta Air Lines raises full-year profit guidance on strong travel demand,2024-10-09,"DAL up 4.5%, airline sector ETF JETS up 2.1%",Moderate,mega_cap_earnings,2024-10-H1-r2,2024-10-09,confirmed,4560
US imposes new export restrictions on advanced AI chips to additional countries,2024-10-07,"NVDA down 1.8%, AMAT down 2.3%",Low,regulatory,2024-10-H1-r2,2024-10-07,confirmed,4561
"China's Caixin services PMI falls to 50.3 in September, weakest reading in 2024",2024-10-08,"AUD down 0.5%, copper futures down 1.2%",Low,fiscal_policy,2024-10-H1-r2,2024-10-08,unverified,4562
"Gold futures hit record high above $2,650 per ounce on safe-haven demand",2024-09-26,"Gold futures hit $2,685 intraday, GLD up 1.3%",Moderate,geopolitical_military,2024-10-H1-r2,2024-10-01,date_corrected,4563
Fed cuts rates 25bp but signals fewer cuts in 2025 via dot plot,2024-12-18,"SPX down 2.9%, Nasdaq down 3.6%, VIX spiked to 28",High,monetary_policy,2024-12-H1-r2,2024-12-18,confirmed,4564
"Broadcom reports Q4 earnings, AI chip revenue surges past expectations",2024-12-12,"AVGO up 24% after hours, market cap crossed $1 trillion",High,mega_cap_earnings,2024-12-H1-r2,2024-12-12,confirmed,4565
South Korea National Assembly votes to impeach President Yoon Suk-yeol,2024-12-14,"Korean won stabilized, KOSPI up 1.6% on political clarity",Moderate,election_political,2024-12-H1-r2,2024-12-14,confirmed,4566
US imposes sweeping new semiconductor export controls targeting China AI chips,2024-12-02,"NVDA down 2.5%, ASML down 3.1%, Philadelphia Semiconductor index down 1.8%",Moderate,regulatory,2024-12-H1-r2,2024-12-02,confirmed,4567
Moody's cuts France sovereign credit outlook to negative on fiscal concerns,2024-12-13,"French OAT-Bund spread widened 5bp, CAC 40 down 0.8%",Low,fiscal_policy,2024-12-H1-r2,2024-12-13,unverified,4568
Nippon Steel raises US Steel acquisition bid to $14.9 billion amid political opposition,2024-12-02,"X shares up 1.2%, deal widely expected to face Biden veto",Low,mega_cap_corporate,2024-12-H1-r2,2024-12-02,unverified,4569
Brazil real hits record low as fiscal concerns mount despite rate hikes,2024-12-05,"BRL fell to 6.08 per dollar, Bovespa down 1.5%, BCB intervened",Moderate,fiscal_policy,2024-12-H1-r2,2024-12-05,confirmed,4570
"Cisco reports Q1 FY2025 earnings beat, raises full-year guidance on AI networking demand",2024-11-13,CSCO up 4.5% after hours,Moderate,mega_cap_earnings,2024-11-H1-r2,2024-11-13,confirmed,4571
"Applied Materials Q4 earnings miss estimates, weak China export controls cited",2024-11-14,AMAT down 9% in after-hours trading,High,mega_cap_earnings,2024-11-H1-r2,2024-11-14,confirmed,4572
Germany's coalition government collapses as Scholz fires Finance Minister Lindner,2024-11-06,"DAX down 1.8%, EUR/USD fell to 1.072",Moderate,election_political,2024-11-H1-r2,2024-11-06,confirmed,4573
Moody's cuts France sovereign credit outlook to negative on fiscal concerns,2024-11-13,"French OAT-Bund spread widened to 80bp, CAC 40 down 0.8%",Moderate,fiscal_policy,2024-11-H1-r2,2024-11-13,unverified,4574
"Super Micro Computer misses Nasdaq deadline to file annual report, delisting risk grows",2024-11-05,"SMCI down 15%, wiping $3B in market cap",High,mega_cap_corporate,2024-11-H1-r2,2024-11-05,confirmed,4575
Copper prices fall to two-month low as China stimulus disappoints commodity traders,2024-11-07,"Copper futures down 4.5% on LME, BHP down 3%",Moderate,supply_disruption,2024-11-H1-r2,2024-11-07,confirmed,4576
Trump victory triggers record outflows from emerging market bond funds,2024-11-06,"EM bond ETF EMB down 3.1%, Brazilian real hit record low vs USD",High,credit_event,2024-11-H1-r2,2024-11-08,date_corrected,4577
Nissan and Honda announce merger talks to create world's third-largest automaker,2024-12-18,"Nissan up 24%, Honda down 3% on Tokyo exchange",Moderate,mega_cap_corporate,2024-12-H2-r2,2024-12-18,confirmed,4578
US Treasury designates Gazprombank under new Russia sanctions package,2024-11-21,"Ruble weakened 2%, European gas futures up 4%",Moderate,geopolitical_diplomatic,2024-12-H2-r2,2024-12-20,date_corrected,4579
Micron Technology reports fiscal Q1 earnings miss on weak AI chip demand outlook,2024-12-18,"MU down 16% after hours, Philadelphia Semiconductor Index down 3.5%",High,mega_cap_earnings,2024-12-H2-r2,2024-12-18,confirmed,4580
"Germany's coalition government collapses, snap elections called for February 2025",2024-11-06,"DAX down 0.8%, EUR/USD slipped 0.3%",Low,election_political,2024-12-H2-r2,2024-12-16,date_corrected,4581
Hindenburg Research publishes short report targeting Carvana alleging accounting manipulation,2024-12-19,CVNA down 12% intraday before recovering to down 3%,Moderate,regulatory,2024-12-H2-r2,2024-12-19,unverified,4582
Natural gas futures surge 15% as Arctic blast threatens record US demand,2024-12-23,"Henry Hub natural gas up 15%, utility stocks up 1.5%",Moderate,energy_opec,2024-12-H2-r2,2024-12-23,unverified,4583
China's PBOC holds loan prime rate steady despite calls for stimulus easing,2024-12-20,"CSI 300 down 0.9%, yuan steady at 7.29 per dollar",Low,monetary_policy,2024-12-H2-r2,2024-12-20,confirmed,4584
"Jefferies reports fiscal Q4 earnings beat, investment banking revenue surges 69%",2025-01-08,"JEF up 7%, signaling Wall Street dealmaking recovery",Moderate,mega_cap_earnings,2025-01-H1-r2,2025-01-08,confirmed,4585
South Korea acting president Choi faces impeachment vote amid political crisis,2024-12-27,"KOSPI down 0.8%, Korean won weakened to 1,470 per dollar",Low,election_political,2025-01-H1-r2,2025-01-06,date_corrected,4586
US dollar index hits two-year high above 109 as rate cut bets fade,2025-01-13,"DXY touched 109.5, emerging market currencies broadly sold off",Moderate,monetary_policy,2025-01-H1-r2,2025-01-13,confirmed,4587
UK gilt yields spike to 16-year high above 4.9% on fiscal concerns,2025-01-09,"UK 30-year gilt yield hit 5.37%, GBP fell 1.2% to 1.226 vs USD",High,fiscal_policy,2025-01-H1-r2,2025-01-09,confirmed,4588
Nippon Steel abandons $14.9B US Steel acquisition after Biden blocks deal,2025-01-06,"X shares down 6%, Nippon Steel Tokyo shares down 3%",Moderate,regulatory,2025-01-H1-r2,2025-01-06,confirmed,4589
Natural gas futures surge 10% as Arctic blast grips US Northeast,2025-01-06,"Henry Hub natural gas futures up 10%, UNG ETF up 8%",Moderate,supply_disruption,2025-01-H1-r2,2025-01-06,confirmed,4590
Honeywell announces plan to split into three separate companies,2025-01-14,HON up 4.5% on breakup announcement,Moderate,mega_cap_corporate,2025-01-H1-r2,2025-01-14,confirmed,4591
Wells Fargo Q1 2025 earnings miss on net interest income decline,2025-04-11,"WFC down 3.5%, bank sector under pressure",Moderate,mega_cap_earnings,2025-04-H1-r2,2025-04-11,unverified,4592
ECB cuts interest rates by 25bp to 2.25% amid trade war uncertainty,2025-04-17,"EUR/USD little changed, European equities up 0.5%",Low,monetary_policy,2025-04-H1-r2,2025-04-17,confirmed,4593
"Gold surges past $3,200 per ounce as safe-haven demand intensifies",2025-04-11,"Gold hit record $3,167 intraday, up 3.1% on the week",Moderate,credit_event,2025-04-H1-r2,2025-04-03,date_corrected,4594
"Bitcoin drops below $75,000 as risk-off sentiment sweeps crypto markets",2025-04-07,"BTC down 9% on the day, crypto market cap shed $200B",Moderate,credit_event,2025-04-H1-r2,2025-04-07,confirmed,4595
Taiwan dollar surges in sharpest rally in decades amid USD weakness,2025-05-02,"TWD up 2.8% versus USD, Asian FX broadly stronger",Moderate,geopolitical_diplomatic,2025-04-H1-r2,2025-04-14,date_corrected,4596
Vietnam agrees to pause retaliatory tariffs seeking trade deal with US,2025-04-11,"VN-Index up 2.1%, regional EM equities outperformed",Low,trade_policy,2025-04-H1-r2,2025-04-11,unverified,4597
US sanctions additional Chinese entities over alleged military chip supply,2025-04-09,"NVDA down 2%, AMAT down 1.8%, Philadelphia Semiconductor Index down 1.5%",Moderate,regulatory,2025-04-H1-r2,2025-04-09,unverified,4598
Moody's downgrades China's sovereign credit outlook to negative amid trade war,2025-04-17,"Chinese yuan weakened 0.4%, Hang Seng down 1.2%",Moderate,credit_event,2025-04-H2-r2,2025-04-17,unverified,4599
"China June CPI rises just 0.2% year-over-year, deflation fears persist",2024-07-10,"CSI 300 down 0.8%, copper fell 1.2%",Low,fiscal_policy,2024-07-H1-r2,2024-07-10,confirmed,4500
"ECB holds rates steady at 4.25%, Lagarde signals no rush to cut further",2024-07-18,"EUR/USD down 0.3%, European equities little changed",Low,monetary_policy,2024-07-H1-r2,2024-07-11,date_corrected,4501
BlackRock acquires Global Infrastructure Partners for $12.5 billion,2024-10-01,BLK up 1.8% on deal close confirmation,Low,mega_cap_corporate,2024-07-H1-r2,2024-07-12,date_corrected,4502
Copper prices fall to three-month low on weak Chinese demand outlook,2024-07-08,"HG copper futures down 2.1%, miners FCX and RIO down 3-4%",Moderate,supply_disruption,2024-07-H1-r2,2024-07-08,confirmed,4503
"French snap election produces hung parliament, no majority for Le Pen or left bloc",2024-07-08,"CAC 40 up 1.3%, OAT-Bund spread tightened 10bp on relief",Moderate,election_political,2024-07-H1-r2,2024-07-08,confirmed,4504
Meme stock rally collapses as GameStop and AMC reverse sharply,2024-06-07,"GME down 40%, AMC down 25% on the day",Moderate,mega_cap_corporate,2024-06-H1-r2,2024-06-07,confirmed,4505
Swiss National Bank cuts rates for second consecutive meeting to 1.25%,2024-06-20,"CHF weakened 0.5%, Swiss equities up 0.3%",Low,monetary_policy,2024-06-H1-r2,2024-06-20,confirmed,4506
"Bank of Japan holds rates steady, signals caution on further hikes",2024-06-14,"JPY fell to 157 per dollar, Nikkei up 0.6%",Moderate,monetary_policy,2024-06-H1-r2,2024-06-14,confirmed,4507
Arm Holdings shares hit record high after Nvidia discloses stake,2024-06-13,"ARM up 9% intraday, semiconductor index up 1.2%",Moderate,mega_cap_corporate,2024-06-H1-r2,2024-06-13,unverified,4508
UK inflation falls to 2% target for first time in nearly three years,2024-06-19,"GBP up 0.3%, FTSE 100 up 0.5%, gilt yields fell 5bp",Low,monetary_policy,2024-06-H1-r2,2024-06-19,confirmed,4509
French political turmoil deepens as Macron calls snap parliamentary elections,2024-06-09,"CAC 40 down 1.4%, French OAT-Bund spread widened to 65bp",High,election_political,2024-06-H1-r2,2024-06-09,confirmed,4510
Adobe shares drop after EU regulators block $20B Figma acquisition,2024-06-18,"ADBE up 15% on deal termination fee, Figma deal collapses",Moderate,regulatory,2024-06-H1-r2,2024-06-18,date_corrected,4511
"Apple unveils Apple Intelligence AI features at WWDC, stock hits record",2024-06-10,"AAPL up 7% over three days, market cap reclaimed $3T",High,mega_cap_corporate,2024-06-H2-r2,2024-06-10,confirmed,4512
"ECB cuts rates by 25bp for first time since 2019, euro slips",2024-06-06,"EUR/USD down 0.3%, European equities up 0.5%",Moderate,monetary_policy,2024-06-H2-r2,2024-06-06,confirmed,4513
GameStop shares surge 60% as Roaring Kitty posts on X for first time in years,2024-05-13,"GME up 60% intraday, options volume spiked 10x",Moderate,mega_cap_corporate,2024-06-H2-r2,2024-06-02,date_corrected,4514
OPEC+ extends deep production cuts of 3.66 million bpd into 2025,2024-06-02,WTI fell 1.2% as markets had expected deeper cuts,Low,energy_opec,2024-06-H2-r2,2024-06-02,confirmed,4515
US DOJ charges RealPage with algorithmic rent price-fixing conspiracy,2024-08-23,"RealPage private, apartment REIT index down 0.8%",Low,regulatory,2024-06-H2-r2,2024-06-18,date_corrected,4516
"India's Modi wins third term but loses outright majority, coalition needed",2024-06-04,"Nifty 50 down 4.7%, Indian rupee weakened to record low",High,election_political,2024-06-H2-r2,2024-06-04,confirmed,4517
Paramount Global agrees to merge with Skydance Media in $8B deal,2024-07-07,"PARA up 3%, deal ends months of takeover uncertainty",Low,mega_cap_corporate,2024-06-H2-r2,2024-06-24,date_corrected,4518
Mexico peso drops sharply as Claudia Sheinbaum wins presidential election by landslide,2024-06-03,MXN down 5% on fears of judicial reform and Pemex debt,High,election_political,2024-06-H2-r2,2024-06-03,confirmed,4519
Macy's raises full-year outlook after Q1 earnings beat expectations,2024-05-21,"M up 3.5%, department store peers gained 1-2%",Low,mega_cap_earnings,2024-05-H2-r2,2024-05-21,confirmed,4520
Bitcoin ETF inflows surge past $1B in single week as crypto rally extends,2024-05-16,"BTC rose above $66,000, crypto-linked stocks up 3-5%",Moderate,credit_event,2024-05-H2-r2,2024-05-16,unverified,4521
"China cuts five-year loan prime rate to 3.95%, supporting property sector",2024-02-20,"CSI 300 up 1.2%, iron ore futures up 2%",Moderate,monetary_policy,2024-05-H2-r2,2024-05-20,date_corrected,4522
"Copper prices hit record high above $11,000 per tonne on London Metal Exchange",2024-05-20,"LME copper hit $11,104, miners Freeport and Southern Copper up 4-5%",Moderate,supply_disruption,2024-05-H2-r2,2024-05-20,confirmed,4523
"Alibaba reports Q4 earnings miss, announces $25B buyback amid China slowdown",2024-05-14,"BABA down 6% initially, recovered to close down 3.8%",Moderate,mega_cap_earnings,2024-05-H2-r2,2024-05-16,date_corrected,4524
"Australia's central bank holds rates at 4.35%, signals cuts still distant",2024-05-07,"AUD fell 0.4%, ASX 200 down 0.3%",Low,monetary_policy,2024-05-H2-r2,2024-05-21,date_corrected,4525
Baidu reports Q1 2024 earnings miss as AI investment costs weigh on margins,2024-05-16,"BIDU down 5.6%, Chinese tech ADRs broadly lower",Low,mega_cap_earnings,2024-05-H2-r2,2024-05-16,confirmed,4526
Snowflake shares tumble after Q1 revenue guidance disappoints investors,2024-05-22,"SNOW down 15%, cloud software peers fell 2-4%",Moderate,mega_cap_earnings,2024-05-H2-r2,2024-05-22,confirmed,4527
"France's left-wing NFP bloc wins most seats in snap election, no majority",2024-07-07,"CAC 40 up 1.2% on relief no far-left majority, OAT-Bund spread tightened",Moderate,election_political,2024-07-H2-r2,2024-07-07,confirmed,4528
"Copper falls below $9,000 per tonne on weak China demand signals",2024-07-17,"Copper futures down 4% on the week, hitting two-month lows",Moderate,supply_disruption,2024-07-H2-r2,2024-07-17,confirmed,4529
China Third Plenum concludes with no major stimulus announcement,2024-07-18,"Hang Seng down 1.8%, CSI 300 down 0.5% on disappointment",Moderate,fiscal_policy,2024-07-H2-r2,2024-07-18,confirmed,4530
US DOJ files antitrust lawsuit against RealPage over algorithmic rent pricing,2024-08-23,"RealPage private, broader apartment REIT index down 1.2%",Low,regulatory,2024-07-H2-r2,2024-07-23,date_corrected,4531
Visa Q3 earnings beat estimates as consumer spending remains resilient,2024-07-23,"V up 2.1% after hours, payments sector outperforms",Low,mega_cap_earnings,2024-07-H2-r2,2024-07-23,confirmed,4532
US imposes new restrictions on chip equipment exports to China,2024-07-17,"ASML down 3%, LRCX down 4%, Philadelphia Semiconductor Index down 2.5%",Moderate,trade_policy,2024-07-H2-r2,2024-07-17,confirmed,4533
"Gold hits record high above $2,480 per ounce on rate cut expectations",2024-07-17,"Gold futures up 1.4% to $2,483, GLD ETF volume surges",Low,monetary_policy,2024-07-H2-r2,2024-07-17,unverified,4534
"ServiceNow Q2 earnings beat on AI product adoption, raises full-year outlook",2024-07-24,"NOW up 13% after hours, enterprise software peers rally 1-3%",Moderate,mega_cap_earnings,2024-07-H2-r2,2024-07-24,confirmed,4535
Nvidia briefly loses $500B market cap in global tech selloff on August 5,2024-08-05,"NVDA down 6.4% on the day, recovered partially by week end",High,mega_cap_corporate,2024-08-H1-r2,2024-08-05,confirmed,4536
Japan's Nikkei 225 suffers worst single-day drop since 1987 Black Monday,2024-08-05,"Nikkei down 12.4%, largest point drop in history",High,geopolitical_diplomatic,2024-08-H1-r2,2024-08-05,confirmed,4537
Bank of Japan Deputy Governor Uchida signals no further rate hikes amid market turmoil,2024-08-07,"Nikkei surged 3.5%, yen weakened back toward 147",Moderate,monetary_policy,2024-08-H1-r2,2024-08-07,confirmed,4538
Eli Lilly reports Q2 earnings with Zepbound and Mounjaro sales beating estimates,2024-08-08,"LLY up 9.5%, market cap crossed $900B",Moderate,mega_cap_earnings,2024-08-H1-r2,2024-08-08,confirmed,4539
"US 10-year Treasury yield falls below 3.7%, lowest level since June 2023",2024-08-05,10-year yield hit 3.67% intraday as recession fears drove bond rally,Moderate,monetary_policy,2024-08-H1-r2,2024-08-05,confirmed,4540
South Korea's KOSPI index drops 8.8% in single session amid global carry trade panic,2024-08-05,"KOSPI down 8.8%, circuit breakers triggered, worst day since 2008",High,credit_event,2024-08-H1-r2,2024-08-05,confirmed,4541
"Starbucks fires CEO Laxman Narasimhan, names Chipotle's Brian Niccol as replacement",2024-08-13,"SBUX up 24.5%, largest single-day gain in company history",High,mega_cap_corporate,2024-08-H1-r2,2024-08-13,confirmed,4542
Moody's downgrades France credit outlook to negative amid fiscal concerns,2024-11-29,"French OAT-Bund spread widened to 90bp, CAC 40 down 0.5%",Moderate,fiscal_policy,2024-11-H2-r2,2024-11-29,unverified,4543
"Workday cuts full-year revenue guidance, cites slowing enterprise software demand",2024-11-26,WDAY down 11% after hours,Moderate,mega_cap_earnings,2024-11-H2-r2,2024-11-26,unverified,4544
South Korea opposition files impeachment motion against President Yoon over martial law,2024-12-04,"KOSPI down 1.9%, KRW weakened to 1400 per dollar",Moderate,election_political,2024-11-H2-r2,2024-11-27,date_corrected,4545
China cuts benchmark lending rates as PBOC eases to support slowing economy,2024-11-20,"CSI 300 up 0.8%, yuan steady",Low,monetary_policy,2024-11-H2-r2,2024-11-20,unverified,4546
Zoom Video reports Q3 earnings beat but issues cautious full-year guidance,2024-11-25,ZM down 7% after hours on weak outlook,Low,mega_cap_earnings,2024-11-H2-r2,2024-11-25,unverified,4547
US Treasury imposes sanctions on dozens of Chinese entities over Russia arms supply,2024-11-21,"Chinese ADRs down 1-2%, yuan marginally weaker",Low,geopolitical_diplomatic,2024-11-H2-r2,2024-11-21,unverified,4548
Natural gas futures surge as early winter cold snap grips Europe and North America,2024-11-18,Henry Hub natural gas futures up 12% on the week,Moderate,energy_opec,2024-11-H2-r2,2024-11-18,unverified,4549
Japan ruling LDP coalition loses parliamentary majority in snap election,2024-10-27,"Nikkei down 2.6% Monday, yen weakened to 153 per dollar",High,election_political,2024-10-H2-r2,2024-10-27,confirmed,4550
"McDonald's E. coli outbreak linked to Quarter Pounders kills one, sickens dozens",2024-10-22,MCD down 5.1% on the day,Moderate,mega_cap_corporate,2024-10-H2-r2,2024-10-22,confirmed,4551
Volkswagen considers closing German factories for first time in 87-year history,2024-10-28,"VOW3 down 3%, DAX underperformed peers",Moderate,mega_cap_corporate,2024-10-H2-r2,2024-10-28,confirmed,4552
"Texas Instruments Q3 earnings miss estimates, weak industrial demand outlook",2024-10-22,"TXN down 4.5%, Philadelphia Semiconductor Index down 1.8%",Moderate,mega_cap_earnings,2024-10-H2-r2,2024-10-22,confirmed,4553
US existing home sales fall to lowest level since 2010 as mortgage rates rise,2024-10-23,Homebuilder ETF XHB down 1.4%,Low,fiscal_policy,2024-10-H2-r2,2024-10-23,confirmed,4554
Chevron Q3 earnings miss on lower oil prices and rising production costs,2024-11-01,"CVX down 2.5%, XLE energy ETF down 1%",Low,mega_cap_earnings,2024-10-H2-r2,2024-10-25,date_corrected,4555
"IMF cuts 2025 global growth forecast, warns of rising debt and trade fragmentation",2024-10-22,"EM currencies broadly weaker, SPX flat",Low,geopolitical_diplomatic,2024-10-H2-r2,2024-10-22,unverified,4556
TSMC reports Q3 earnings with revenue up 36% year-on-year on AI chip demand,2024-10-17,"TSM up 9.8%, Philadelphia Semiconductor Index up 3%",High,mega_cap_earnings,2024-10-H1-r2,2024-10-17,confirmed,4557
China's CSI 300 surges 10% in single session on return from Golden Week holiday,2024-10-08,"CSI 300 up 10.2%, largest single-day gain since 2008",High,fiscal_policy,2024-10-H1-r2,2024-10-08,confirmed,4558
UK gilt yields rise as Chancellor Hunt signals borrowing rules may be relaxed,2024-10-11,"10-year gilt yield up 12bp to 4.28%, GBP down 0.4%",Moderate,fiscal_policy,2024-10-H1-r2,2024-10-11,unverified,4559
"Accenture cuts full-year revenue outlook, cites federal contract cancellations",2025-03-20,"ACN down 7%, IT services sector fell 2-3%",Moderate,mega_cap_earnings,2025-03-H2-r2,2025-03-20,confirmed,4620
Micron Technology reports Q2 earnings beat driven by AI memory demand surge,2025-03-20,"MU up 8% after-hours, semiconductor ETF SOXX up 2%",Moderate,mega_cap_earnings,2025-03-H2-r2,2025-03-20,confirmed,4621
US imposes new sanctions on Iranian oil network targeting shadow fleet tankers,2025-03-20,"WTI up 1.2%, tanker stocks mixed",Low,geopolitical_diplomatic,2025-03-H2-r2,2025-03-20,unverified,4622
"GameStop board approves bitcoin treasury strategy, stock surges on announcement",2025-03-26,"GME up 12% intraday, crypto-adjacent equities rallied",Low,mega_cap_corporate,2025-03-H2-r2,2025-03-26,confirmed,4623
European Central Bank warns member states tariff shock could cut eurozone growth by 0.5%,2025-03-25,"EUR/USD slipped 0.4%, Euro Stoxx 50 down 0.8%",Low,monetary_policy,2025-03-H2-r2,2025-03-25,unverified,4624
Brazil real hits record low against dollar as fiscal deficit concerns mount,2025-03-18,"BRL weakened past 5.90 per dollar, Bovespa down 1.5%",Moderate,fiscal_policy,2025-03-H2-r2,2025-03-18,unverified,4625
Dollar General issues profit warning citing consumer trade-down pressure and shrink losses,2025-03-19,"DG down 6%, discount retail sector fell 2%",Moderate,mega_cap_earnings,2025-03-H2-r2,2025-03-19,unverified,4626
"UK inflation rises unexpectedly to 3.0% in February, complicating Bank of England rate path",2025-03-26,"GBP up 0.5%, gilt yields rose 8bp, FTSE 100 down 0.4%",Low,monetary_policy,2025-03-H2-r2,2025-03-26,confirmed,4627
"Palantir reports Q1 2025 earnings, US commercial revenue surges 71% year-over-year",2025-05-05,"PLTR up 8% after hours, closed up 5% next day",Moderate,mega_cap_earnings,2025-05-H1-r2,2025-05-05,confirmed,4628
Germany's coalition government passes €500B infrastructure and defense spending package,2025-03-18,"DAX up 1.1%, German Bund yields rose 6bp",Moderate,fiscal_policy,2025-05-H1-r2,2025-05-02,date_corrected,4629
Novo Nordisk cuts full-year sales guidance as US GLP-1 pricing pressure mounts,2025-05-07,"NVO down 7%, sector peers Eli Lilly down 3%",Moderate,mega_cap_earnings,2025-05-H1-r2,2025-05-07,confirmed,4630
US Department of Justice files antitrust suit against LiveNation over concert ticketing monopoly,2024-05-23,LYV down 4.5%,Low,regulatory,2025-05-H1-r2,2025-05-08,date_corrected,4631
Copper prices fall to six-week low as China manufacturing PMI disappoints at 49.0,2025-05-06,"Copper futures down 3.2%, miners BHP and Rio Tinto down 2%",Moderate,supply_disruption,2025-05-H1-r2,2025-05-06,unverified,4632
Trump administration revokes Harvard University's ability to enroll foreign students,2025-05-22,"Education sector ETF down 1%, broader market flat",Low,regulatory,2025-05-H1-r2,2025-05-22,confirmed,4633
"Arm Holdings reports Q4 FY2025 earnings, royalty revenue beats on AI chip licensing surge",2025-05-07,"ARM up 9% after hours, closed up 6% next session",Moderate,mega_cap_earnings,2025-05-H1-r2,2025-05-07,confirmed,4634
US Senate passes budget reconciliation bill advancing Trump tax cut extensions,2025-05-22,"30-year Treasury yield rose 5bp, SPX up 0.4%",Low,fiscal_policy,2025-05-H1-r2,2025-05-22,confirmed,4635
UnitedHealth Group CEO Andrew Witty resigns amid DOJ fraud investigation,2025-05-13,"UNH down 18% on the day, health insurers sector down 5%",High,mega_cap_corporate,2025-05-H2-r2,2025-05-13,confirmed,4636
"Target reports Q1 earnings miss, comparable sales fall 3.8% on weak discretionary demand",2025-05-21,"TGT down 5%, retail ETF XRT down 1.2%",Moderate,mega_cap_earnings,2025-05-H2-r2,2025-05-21,confirmed,4637
South African rand hits six-month low as ANC budget coalition talks collapse,2025-05-21,"ZAR down 2.3% vs USD, JSE All Share down 1.8%",Low,election_political,2025-05-H2-r2,2025-05-21,unverified,4638
"Palo Alto Networks beats Q3 estimates, raises full-year billings guidance",2025-05-20,"PANW up 7% after hours, cybersecurity ETF BUG up 2%",Moderate,mega_cap_earnings,2025-05-H2-r2,2025-05-20,confirmed,4639
Venezuela military uprising attempt fails as Guaido calls on armed forces to rise,2019-04-30,"Venezuelan bonds fell, oil up 0.8%, EM assets little changed",Low,geopolitical_military,2019-04-H2-r2,2019-04-30,confirmed,4800
3M cuts full-year earnings guidance citing slowing industrial demand globally,2019-04-25,"MMM down 13%, Dow fell 134 points on the day",Moderate,mega_cap_earnings,2019-04-H2-r2,2019-04-25,confirmed,4801
Sri Lanka government imposes social media blackout after Easter Sunday bombings kill 250,2019-04-21,"Colombo Stock Exchange down 2.1% Monday, regional markets unmoved",Low,geopolitical_military,2019-04-H2-r2,2019-04-21,confirmed,4802
"Pinterest prices IPO at $19 per share, above expected range, raising $1.4B",2019-04-18,"PINS opened at $23.75, up 25% on first trading day",Low,mega_cap_corporate,2019-04-H2-r2,2019-04-18,confirmed,4803
Hertz Global files for Chapter 11 bankruptcy after COVID devastates rental demand,2020-05-22,"HTZ down 80% over following days, high-yield credit spreads widened",Moderate,credit_event,2020-05-H2-r2,2020-05-22,confirmed,4804
"JC Penney files for Chapter 11 bankruptcy, to close hundreds of stores",2020-05-15,"JCP shares fell to near zero, retail sector ETF XRT down 1.2%",Low,credit_event,2020-05-H2-r2,2020-05-15,confirmed,4805
"Chesapeake Energy warns of going-concern doubt, bankruptcy filing imminent",2020-05-19,"CHK down 35%, US natural gas producers broadly sold off",Moderate,credit_event,2020-05-H2-r2,2020-05-19,confirmed,4806
Burford Capital wins $10.2 billion judgment against Argentina in YPF nationalization case,2023-08-07,"BUR shares up 12%, Argentina sovereign spreads widened further",Low,regulatory,2020-05-H2-r2,2020-05-19,date_corrected,4807
Tiffany and LVMH merger talks reportedly stalled over COVID valuation dispute,2020-05-25,"TIF down 5%, luxury sector sentiment weakened",Low,mega_cap_corporate,2020-05-H2-r2,2020-05-25,unverified,4808
China's industrial profits fall 27.4% year-on-year in first four months of 2020,2020-05-27,"Shanghai Composite down 0.7%, industrial metals softened",Low,fiscal_policy,2020-05-H2-r2,2020-05-27,confirmed,4809
Gilead Sciences remdesivir receives FDA emergency use authorization for COVID-19,2020-05-01,"GILD up 2.5%, broader biotech index XBI up 1.8%",Moderate,pandemic_health,2020-05-H2-r2,2020-05-01,confirmed,4810
Neiman Marcus files for Chapter 11 bankruptcy protection amid pandemic closures,2020-05-07,"Retail sector credit spreads widened, XRT down 0.8%",Low,credit_event,2020-05-H2-r2,2020-05-07,confirmed,4811
"Microsoft reports Q2 FY2020 earnings, cloud revenue surges 62% to $12.5B",2020-01-29,"MSFT up 2.8% after hours, market cap briefly tops $1.4T",Moderate,mega_cap_earnings,2020-01-H2-r2,2020-01-29,confirmed,4812
Tesla shares surge past $500 on strong delivery outlook and China factory ramp,2020-01-20,"TSLA up 9.8%, stock up over 80% YTD in three weeks",High,mega_cap_corporate,2020-01-H2-r2,2020-01-20,confirmed,4813
UK formally exits European Union at 11pm GMT after 47 years of membership,2020-01-31,"GBP down 0.5%, FTSE 100 down 1.3% on coronavirus fears overshadowing event",Low,geopolitical_diplomatic,2020-01-H2-r2,2020-01-31,confirmed,4814
Davos World Economic Forum opens as global elites debate inequality and climate risk,2020-01-21,"SPX flat, gold up 0.3% as risk sentiment mixed",Low,geopolitical_diplomatic,2020-01-H2-r2,2020-01-21,confirmed,4815
"AT&T reports Q4 2019 earnings, adds 229K postpaid phone subscribers beating estimates",2020-01-29,"T up 3.1%, best single-day gain in months",Low,mega_cap_earnings,2020-01-H2-r2,2020-01-29,confirmed,4816
Emerging market currencies and equities slide as coronavirus fear grips global investors,2020-01-27,"MSCI EM index down 2.3%, Thai baht and Korean won down over 1%",Moderate,pandemic_health,2020-01-H2-r2,2020-01-27,confirmed,4817
"Gold breaks above $1,600 per ounce for first time since 2013 on safe-haven demand",2020-01-27,"Gold hits $1,611 intraday, up 4% on the month",Moderate,supply_disruption,2020-01-H2-r2,2020-01-27,confirmed,4818
Starbucks warns coronavirus will materially impact China comparable store sales,2020-01-28,"SBUX down 2.2%, China accounts for roughly 10% of revenue",Low,mega_cap_corporate,2020-01-H2-r2,2020-01-28,confirmed,4819
Texas Instruments Q1 earnings miss on weak industrial chip demand,2025-04-22,"TXN down 6.5%, Philadelphia Semiconductor Index down 1.8%",Moderate,mega_cap_earnings,2025-04-H2-r2,2025-04-22,confirmed,4600
India imposes retaliatory tariffs on select US agricultural exports,2025-04-24,"US soybean futures down 1.5%, INR steady",Low,trade_policy,2025-04-H2-r2,2025-04-24,unverified,4601
"Eurozone PMI composite index falls to 49.7, signaling contraction",2025-04-23,"EUR/USD down 0.3%, DAX down 0.8%",Low,fiscal_policy,2025-04-H2-r2,2025-04-23,unverified,4602
"Japan's core CPI rises 3.2% year-on-year, adding pressure on BOJ to hike",2025-04-18,"Yen strengthened 0.6%, JGB 10-year yield hit 1.5%",Moderate,monetary_policy,2025-04-H2-r2,2025-04-18,unverified,4603
Commodity trader Trafigura reports record losses on oil derivatives book,2025-04-25,"WTI slipped 1.1%, credit spreads on energy traders widened",Low,credit_event,2025-04-H2-r2,2025-04-25,unverified,4604
US Commerce Department adds more Chinese semiconductor firms to export blacklist,2025-04-28,"NVDA down 2.3%, AMAT down 2.8%, SOX index down 1.5%",Moderate,regulatory,2025-04-H2-r2,2025-04-28,unverified,4605
Nippon Steel abandons $14.9B US Steel acquisition after Biden block upheld,2025-03-06,"X shares down 8%, Nippon Steel Tokyo shares down 4%",Moderate,mega_cap_corporate,2025-03-H1-r2,2025-03-06,fabricated,4606
"China sets 2025 GDP growth target at around 5%, vows fiscal stimulus",2025-03-05,"CSI 300 up 0.8%, copper up 1.2%",Low,fiscal_policy,2025-03-H1-r2,2025-03-05,confirmed,4607
"Broadcom reports Q1 earnings beat, AI chip demand drives revenue above $14B",2025-03-06,"AVGO up 7% after hours, Philadelphia Semiconductor Index up 2%",Moderate,mega_cap_earnings,2025-03-H1-r2,2025-03-06,confirmed,4608
"UK economy contracts 0.1% in January, stoking stagflation fears",2025-03-12,"GBP down 0.4%, FTSE 100 down 0.6%",Low,fiscal_policy,2025-03-H1-r2,2025-03-12,confirmed,4609
"Russia strikes Ukrainian energy grid in largest attack of 2025, killing ceasefire hopes",2025-03-12,"European natural gas futures up 5%, wheat futures up 3%",Moderate,geopolitical_military,2025-03-H1-r2,2025-03-12,unverified,4610
US Treasury sanctions Iranian oil network shipping over 1M barrels per day to China,2025-03-13,"WTI up 1.8%, tanker stocks rose 3-5%",Low,geopolitical_diplomatic,2025-03-H1-r2,2025-03-13,unverified,4611
"Bitcoin drops below $80,000 as crypto risk-off accelerates with equity selloff",2025-03-10,"BTC down 12% on the week, Coinbase COIN down 18%",Moderate,credit_event,2025-03-H1-r2,2025-03-10,confirmed,4612
Apple reports Q1 FY2025 earnings with China revenue falling 11% year-over-year,2025-01-30,"AAPL down 2.1% after-hours, recovered to flat next session",Moderate,mega_cap_earnings,2025-01-H2-r2,2025-01-30,confirmed,4613
"Boeing reports full-year 2024 loss of $11.8 billion, largest annual loss in company history",2025-01-28,"BA down 1.8%, shares had already priced in weakness",Low,mega_cap_earnings,2025-01-H2-r2,2025-01-28,confirmed,4614
"UK inflation rises unexpectedly to 2.5% in December, complicating BOE rate cut path",2025-01-15,"GBP up 0.4%, UK gilt yields rose 6bp",Low,monetary_policy,2025-01-H2-r2,2025-01-15,confirmed,4615
Trump administration revokes Biden-era AI chip export restrictions on day one,2025-01-20,"NVDA up 3.1%, AMD up 2.4%, semiconductor ETF SOXX up 2%",Moderate,regulatory,2025-01-H2-r2,2025-01-20,unverified,4616
Nippon Steel abandons $14.9 billion US Steel acquisition after Biden blocks deal,2025-01-07,"X shares down 6%, Nippon Steel Tokyo shares down 3.2%",Moderate,mega_cap_corporate,2025-01-H2-r2,2025-01-07,confirmed,4617
"Los Angeles wildfires force mass evacuations, insurers face estimated $20 billion in losses",2025-01-08,"ALL down 5%, CB down 4.1%, AIG down 3%; insurance sector hit hard",High,natural_disaster,2025-01-H2-r2,2025-01-08,confirmed,4618
"Eurozone Q4 2024 GDP growth prints flat at 0.0%, Germany contracts for second consecutive year",2025-01-30,"EUR/USD fell 0.4%, DAX down 0.6%, German bund yields dipped 4bp",Low,fiscal_policy,2025-01-H2-r2,2025-01-30,confirmed,4619
Hertz Global files for Chapter 11 bankruptcy after COVID crushes rental demand,2020-05-22,"HTZ down 80% over following days, bonds trading at 40 cents",Moderate,credit_event,2020-05-H1-r2,2020-05-22,confirmed,4820
"Chesapeake Energy warns of going-concern doubt, bankruptcy filing imminent",2020-05-05,"CHK down 33%, energy HY spreads widened",Moderate,credit_event,2020-05-H1-r2,2020-05-05,confirmed,4821
SoftBank reports record $16.7B annual loss on Vision Fund writedowns,2020-05-18,"SoftBank Tokyo shares up 5% on relief rally, Nasdaq flat",Low,mega_cap_earnings,2020-05-H1-r2,2020-05-18,confirmed,4822
"Macy's furloughs nearly all 125,000 employees, draws down credit line",2020-03-30,"M down 6%, XRT retail ETF down 2%",Low,mega_cap_corporate,2020-05-H1-r2,2020-05-07,date_corrected,4823
Oil futures rebound above $25 as US production cuts accelerate and storage fears ease,2020-05-05,"WTI up 20% on the week, recovering from negative-price shock",Moderate,energy_opec,2020-05-H1-r2,2020-05-05,confirmed,4824
China's National People's Congress proposes national security law for Hong Kong,2020-05-21,"Hang Seng down 5.6%, HKD pressure intensified",High,geopolitical_diplomatic,2020-05-H1-r2,2020-05-21,confirmed,4825
J.Crew becomes first major US retailer to file for bankruptcy during pandemic,2020-05-04,"Broader retail sector ETF XRT down 1.8%, credit markets tightened",Low,credit_event,2020-05-H1-r2,2020-05-04,confirmed,4826
European Commission proposes 750B euro recovery fund financed by joint EU debt,2020-05-27,"EUR/USD up 1.5%, Italian BTP spreads tightened 30bp",High,fiscal_policy,2020-05-H1-r2,2020-05-27,confirmed,4827
Nikola Motors surges after announcing GM partnership rumors circulate,2020-09-08,"NKLA up 103% in two days, market cap briefly exceeded Ford",Moderate,mega_cap_corporate,2020-06-H1-r2,2020-06-09,date_corrected,4828
"Brazil real hits record low as COVID deaths accelerate past 40,000",2020-06-02,"BRL/USD hit 5.40 record low, Bovespa down 2.1%",Moderate,pandemic_health,2020-06-H1-r2,2020-06-02,unverified,4829
J.Crew emerges from Chapter 11 bankruptcy with debt-for-equity swap,2020-09-10,"Retail sector ETF XRT up 1.2%, distressed debt markets stabilized",Low,credit_event,2020-06-H1-r2,2020-06-08,date_corrected,4830
"India and China troops clash at Galwan Valley border, casualties reported",2020-06-15,"Indian Sensex down 1.1%, Chinese yuan steady, gold up 0.5%",Low,geopolitical_military,2020-06-H1-r2,2020-06-15,confirmed,4831
Wirecard auditors EY refuse to sign off on 2019 accounts over missing 1.9 billion euros,2020-06-18,"WDI.DE down 61% over three days, DAX down 0.4%",High,credit_event,2020-06-H1-r2,2020-06-05,date_corrected,4832
US Supreme Court rules LGBTQ workers protected from job discrimination,2020-06-15,"SPX up 0.8%, ruling seen as reducing corporate litigation risk",Low,regulatory,2020-06-H1-r2,2020-06-15,confirmed,4833
Copper prices rally to three-month high on China demand recovery signals,2020-06-03,"Copper futures up 3.2% to $2.57 per pound, miners ETF XME up 4%",Moderate,supply_disruption,2020-06-H1-r2,2020-06-03,unverified,4834
Regeneron requests emergency use authorization for COVID antibody cocktail used on Trump,2020-10-07,"REGN up 3.5%, biotech sector outperformed",Moderate,pandemic_health,2020-10-H1-r2,2020-10-07,confirmed,4835
China's Ant Group launches record $34.5B dual IPO in Shanghai and Hong Kong,2020-10-26,Ant Group priced at top of range; Alibaba BABA up 2% on NYSE,Moderate,mega_cap_corporate,2020-10-H1-r2,2020-10-26,confirmed,4836
"UK GDP growth slows sharply in August, raising double-dip recession fears",2020-10-09,"GBP down 0.4%, FTSE 100 down 0.6%",Low,fiscal_policy,2020-10-H1-r2,2020-10-09,unverified,4837
Nikola founder Trevor Milton resigns amid fraud allegations from Hindenburg Research,2020-09-20,"NKLA down 26% on the week, GM stake scrutinized",Moderate,mega_cap_corporate,2020-10-H1-r2,2020-09-20,confirmed,4838
"China reports September CPI falls to 1.7%, signaling deflationary pressure",2020-10-14,"CSI 300 down 0.5%, yuan slightly softer",Low,fiscal_policy,2020-10-H1-r2,2020-10-14,confirmed,4839
"UK inflation rises to 3.5% in April, highest in over a year, driven by energy bills",2025-05-21,"GBP up 0.4%, gilt yields rose 8bp, FTSE 100 down 0.6%",Moderate,monetary_policy,2025-05-H2-r2,2025-05-21,confirmed,4640
"Intesa Sanpaolo launches unsolicited $14B bid for Banco BPM, reshaping Italian banking",2024-11-06,"Banco BPM up 6%, European bank sector ETF up 0.8%",Low,mega_cap_corporate,2025-05-H2-r2,2025-05-16,date_corrected,4641
China cuts 1-year and 5-year loan prime rates by 10bp each to support economy,2025-05-20,"CSI 300 up 0.9%, yuan steady, copper up 0.7%",Low,monetary_policy,2025-05-H2-r2,2025-05-20,confirmed,4642
US Treasury Secretary Bessent warns Congress debt ceiling must be raised by August,2025-05-23,"Short-dated T-bill yields spiked 8bp, DXY down 0.3%",Low,fiscal_policy,2025-05-H2-r2,2025-05-23,unverified,4643
"Intel reports Q2 earnings miss, cuts full-year revenue guidance sharply",2025-07-24,"INTC down 8%, Philadelphia Semiconductor Index down 2%",Moderate,mega_cap_earnings,2025-07-H2-r2,2025-07-24,unverified,4644
"ECB holds rates steady, Lagarde signals September cut remains on table",2025-07-17,"EUR/USD up 0.3%, European equities flat",Low,monetary_policy,2025-07-H2-r2,2025-07-17,unverified,4645
Copper prices fall to three-month low on weak China industrial output data,2025-07-16,"Copper futures down 3.2%, BHP and Rio Tinto down 2-3%",Moderate,supply_disruption,2025-07-H2-r2,2025-07-16,unverified,4646
Brazil real hits six-month low as fiscal deficit concerns resurface,2025-07-22,"BRL down 2.1%, Bovespa down 1.8%",Moderate,fiscal_policy,2025-07-H2-r2,2025-07-22,unverified,4647
"Visa Q3 earnings beat consensus, cross-border transaction volumes accelerate",2025-07-22,"V up 2.8%, Mastercard up 1.5% in sympathy",Low,mega_cap_earnings,2025-07-H2-r2,2025-07-22,unverified,4648
"UK inflation falls to 2.1% in June, below Bank of England target",2025-07-16,"GBP down 0.4%, UK gilt yields fell 6bp",Low,monetary_policy,2025-07-H2-r2,2025-07-16,unverified,4649
"Texas Instruments Q2 revenue misses, industrial and automotive demand remains weak",2025-07-22,"TXN down 6%, analog chip peers sold off 2-4%",Moderate,mega_cap_earnings,2025-07-H2-r2,2025-07-22,unverified,4650
Moody's downgrades France sovereign credit rating to Aa3 on fiscal concerns,2025-08-18,"French OAT 10yr yield up 8bp, CAC 40 down 0.9%",Moderate,credit_event,2025-08-H2-r2,2025-08-18,unverified,4651
Brazil real hits record low as fiscal deficit fears resurface ahead of budget vote,2025-08-19,"BRL down 2.1% to 5.92 per USD, Bovespa down 1.4%",Moderate,fiscal_policy,2025-08-H2-r2,2025-08-19,unverified,4652
"Alibaba reports Q1 FY2026 earnings, cloud revenue grows 18% year-on-year",2025-08-21,BABA up 6.3% in US premarket trading,Moderate,mega_cap_earnings,2025-08-H2-r2,2025-08-21,unverified,4653
EU antitrust regulators open formal probe into Apple App Store fees in Europe,2025-08-22,"AAPL down 1.2%, largely shrugged off by broader market",Low,regulatory,2025-08-H2-r2,2025-08-22,unverified,4654
India bans wheat exports after monsoon crop damage worsens supply outlook,2025-08-25,"Chicago wheat futures up 4.7%, rice futures up 2.1%",Moderate,supply_disruption,2025-08-H2-r2,2025-08-25,unverified,4655
Copper prices fall to four-month low on renewed China property sector concerns,2025-08-27,"LME copper down 3.2% to $8,840 per tonne",Low,credit_event,2025-08-H2-r2,2025-08-27,unverified,4656
Indonesia central bank cuts benchmark rate 25bp to support slowing growth,2025-08-28,"IDR weakened 0.8%, Jakarta Composite up 0.6%",Low,monetary_policy,2025-08-H2-r2,2025-08-28,unverified,4657
"JPMorgan Chase Q2 earnings beat estimates, net interest income rises 4%",2025-07-11,"JPM up 3.5%, KBE bank ETF up 1.8%",Moderate,mega_cap_earnings,2025-07-H1-r2,2025-07-11,unverified,4658
Wells Fargo Q2 profit falls short of estimates on higher credit loss provisions,2025-07-11,"WFC down 4.2%, regional banks sold off 1-2%",Moderate,mega_cap_earnings,2025-07-H1-r2,2025-07-11,unverified,4659
"Palladium surges above $3,000 as Russian supply fears intensify",2022-03-22,"Palladium up 12% on the week, Russia supplies 40% of global output",Moderate,supply_disruption,2022-03-H2-r2,2022-03-22,confirmed,4900
India abstains again as UN votes to suspend Russia from Human Rights Council,2022-04-07,"INR weakened 0.4%, Indian equities underperformed EM peers",Low,geopolitical_diplomatic,2022-03-H2-r2,2022-03-24,date_corrected,4901
German Ifo business climate index plunges to lowest level since mid-2020,2022-03-25,"EUR/USD slipped 0.3%, DAX down 0.8%",Low,fiscal_policy,2022-03-H2-r2,2022-03-25,confirmed,4902
Tencent reports slowest revenue growth since 2004 IPO amid China crackdown,2022-03-23,"Tencent HK down 4%, Hang Seng Tech index down 2.5%",Moderate,mega_cap_earnings,2022-03-H2-r2,2022-03-23,confirmed,4903
"Hungary re-elects Orban in landslide, complicating EU unity on Russia sanctions",2022-04-03,"HUF weakened 0.5%, Hungarian bonds sold off modestly",Low,election_political,2022-03-H2-r2,2022-03-31,date_corrected,4904
Delta Air Lines raises full-year profit outlook despite fuel cost surge,2022-07-13,"DAL up 5%, airline sector rallied 2-3%",Moderate,mega_cap_earnings,2022-07-H1-r2,2022-07-13,confirmed,4905
"China Q2 GDP grows only 0.4% year-over-year, worst since 2020 lockdowns",2022-07-15,"Hang Seng down 2.2%, copper fell 1.5%",High,fiscal_policy,2022-07-H1-r2,2022-07-15,confirmed,4906
Russia cuts Nord Stream 1 gas flow to 40% capacity after turbine dispute,2022-06-16,"European natural gas futures up 8%, EUR/USD fell further",High,supply_disruption,2022-07-H1-r2,2022-07-14,date_corrected,4907
Twitter sues Elon Musk in Delaware court after he terminates $44B acquisition,2022-07-12,"TWTR down 5%, TSLA up 2.5%",Moderate,mega_cap_corporate,2022-07-H1-r2,2022-07-12,confirmed,4908
"Bank of Canada shocks markets with 100bp rate hike, largest since 1998",2022-07-13,"CAD up 0.8%, Canadian 2-year yield spiked 25bp",Moderate,monetary_policy,2022-07-H1-r2,2022-07-13,confirmed,4909
Italian PM Draghi resigns after coalition partners withdraw support,2022-07-21,"Italian BTP spread over Bunds widened 20bp, EUR fell 0.5%",Moderate,election_political,2022-07-H1-r2,2022-07-14,date_corrected,4910
"Rivian cuts 2022 production guidance to 25,000 vehicles citing supply chain constraints",2022-07-06,"RIVN down 8%, EV sector broadly lower",Low,mega_cap_corporate,2022-07-H1-r2,2022-07-06,unverified,4911
LME nickel trading remains volatile as Russia sanctions supply fears persist,2022-07-01,"Nickel futures swung 5% intraday, LME volumes depressed",Low,supply_disruption,2022-07-H1-r2,2022-07-01,unverified,4912
"Microsoft Q4 earnings beat estimates but cloud growth slows, shares dip",2022-07-26,MSFT down 3% after hours on weak Azure growth outlook,Moderate,mega_cap_earnings,2022-07-H2-r2,2022-07-26,confirmed,4913
"Snap Q2 revenue misses badly, company halts hiring and issues no guidance",2022-07-21,"SNAP down 26%, dragged Twitter, Meta, Pinterest down 5-8%",High,mega_cap_earnings,2022-07-H2-r2,2022-07-21,confirmed,4914
Sri Lanka central bank raises rates 100bp as country defaults on foreign debt,2022-07-07,"Sri Lanka rupee at record low, EM sovereign spreads widened",Low,credit_event,2022-07-H2-r2,2022-07-07,unverified,4915
EU agrees emergency plan to cut gas demand by 15% ahead of winter,2022-07-26,"European gas futures up 6%, DAX down 0.8%",Moderate,energy_opec,2022-07-H2-r2,2022-07-26,confirmed,4916
Walmart cuts profit outlook citing inflation impact on consumer spending,2022-07-25,"WMT down 10%, SPX down 0.7%, consumer staples sector fell 2%",High,mega_cap_earnings,2022-07-H2-r2,2022-07-25,confirmed,4917
Biden signs executive order directing FDA to protect interstate abortion access,2022-07-08,"SPX flat, healthcare sector unchanged",Low,regulatory,2022-07-H2-r2,2022-07-08,confirmed,4918
South Korea Q2 GDP growth slows sharply to 0.7% on export weakness,2022-07-26,"KOSPI down 0.9%, Korean won weakened to 1310 per dollar",Low,fiscal_policy,2022-07-H2-r2,2022-07-26,confirmed,4919
"Palantir reports first quarterly profit as public company, shares surge",2021-02-16,PLTR up 11% after-hours on Q4 beat,Moderate,mega_cap_earnings,2021-02-H1-r2,2021-02-16,confirmed,4860
Silver prices spike 13% as Reddit retail traders target SLV short squeeze,2021-02-01,"Silver up 13% intraday to $30/oz, SLV volume record",Moderate,credit_event,2021-02-H1-r2,2021-02-01,confirmed,4861
Spotify acquires podcast platform Megaphone and reports Q4 subscriber beat,2021-02-03,SPOT up 8% on earnings beat and paid subscriber guidance,Low,mega_cap_earnings,2021-02-H1-r2,2021-02-03,unverified,4862
Italy President Mattarella asks Mario Draghi to form new government,2021-02-03,"Italian BTP yields fell 10bp, FTSE MIB up 2.1%",Moderate,election_political,2021-02-H1-r2,2021-02-03,confirmed,4863
China Evergrande reaches debt restructuring agreement with onshore creditors,2021-02-08,"Evergrande HK shares up 5%, Chinese property sector up 2%",Low,credit_event,2021-02-H1-r2,2021-02-08,fabricated,4864
Snap reports Q4 earnings with daily active users up 22% year-on-year,2021-02-04,"SNAP up 9% after-hours, social media peers rallied 1-3%",Low,mega_cap_earnings,2021-02-H1-r2,2021-02-04,confirmed,4865
US Treasury designates two Myanmar military entities under sanctions authority,2021-02-11,"Myanmar kyat weakened 1.5%, frontier EM ETFs down 0.4%",Low,regulatory,2021-02-H1-r2,2021-02-11,confirmed,4866
"BlackRock reports Q2 AUM hits record $9.5 trillion, shares rise",2021-07-14,BLK up 3.1% on earnings day,Low,mega_cap_earnings,2021-07-H1-r2,2021-07-14,confirmed,4867
Wells Fargo Q2 profit surges to $6B as loan-loss reserves released,2021-07-14,"WFC up 4.2%, KBW Bank Index up 1.8%",Moderate,mega_cap_earnings,2021-07-H1-r2,2021-07-14,confirmed,4868
Citigroup Q2 earnings miss estimates as revenue falls 12% year-on-year,2021-07-14,C down 1.1% on report day,Low,mega_cap_earnings,2021-07-H1-r2,2021-07-14,confirmed,4869
"China's producer price index rises 8.8% year-on-year in June, near 13-year high",2021-07-09,"Iron ore futures dropped 4%, copper slipped 1.2%",Moderate,fiscal_policy,2021-07-H1-r2,2021-07-09,confirmed,4870
Germany's Biontech raises full-year vaccine delivery forecast to 2.5 billion doses,2021-07-08,"BNTX up 6.5%, Moderna up 4.1%",Moderate,pandemic_health,2021-07-H1-r2,2021-07-08,unverified,4871
Robinhood files S-1 for IPO targeting $35B valuation on Nasdaq,2021-07-01,Coinbase and fintech peers up 1-2% on sector sentiment,Low,mega_cap_corporate,2021-07-H1-r2,2021-07-01,confirmed,4872
South Korea central bank signals August rate hike as household debt surges,2021-07-15,"Korean won strengthened 0.4%, KOSPI down 0.3%",Low,monetary_policy,2021-07-H1-r2,2021-07-15,confirmed,4873
Copper falls to six-week low as China releases state metal reserves to cool prices,2021-07-05,Copper futures down 2.8% to $4.22/lb,Moderate,supply_disruption,2021-07-H1-r2,2021-07-05,unverified,4874
"Bank of Canada ends QE abruptly, signals earlier rate hikes than expected",2021-10-27,"CAD up 0.8%, Canadian 2-year yield jumped 15bp",Moderate,monetary_policy,2021-10-H2-r2,2021-10-27,confirmed,4875
Australia abandons yield curve control target on 3-year bond amid inflation,2021-11-02,"Australian 3-year yield surged 30bp, AUD volatile",Moderate,monetary_policy,2021-10-H2-r2,2021-10-28,date_corrected,4876
Robinhood Q3 earnings disappoint as crypto trading revenue collapses 78%,2021-10-26,HOOD down 10% after hours,Low,mega_cap_earnings,2021-10-H2-r2,2021-10-26,confirmed,4877
China Evergrande unit Scenery Journey makes last-minute coupon payment avoiding default,2021-10-22,"Evergrande bonds recovered slightly, HY spreads tightened",Low,credit_event,2021-10-H2-r2,2021-10-22,confirmed,4878
UK natural gas prices spike as National Grid warns of possible supply shortfall this winter,2021-10-19,"UK NBP gas up 8%, European utilities stocks fell 2%",Moderate,energy_opec,2021-10-H2-r2,2021-10-19,unverified,4879
US 10-year Treasury yield breaks above 0.80% for first time since June,2020-10-12,"10-year yield hit 0.82%, TLT bond ETF down 0.8%",Moderate,monetary_policy,2020-10-H1-r2,2020-10-12,confirmed,4840
Palantir Technologies prices IPO at $7.25 per share via direct listing on NYSE,2020-09-30,"PLTR opened at $10, closed up 31% on first trading day",Low,mega_cap_corporate,2020-10-H1-r2,2020-09-30,confirmed,4841
India and China agree to disengage troops at Ladakh border after months of standoff,2020-10-13,"Indian Sensex up 0.9%, rupee strengthened slightly",Low,geopolitical_diplomatic,2020-10-H1-r2,2020-10-13,unverified,4842
Pfizer CEO sells $5.6M in stock same day as vaccine trial update,2020-10-16,"PFE down 1.5% on news, broader vaccine optimism faded",Low,mega_cap_corporate,2020-10-H2-r2,2020-10-16,confirmed,4843
Ant Group sets IPO price valuing fintech giant at $313 billion,2020-10-26,"Ant Group priced at 68.8 HKD, largest IPO in history at the time",Moderate,mega_cap_corporate,2020-10-H2-r2,2020-10-20,date_corrected,4844
"China Q3 GDP grows 4.9% year-on-year, economy continues V-shaped recovery",2020-10-19,"CSI 300 up 0.8%, copper up 1.2% on demand optimism",Moderate,fiscal_policy,2020-10-H2-r2,2020-10-19,confirmed,4845
EU and UK trade talks stall as Johnson threatens to walk away,2020-10-16,GBP fell 0.8% to 1.288 vs USD on no-deal fears,Low,geopolitical_diplomatic,2020-10-H2-r2,2020-10-16,confirmed,4846
"China regulators summon Jack Ma, halt Ant Group's $37B dual IPO listing",2020-11-03,"Alibaba BABA down 8%, Hang Seng financials fell sharply",High,regulatory,2020-10-H2-r2,2020-10-30,date_corrected,4847
"Texas Instruments Q3 earnings beat estimates, raises Q4 guidance above consensus",2020-10-20,"TXN up 4.5% after hours, Philadelphia Semiconductor Index up 1%",Low,mega_cap_earnings,2020-10-H2-r2,2020-10-20,confirmed,4848
Oil slides below $38 as OPEC+ compliance concerns mount amid demand slump,2020-10-28,"WTI fell 5.5% to $37.66, energy sector down 4.2%",High,energy_opec,2020-10-H2-r2,2020-10-28,confirmed,4849
ECB signals additional stimulus likely in December amid eurozone slowdown,2020-10-29,"EUR/USD fell 0.4%, European bond yields dropped 3-5bp",Moderate,monetary_policy,2020-10-H2-r2,2020-10-29,confirmed,4850
Biogen Alzheimer's drug Aduhelm receives controversial FDA approval,2021-06-07,"BIIB up 38%, broader biotech index up 3%",High,regulatory,2021-06-H1-r2,2021-06-07,confirmed,4851
"China bans cryptocurrency mining in Sichuan province, last major hub",2021-06-18,"Bitcoin down 10% to near $35,000, crypto miners sold off sharply",High,regulatory,2021-06-H1-r2,2021-06-18,confirmed,4852
Turkey central bank holds rates at 19% despite rising inflation pressure,2021-06-10,"TRY stable, Turkish equities up 0.5%",Low,monetary_policy,2021-06-H1-r2,2021-06-10,confirmed,4853
Lordstown Motors CEO and CFO resign amid fraud allegations over orders,2021-06-14,"RIDE down 16%, EV SPAC sector broadly lower",Moderate,mega_cap_corporate,2021-06-H1-r2,2021-06-14,confirmed,4854
Brazil raises Selic rate by 75bp to 4.25% as inflation accelerates,2021-06-16,"BRL up 0.8%, Brazilian equities flat",Low,monetary_policy,2021-06-H1-r2,2021-06-16,confirmed,4855
Copper prices fall over 8% from record highs on China reserve release signals,2021-06-07,"Copper futures down 8% from May peak, miners BHP and Rio Tinto down 3%",Moderate,supply_disruption,2021-06-H1-r2,2021-06-07,unverified,4856
US Justice Department sues to block Aon and Willis Towers Watson merger,2021-06-16,"AON down 5%, WTW down 3%",Moderate,regulatory,2021-06-H1-r2,2021-06-16,confirmed,4857
"India reports daily COVID cases fall below 100,000 as second wave recedes",2021-06-01,"Sensex up 1.2%, Indian rupee strengthened slightly",Low,pandemic_health,2021-06-H1-r2,2021-06-01,unverified,4858
Amazon founder Jeff Bezos announces he will step down as CEO,2021-02-02,"AMZN up 3.3% on the day, adding ~$60B market cap",Moderate,mega_cap_corporate,2021-02-H1-r2,2021-02-02,confirmed,4859
"Snap Q3 earnings miss badly, blames Apple iOS privacy changes for ad revenue hit",2021-10-21,"SNAP down 26%, digital ad stocks broadly sold off; FB, GOOG, TWTR each fell 5-7%",High,mega_cap_earnings,2021-10-H2-r2,2021-10-21,confirmed,4880
Chile copper output falls to multi-year low as labor strikes and water shortages bite,2021-10-20,"Copper futures up 1.8%, hit near-record $4.80/lb",Low,supply_disruption,2021-10-H2-r2,2021-10-20,unverified,4881
"Hertz orders 100,000 Tesla vehicles in largest EV fleet deal ever",2021-10-25,"TSLA up 8.5%, briefly crossed $1T market cap; HTZZ up 10%",High,mega_cap_corporate,2021-11-H1-r2,2021-11-01,date_corrected,4882
"Zillow shuts iBuying unit Zillow Offers, cuts 25% of workforce",2021-11-02,"Z down 23% on the day, real estate tech peers fell 5-8%",High,mega_cap_corporate,2021-11-H1-r2,2021-11-02,confirmed,4883
European natural gas prices surge 17% as Russian pipeline flows remain low,2021-11-05,"TTF Dutch gas futures up 17%, European utility stocks down 2-3%",Moderate,energy_opec,2021-11-H1-r2,2021-11-05,unverified,4884
Palantir Q3 revenue beats but US government contract growth slows sharply,2021-11-09,PLTR down 12% on earnings day,Moderate,mega_cap_earnings,2021-11-H1-r2,2021-11-09,confirmed,4885
China property developer Kaisa Group misses wealth management product payment,2021-11-10,"Kaisa bonds fell to 50 cents on dollar, Hang Seng Property Index down 3%",Moderate,credit_event,2021-11-H1-r2,2021-11-10,confirmed,4886
SEC rejects VanEck spot Bitcoin ETF application citing market manipulation concerns,2021-11-12,"Bitcoin fell 5% intraday to near $63,000",Low,regulatory,2021-11-H1-r2,2021-11-12,confirmed,4887
Lucid Group reports first vehicle deliveries but cuts 2021 production target to 520,2021-11-15,"LCID down 14%, EV sector broadly lower 2-4%",Moderate,mega_cap_earnings,2021-11-H1-r2,2021-11-15,confirmed,4888
"UK October inflation hits 4.2%, highest in a decade, above 3.9% forecast",2021-11-17,"GBP up 0.4%, UK gilt 2-year yield rose 6bp on rate hike expectations",Low,monetary_policy,2021-11-H1-r2,2021-11-10,date_corrected,4889
"Moody's cuts Russia sovereign rating to Ca, one notch above default",2022-03-06,"Russian Eurobond yields above 20%, CDS spreads hit record highs",High,credit_event,2022-03-H1-r2,2022-03-06,confirmed,4890
LME suspends nickel trading for first time since 1985 after 250% spike,2022-03-08,"Nickel trading halted, LME cancels $3.9B in trades; copper down 2%",High,supply_disruption,2022-03-H1-r2,2022-03-08,confirmed,4891
European gas prices surge 60% in single session on Russia cutoff fears,2022-03-07,"TTF natural gas futures up 60% intraday, DAX down 2.2%",High,energy_opec,2022-03-H1-r2,2022-03-07,confirmed,4892
"Volkswagen, BMW halt production at German plants over Ukraine parts shortage",2022-03-01,"VOW3 down 3.1%, BMW down 2.8% on production disruption news",Moderate,supply_disruption,2022-03-H1-r2,2022-03-01,confirmed,4893
India abstains as UN General Assembly votes 141-5 to condemn Russia invasion,2022-03-02,"INR weakened 0.4%, Indian equities fell 1.5% on geopolitical positioning",Low,geopolitical_diplomatic,2022-03-H1-r2,2022-03-02,confirmed,4894
Snap warns war in Ukraine and macro headwinds will hurt Q1 ad revenue,2022-03-10,"SNAP down 5.3%, META and GOOGL each down 2% in sympathy",Moderate,mega_cap_earnings,2022-03-H1-r2,2022-03-10,unverified,4895
"S&P cuts Russia to CCC-minus, warns selective default increasingly likely",2022-03-15,"Russian sovereign CDS hit 5,000bp, rouble at record low near 130 per dollar",High,credit_event,2022-03-H1-r2,2022-03-15,confirmed,4896
"Aluminum hits all-time record above $4,000 per tonne on Russia sanctions fears",2022-03-07,"LME aluminum up 7% to $4,073, highest ever; aluminum stocks down 3-5%",Moderate,supply_disruption,2022-03-H1-r2,2022-03-07,confirmed,4897
Adobe acquires Figma for $20 billion in largest design software deal,2022-09-15,"ADBE down 2%, deal later blocked by regulators",Low,mega_cap_corporate,2022-03-H2-r2,2022-03-28,date_corrected,4898
"China's Evergrande misses offshore bond coupon deadline, enters grace period",2021-09-23,"Evergrande HK shares down 6%, Chinese HY spreads widen 30bp",Moderate,credit_event,2022-03-H2-r2,2022-03-23,date_corrected,4899
China's central bank PBoC holds loan prime rate steady at 3.65% for sixth month,2023-02-20,"CSI 300 down 0.8%, yuan weakened slightly versus dollar",Low,monetary_policy,2023-02-H2-r2,2023-02-20,confirmed,4960
Evergrande files for Chapter 15 bankruptcy protection in New York court,2023-08-17,"Hong Kong property stocks down 2-4%, Evergrande HK shares halted",Moderate,credit_event,2023-08-H1-r2,2023-08-17,confirmed,4961
Italy imposes 40% windfall tax on bank profits from high interest rates,2023-08-08,"Italian bank stocks down 7-8%, UniCredit and Intesa fell sharply",High,fiscal_policy,2023-08-H1-r2,2023-08-08,confirmed,4962
China's Country Garden misses coupon payments on two dollar bonds,2023-08-07,"Country Garden shares down 18%, Chinese HY credit spreads widened 50bp",High,credit_event,2023-08-H1-r2,2023-08-07,confirmed,4963
Nvidia Q2 earnings triple expectations on AI chip demand surge,2023-08-23,"NVDA up 6% after hours, SOX semiconductor index up 2%",High,mega_cap_earnings,2023-08-H1-r2,2023-08-23,confirmed,4964
"US 30-year fixed mortgage rate hits 7.09%, highest since 2002",2023-08-03,"Homebuilder ETF XHB down 1.5%, existing home sales data weakened",Low,monetary_policy,2023-08-H1-r2,2023-08-03,confirmed,4965
China's Zhongrong International Trust misses payments on dozens of products,2023-08-11,"Chinese financial stocks down 2-3%, CSI 300 down 1.1%",Moderate,credit_event,2023-08-H1-r2,2023-08-11,confirmed,4966
BRICS summit in Johannesburg announces expansion to six new member nations,2023-08-24,"DXY slipped 0.3%, gold up 0.5%, limited market reaction overall",Low,geopolitical_diplomatic,2023-08-H1-r2,2023-08-24,confirmed,4967
"Instacart prices IPO at $30 per share, valuation falls sharply from 2021 peak",2023-09-18,"CART opened at $42, closed at $33.70 on first trading day",Moderate,mega_cap_corporate,2023-09-H1-r2,2023-09-18,confirmed,4968
"UAW strikes against Ford, GM, and Stellantis simultaneously for first time in history",2023-09-15,"F down 2.1%, GM down 1.8%, STLA down 1.5%",Moderate,supply_disruption,2023-09-H1-r2,2023-09-15,confirmed,4969
China Evergrande founder Hui Ka Yan detained by authorities,2023-09-28,"Evergrande HK shares suspended, Chinese property stocks fell 2-4%",Moderate,credit_event,2023-09-H1-r2,2023-09-28,confirmed,4970
Adobe shares drop as EU regulators open probe into $20B Figma acquisition,2023-09-13,ADBE down 3.7% on antitrust concerns,Low,regulatory,2023-09-H1-r2,2023-09-13,confirmed,4971
"Vietnam PM hosts Biden, countries upgrade to comprehensive strategic partnership",2023-09-10,"VN-Index up 1.2%, semiconductor supply chain stocks gained",Low,geopolitical_diplomatic,2023-09-H1-r2,2023-09-10,confirmed,4972
Natural gas prices in Europe spike as Australian LNG workers begin strike action,2023-09-08,European TTF gas futures up 12% on supply disruption fears,Moderate,energy_opec,2023-09-H1-r2,2023-09-08,confirmed,4973
US Commerce Department adds more Chinese chipmakers to export restriction entity list,2023-10-17,"SMIC down 4%, Philadelphia Semiconductor Index down 1.3%",Low,trade_policy,2023-09-H1-r2,2023-09-06,date_corrected,4974
"Boeing 737 MAX door plug blowout prompts FAA production cap, shares slide",2024-01-05,"BA down 3%, year-to-date loss exceeded 35%",Moderate,regulatory,2024-04-H2-r2,2024-04-19,date_corrected,4975
"China Q1 2024 GDP grows 5.3%, beats 4.6% forecast on export surge",2024-04-16,"CSI 300 up 1.4%, AUD and copper prices firmed",Moderate,fiscal_policy,2024-04-H2-r2,2024-04-16,confirmed,4976
"Copper hits two-year high above $9,800 per tonne on supply deficit fears",2024-04-22,"LME copper up 4% on the week, miners BHP and FCX rallied 5%+",Moderate,supply_disruption,2024-04-H2-r2,2024-04-22,confirmed,4977
"Tesla Q1 2024 earnings miss badly, revenue down 9% as EV demand slows",2024-04-23,"TSLA down 12% after hours, worst quarterly revenue miss in years",High,mega_cap_earnings,2024-04-H2-r2,2024-04-23,confirmed,4978
"Japan yen falls past 155 per dollar, triggering intervention warnings from Tokyo",2024-04-26,"USD/JPY hit 155.74, Nikkei fell 1% on intervention anxiety",Moderate,monetary_policy,2024-04-H2-r2,2024-04-26,confirmed,4979
US imposes new restrictions on AI chip exports to Middle East and beyond,2024-09-06,"NVDA down 1.5%, AMAT and LRCX each down 1%",Low,regulatory,2024-09-H1-r2,2024-09-06,unverified,5000
Brazil real hits record low as fiscal deficit concerns mount,2024-09-05,"BRL weakens past 5.50 per USD, Bovespa down 1.1%",Moderate,fiscal_policy,2024-09-H1-r2,2024-09-05,unverified,5001
Iron ore futures fall below $90 per tonne on weak China steel demand,2024-09-10,"SGX iron ore futures down 3.2%, BHP down 2.1%",Moderate,supply_disruption,2024-09-H1-r2,2024-09-10,unverified,5002
Arm Holdings shares hit record high as AI server chip demand drives upgrades,2024-09-03,"ARM up 6.5%, market cap surpasses $150B",Low,mega_cap_corporate,2024-09-H1-r2,2024-09-03,unverified,5003
"Germany's Ifo business climate index falls to 85.4, lowest since 2020",2024-09-25,"DAX down 0.5%, EUR/USD slipped to 1.114",Moderate,fiscal_policy,2024-09-H2-r2,2024-09-25,unverified,5004
"Costco reports Q4 earnings beat, revenue up 1% but membership fee hike noted",2024-09-26,"COST up 1.5% after hours, held gains next session",Low,mega_cap_earnings,2024-09-H2-r2,2024-09-26,confirmed,5005
Brazil real hits record low against dollar as fiscal deficit concerns mount,2024-09-23,"BRL down 1.8% to 5.45 per dollar, Bovespa down 1.1%",Moderate,fiscal_policy,2024-09-H2-r2,2024-09-23,unverified,5006
"Eurozone PMI composite falls to 48.9 in September, contraction deepens",2024-09-23,"EUR/USD down 0.4%, European bank stocks fell 1.2%",Moderate,fiscal_policy,2024-09-H2-r2,2024-09-23,confirmed,5007
"Sweden's Riksbank cuts rates by 25bp, signals further easing ahead",2024-09-25,"SEK weakened 0.6% vs EUR, Swedish equities up 0.4%",Low,monetary_policy,2024-09-H2-r2,2024-09-25,confirmed,5008
US Department of Justice files antitrust suit to break up Visa's debit network,2024-09-24,"V down 5.5%, Mastercard down 3.1%, payment sector sold off",High,regulatory,2024-09-H2-r2,2024-09-24,confirmed,5009
"Swiss National Bank cuts policy rate by 25bp to 1.0%, third consecutive cut",2024-09-26,"CHF weakened 0.5%, Swiss Market Index up 0.3%",Low,monetary_policy,2024-09-H2-r2,2024-09-26,confirmed,5010
Softbank announces $35B deal to acquire Ampere Computing from Renesas,2025-02-06,"Renesas up 5%, SoftBank ADR up 2%",Moderate,mega_cap_corporate,2025-02-H1-r2,2025-02-06,unverified,5011
"UK economy contracts 0.1% in Q4 2024, raising recession fears",2025-02-13,"GBP down 0.5%, FTSE 100 down 0.8%",Moderate,fiscal_policy,2025-02-H1-r2,2025-02-13,confirmed,5012
"Cisco reports Q2 fiscal 2025 earnings, beats estimates on AI networking demand",2025-02-12,CSCO up 5% after hours,Moderate,mega_cap_earnings,2025-02-H1-r2,2025-02-12,confirmed,5013
Trump administration moves to end US Steel acquisition by Nippon Steel,2025-02-06,"X shares down 8%, Nippon Steel Tokyo down 3%",Moderate,regulatory,2025-02-H1-r2,2025-02-06,unverified,5014
EU opens formal antitrust investigation into Apple App Store compliance with DMA,2025-02-05,"AAPL down 0.4%, largely shrugged off",Low,regulatory,2025-02-H1-r2,2025-02-05,unverified,5015
"Gold surges past $2,900 per ounce to record high on safe-haven demand",2025-02-11,"Gold futures hit $2,909, GLD up 1.8%",Moderate,geopolitical_diplomatic,2025-02-H1-r2,2025-02-11,confirmed,5016
"Lyft reports Q4 2024 earnings, beats on revenue and raises full-year guidance",2025-02-11,LYFT up 22% after hours,Moderate,mega_cap_earnings,2025-02-H1-r2,2025-02-11,confirmed,5017
Alibaba surges 14% after reporting strongest revenue growth in over a year,2025-02-20,"BABA up 14%, Hang Seng Tech index up 4%",Moderate,mega_cap_earnings,2025-02-H2-r2,2025-02-20,confirmed,5018
"Medtronic cuts full-year guidance, shares fall on weak procedure volumes",2025-02-18,"MDT down 5.5%, medical device sector down 2%",Moderate,mega_cap_earnings,2025-02-H2-r2,2025-02-18,unverified,5019
Humana slashes 2024 earnings outlook on surging Medicare Advantage costs,2024-04-24,"HUM down 13%, UNH and CVS fell 5-7% in sympathy",High,mega_cap_earnings,2024-04-H2-r2,2024-04-24,confirmed,4980
US imposes new sanctions on Iranian metals and petrochemical sectors,2024-04-18,"Oil up 0.5%, broader market reaction muted",Low,geopolitical_diplomatic,2024-04-H2-r2,2024-04-18,confirmed,4981
Meme stock frenzy lifts Roaring Kitty-linked AMC and BlackBerry alongside GameStop,2024-05-14,"AMC up 78%, KOSS up 50%, broader meme basket surged",Moderate,mega_cap_corporate,2024-05-H1-r2,2024-05-14,confirmed,4982
"Reddit reports first earnings as public company, beats revenue estimates",2024-05-07,"RDDT up 14% after-hours, stock up 25% week-over-week",Moderate,mega_cap_earnings,2024-05-H1-r2,2024-05-07,confirmed,4983
Rivian secures $5B investment from Volkswagen in EV partnership deal,2024-06-25,"RIVN up 35% on the day, largest single-day gain in months",High,mega_cap_corporate,2024-05-H1-r2,2024-05-13,date_corrected,4984
Brazil's Rio Grande do Sul hit by catastrophic floods killing over 100 people,2024-05-03,"Brazilian real weakened 1.2%, Bovespa down 0.8%",Low,natural_disaster,2024-05-H1-r2,2024-05-03,confirmed,4985
"Copper prices hit record high above $10,000 per tonne on supply squeeze",2024-05-14,"LME copper hit $10,730/tonne, mining stocks surged 3-5%",Moderate,supply_disruption,2024-05-H1-r2,2024-05-14,confirmed,4986
China reports April trade surplus of $72.4B as exports rise 1.5% year-on-year,2024-05-09,"Yuan steady, iron ore futures up 2%, Australian dollar gained 0.4%",Low,trade_policy,2024-05-H1-r2,2024-05-09,confirmed,4987
Alibaba scraps planned cloud unit spinoff citing US chip export restrictions,2024-05-14,"BABA down 4%, Hang Seng tech index fell 1.5%",Moderate,regulatory,2024-05-H1-r2,2024-05-14,confirmed,4988
"Estee Lauder cuts annual outlook, shares fall on weak China demand",2024-08-19,"EL down 10%, worst single-day drop in months",Moderate,mega_cap_earnings,2024-08-H2-r2,2024-08-19,unverified,4989
China cuts one-year loan prime rate by 10bp to 3.35% to boost economy,2024-07-22,"CSI 300 up 0.5%, yuan little changed",Low,monetary_policy,2024-08-H2-r2,2024-08-20,date_corrected,4990
Macy's raises full-year guidance after Q2 earnings beat expectations,2024-08-21,"M up 4%, retail sector ETF XRT up 0.8%",Low,mega_cap_earnings,2024-08-H2-r2,2024-08-21,confirmed,4991
Natural gas prices in Europe surge as Norwegian field maintenance cuts supply,2024-08-22,Dutch TTF gas futures up 6% on the week,Moderate,supply_disruption,2024-08-H2-r2,2024-08-22,unverified,4992
South Africa's rand hits six-month high as dollar weakens on Fed cut bets,2024-08-23,ZAR strengthens 1.5% to best level since February 2024,Low,monetary_policy,2024-08-H2-r2,2024-08-23,confirmed,4993
Baidu Q2 earnings miss estimates as China ad revenue growth slows sharply,2024-08-22,"BIDU down 4.5%, Hang Seng Tech index down 1.2%",Moderate,mega_cap_earnings,2024-08-H2-r2,2024-08-22,confirmed,4994
Brazil central bank signals rate hike cycle restart as inflation reaccelerates,2024-08-28,"BRL strengthens 0.8%, Brazilian equities flat",Low,monetary_policy,2024-08-H2-r2,2024-08-28,confirmed,4995
US Department of Justice files antitrust suit against RealPage over rent pricing algorithms,2024-08-23,RealPage privately held; apartment REIT index down 0.6%,Low,regulatory,2024-08-H2-r2,2024-08-23,confirmed,4996
"Boeing machinists union votes to strike, halting 737 and 787 production",2024-09-13,"BA down 3.7%, IAM strike begins midnight",Moderate,supply_disruption,2024-09-H1-r2,2024-09-13,confirmed,4997
ECB's Lagarde signals further cuts possible if inflation data cooperates,2024-09-13,"EUR/USD slips 0.3%, European bank stocks mixed",Low,monetary_policy,2024-09-H1-r2,2024-09-13,confirmed,4998
Adobe scraps $20B Figma acquisition after EU and DOJ antitrust opposition,2023-12-18,"ADBE down 8.3%, Figma deal termination fee $1B",Moderate,regulatory,2024-09-H1-r2,2024-09-04,date_corrected,4999
"Fed holds rates steady, signals one hike likely in 2016",2016-09-21,"SPX up 0.6%, DXY fell 0.6%",Moderate,monetary_policy,2016-09-H2,2016-09-21,confirmed,220
Bank of Japan shifts to yield curve control targeting 0% 10-year JGB,2016-09-21,"Nikkei up 1.9%, yen weakened 0.8%",Moderate,monetary_policy,2016-09-H2,2016-09-21,confirmed,221
Deutsche Bank shares hit 30-year low on $14B DOJ settlement demand,2016-09-16,"DB down 8% on the week, European bank index down 3%",High,credit_event,2016-09-H2,2016-09-16,confirmed,222
OPEC members agree in principle to freeze output at Algiers meeting,2016-09-28,"WTI up 5.9%, SPX energy sector up 4%",High,energy_opec,2016-09-H2,2016-09-28,confirmed,223
Clinton and Trump face off in first US presidential debate at Hofstra,2016-09-26,"SPX up 0.6%, peso MXN up 2% on Clinton perceived win",Moderate,election_political,2016-09-H2,2016-09-26,confirmed,224
Wells Fargo CEO John Stumpf testifies before Senate over fake accounts scandal,2016-09-20,WFC down 2.5% on the week,Moderate,regulatory,2016-09-H2,2016-09-20,confirmed,225
"Apple iPhone 7 goes on sale globally, sets first-weekend sales record",2016-09-16,AAPL up 1.1%,Low,mega_cap_corporate,2016-09-H2,2016-09-16,fabricated,226
"US crude oil inventories fall more than expected, boosting oil prices",2016-09-21,WTI up 3% on the day,Moderate,energy_opec,2016-09-H2,2016-09-21,unverified,227
"UK retail sales beat expectations, easing post-Brexit recession fears",2016-09-22,"GBP up 0.5%, FTSE 100 up 0.3%",Low,geopolitical_diplomatic,2016-09-H2,2016-09-22,confirmed,228
Syria ceasefire collapses as US-Russia tensions escalate over Aleppo,2016-09-19,"SPX down 0.2%, gold up 0.4%",Low,geopolitical_military,2016-09-H2,2016-09-19,confirmed,229
Eurozone PMI composite reading holds above 52 in September flash estimate,2016-09-22,"EUR up 0.3%, Euro Stoxx 50 up 0.4%",Low,fiscal_policy,2016-09-H2,2016-09-22,confirmed,230
Samsung halts Galaxy Note 7 production after replacement units catch fire,2016-10-11,"Samsung KS down 6.5%, component suppliers sold off",High,mega_cap_corporate,2016-09-H2,2016-09-27,date_corrected,231
New Zealand central bank cuts rates 25bp to record low of 2.0%,2016-08-11,NZD down 1.2%,Low,monetary_policy,2016-09-H2,2016-09-22,date_corrected,232
Bayer and Monsanto agree to $66 billion merger deal,2016-09-14,"MON up 2%, BAYRY up 1.5%",Low,mega_cap_corporate,2016-09-H2,2016-09-14,confirmed,233
"Fed raises rates 25bp, signals three hikes in 2017",2016-12-14,"DXY hit 14-year high above 103, SPX down 0.8%",High,monetary_policy,2016-12-H2,2016-12-14,confirmed,234
Russian ambassador to Turkey shot dead in Ankara art gallery,2016-12-19,"Turkish lira fell 1.5%, oil up 0.5%, gold up 0.4%",Moderate,geopolitical_military,2016-12-H2,2016-12-19,confirmed,235
Berlin Christmas market attack kills 12 as truck rams crowd,2016-12-19,"Euro dipped 0.3%, European equities down 0.5%",Low,geopolitical_military,2016-12-H2,2016-12-19,confirmed,236
Italy's Monte dei Paschi di Siena fails to raise private capital,2016-12-22,"Italian bank stocks down 3-5%, FTSE MIB down 1.2%",Moderate,credit_event,2016-12-H2,2016-12-22,confirmed,237
Italian government approves 20 billion euro bank bailout fund,2016-12-23,"Monte dei Paschi shares up 8%, Italian banks recovered",Moderate,fiscal_policy,2016-12-H2,2016-12-23,confirmed,238
US existing home sales hit decade high at 5.61 million annual rate,2016-12-21,"SPX up 0.1%, homebuilder ETF XHB up 0.5%",Low,fiscal_policy,2016-12-H2,2016-12-21,confirmed,239
"Dow Jones Industrial Average falls just short of 20,000 milestone",2016-12-20,"DJIA peaked at 19,987 intraday before retreating, closed down 0.3%",Low,mega_cap_corporate,2016-12-H2,2016-12-20,confirmed,240
Japan's Nikkei 225 closes at highest level since February 2016,2016-12-20,"Nikkei up 0.6%, yen weakened past 118 per dollar",Low,monetary_policy,2016-12-H2,2016-12-20,confirmed,241
Russia and Turkey broker Syria ceasefire deal excluding Western powers,2016-12-29,"Oil up 0.8%, safe-haven gold down 0.3%",Low,geopolitical_diplomatic,2016-12-H2,2016-12-29,confirmed,242
Obama expels 35 Russian diplomats over election hacking allegations,2016-12-29,"SPX down 0.3%, ruble weakened 1.2%",Low,geopolitical_diplomatic,2016-12-H2,2016-12-29,confirmed,243
Trump signs executive order banning travel from seven Muslim-majority countries,2017-01-27,"SPX down 0.6%, VIX up 2 pts",Moderate,geopolitical_diplomatic,2017-01-H2,2017-01-27,confirmed,244
Trump signs order to begin construction of US-Mexico border wall,2017-01-25,"MXN down 1.5%, SPX flat",Low,fiscal_policy,2017-01-H2,2017-01-25,confirmed,245
Trump signs executive order withdrawing US from Trans-Pacific Partnership,2017-01-23,"SPX up 0.3%, minimal reaction",Low,trade_policy,2017-01-H2,2017-01-23,confirmed,246
"Trump inauguration as 45th US President, pledges America First agenda",2017-01-20,"SPX down 0.3%, DXY fell 0.5%",Low,election_political,2017-01-H2,2017-01-20,confirmed,247
"Dow Jones Industrial Average closes above 20,000 for first time",2017-01-25,"DJIA closed at 20,068, SPX up 0.6%",Moderate,mega_cap_corporate,2017-01-H2,2017-01-25,confirmed,248
UK Prime Minister May announces Britain will leave EU single market,2017-01-17,"GBP up 2.9%, FTSE down 0.5%",Moderate,geopolitical_diplomatic,2017-01-H2,2017-01-17,confirmed,249
"Netflix reports Q4 2016 earnings, beats subscriber growth estimates",2017-01-18,NFLX up 8% after-hours,Moderate,mega_cap_earnings,2017-01-H2,2017-01-18,confirmed,250
"IBM reports Q4 2016 earnings, revenue declines for 19th consecutive quarter",2017-01-19,IBM down 4% after-hours,Low,mega_cap_earnings,2017-01-H2,2017-01-19,confirmed,251
Trump administration labels China a currency manipulator in first week,2017-01-23,"CNY strengthened 0.3%, markets largely unmoved",Low,trade_policy,2017-01-H2,2017-01-23,fabricated,252
"ECB holds interest rates steady, Draghi signals no imminent policy change",2017-01-19,"EUR up 0.4%, European equities flat",Low,monetary_policy,2017-01-H2,2017-01-19,confirmed,253
Mexico peso hits record low as Trump threatens border tariffs,2017-01-26,"MXN hit 21.95 per dollar, all-time low",Moderate,trade_policy,2017-01-H2,2017-01-26,confirmed,254
Trump orders review of Dodd-Frank financial regulations via executive order,2017-02-03,"Bank stocks up 1-2%, KBE ETF up 1.5%",Moderate,regulatory,2017-01-H2,2017-01-30,date_corrected,255
UK Supreme Court rules Parliament must vote to trigger Article 50,2017-01-24,"GBP down 0.8%, FTSE 100 up 0.2%",Low,election_political,2017-01-H2,2017-01-24,confirmed,256
Trump tweets criticism of Toyota over Corolla production in Mexico,2017-01-05,"TM down 0.5%, peso weakened slightly",Low,mega_cap_corporate,2017-01-H1,2017-01-05,confirmed,257
"US adds 156,000 jobs in December, unemployment rises to 4.7%",2017-01-06,"SPX up 0.4%, DXY little changed",Low,fiscal_policy,2017-01-H1,2017-01-06,confirmed,258
China forex reserves fall below $3 trillion for first time since 2011,2017-02-07,"CNY weakened, EM currencies under pressure",Moderate,monetary_policy,2017-01-H1,2017-01-07,date_corrected,259
"Trump holds press conference, attacks pharmaceutical pricing practices",2017-01-11,"XPV pharma ETF down 2%, biotech index down 1.8%",Moderate,regulatory,2017-01-H1,2017-01-11,confirmed,260
Trump confirms border wall with Mexico will be built immediately,2017-01-11,"MXN falls 1.2%, peso hits record low near 22 per dollar",Moderate,trade_policy,2017-01-H1,2017-01-11,confirmed,261
BuzzFeed publishes unverified dossier alleging Trump ties to Russia,2017-01-10,"SPX down 0.3%, markets largely shrugged off report",Low,geopolitical_diplomatic,2017-01-H1,2017-01-10,confirmed,262
UK Prime Minister May signals hard Brexit in Sunday Times interview,2017-01-15,"GBP drops 2.5% to $1.20, FTSE 100 up 0.4%",High,geopolitical_diplomatic,2017-01-H1,2017-01-15,confirmed,263
JPMorgan Q4 earnings beat estimates with record full-year profit of $24.7B,2017-01-13,"JPM up 1.1%, KBE bank ETF up 0.8%",Low,mega_cap_earnings,2017-01-H1,2017-01-13,confirmed,264
Wells Fargo Q4 earnings miss as fake accounts scandal costs mount,2017-01-13,"WFC down 1.5%, underperformed bank peers on earnings day",Low,mega_cap_earnings,2017-01-H1,2017-01-13,confirmed,265
Turkey lira hits record low as central bank fails to raise rates,2017-01-11,"TRY down 1.8%, hit 3.93 per dollar intraday",Moderate,monetary_policy,2017-01-H1,2017-01-11,confirmed,266
OPEC and non-OPEC producers begin implementing agreed output cuts,2017-01-01,"WTI holds above $53, modest 0.5% gain on confirmation",Low,energy_opec,2017-01-H1,2017-01-01,confirmed,267
Intelligence chiefs brief Trump on Russian election hacking assessment,2017-01-06,"SPX flat, markets showed no reaction to briefing news",Low,geopolitical_military,2017-01-H1,2017-01-06,confirmed,268
Fed raises federal funds rate by 25bp to 0.50-0.75% range,2016-12-14,"SPX down 0.8%, DXY hit 14-year high above 103",Moderate,monetary_policy,2016-12-H1,2016-12-14,confirmed,269
"Fed signals three rate hikes in 2017, up from two projected",2016-12-14,"USD surged, 10-year Treasury yield rose to 2.60%",High,monetary_policy,2016-12-H1,2016-12-14,confirmed,270
Italy's Prime Minister Renzi resigns after constitutional referendum defeat,2016-12-05,"EUR/USD fell 1.2%, Italian bank stocks down 4-6%",Moderate,election_political,2016-12-H1,2016-12-05,confirmed,271
Monte dei Paschi di Siena fails to raise €5B in private capital,2016-12-22,"BMPS down 12%, European bank index down 2%",Moderate,credit_event,2016-12-H1,2016-12-09,date_corrected,272
OPEC and non-OPEC producers agree first joint output cut since 2001,2016-12-10,"WTI rose above $54, up 3% on the week",Moderate,energy_opec,2016-12-H1,2016-12-10,confirmed,273
Trump nominates ExxonMobil CEO Rex Tillerson as Secretary of State,2016-12-13,"XOM up 1.5%, energy sector outperformed",Low,election_political,2016-12-H1,2016-12-13,confirmed,274
ECB extends QE program by nine months but tapers monthly purchases to €60B,2016-12-08,"EUR/USD initially fell then rallied 1.5%, DAX up 1.8%",Moderate,monetary_policy,2016-12-H1,2016-12-08,confirmed,275
China's yuan falls to eight-year low against US dollar,2016-12-08,"USD/CNY hit 6.95, Chinese stocks fell 0.5%",Low,geopolitical_diplomatic,2016-12-H1,2016-12-08,confirmed,276
UK Supreme Court begins hearing government appeal on Article 50 trigger,2016-12-05,"GBP/USD down 0.4%, FTSE 100 flat",Low,geopolitical_diplomatic,2016-12-H1,2016-12-05,confirmed,277
South Korea's National Assembly votes to impeach President Park Geun-hye,2016-12-09,"KOSPI up 0.9%, Korean won strengthened 0.5%",Low,election_political,2016-12-H1,2016-12-09,confirmed,278
Trump nominates Steve Mnuchin as Treasury Secretary,2016-11-30,"USD index near 14-year high, SPX flat on day",Low,election_political,2016-11-H2,2016-11-30,confirmed,279
OPEC members signal deal closer ahead of November 30 Vienna meeting,2016-11-28,WTI crude up 4% on the week to $47,Moderate,energy_opec,2016-11-H2,2016-11-28,confirmed,280
Italy constitutional referendum set for December 4 as Renzi stakes political future,2016-11-22,"Italian banks down 2-3%, EUR/USD near 1.06",Moderate,election_political,2016-11-H2,2016-11-22,confirmed,281
Fidel Castro dies at age 90 ending 57 years of rule over Cuba,2016-11-26,"SPX futures barely moved, Cuba-linked stocks up slightly Monday",Low,geopolitical_diplomatic,2016-11-H2,2016-11-26,confirmed,282
US dollar index surges to highest level since 2003 on Trump reflation trade,2016-11-23,"DXY hits 102.05, EM currencies under pressure",High,fiscal_policy,2016-11-H2,2016-11-23,confirmed,283
Dow Jones Industrial Average closes above 19000 for first time ever,2016-11-22,"DJIA closes at 19023, SPX up 0.2%",Low,election_political,2016-11-H2,2016-11-22,confirmed,284
Trump meets with major media executives and anchors at Trump Tower,2016-11-21,"Media stocks mixed, SPX up 0.5%",Low,election_political,2016-11-H2,2016-11-21,confirmed,285
Fed minutes signal rate hike coming relatively soon amid strong data,2016-11-23,"2-year Treasury yield up 4bp, SPX up 0.4%",Moderate,monetary_policy,2016-11-H2,2016-11-23,confirmed,286
Trump names Betsy DeVos as Education Secretary and Jeff Sessions as Attorney General,2016-11-18,For-profit education stocks up 3-5%,Low,election_political,2016-11-H2,2016-11-18,confirmed,287
Trump selects retired General James Mattis as Defense Secretary,2016-11-18,"Defense stocks up 1%, SPX flat",Low,election_political,2016-11-H2,2016-11-18,confirmed,288
"Nvidia reports blowout Q3 earnings, raises guidance on AI and gaming demand",2016-11-10,"NVDA up 30% on November 11, largest single-day gain in years",High,mega_cap_earnings,2016-11-H2,2016-11-10,confirmed,289
India rupee hits record low as demonetization cash crisis deepens,2016-11-17,"INR hits 68.86 per USD, Sensex down 1.4%",Moderate,fiscal_policy,2016-11-H2,2016-11-17,confirmed,290
"10-year US Treasury yield hits 2.36%, highest since July 2015 on Trump trade",2016-11-16,"TLT bond ETF down 1.5%, yield up 7bp on the day",Moderate,monetary_policy,2016-11-H2,2016-11-16,confirmed,291
New Zealand earthquake of magnitude 7.8 strikes near Kaikoura,2016-11-13,"NZD down 0.8%, NZX50 down 0.5%",Low,natural_disaster,2016-11-H2,2016-11-14,date_corrected,292
"Trump signs executive order on immigration ban, courts block enforcement",2017-01-27,"SPX down 0.1%, VIX edged up slightly",Low,regulatory,2017-02-H1,2017-02-03,date_corrected,293
Greece debt talks stall as IMF and EU clash over bailout terms,2017-02-06,"Greek 10-year yield spiked to 7.5%, euro dipped 0.3%",Moderate,fiscal_policy,2017-02-H1,2017-02-06,confirmed,294
"Trump and Japanese PM Abe hold summit, reaffirm alliance and trade ties",2017-02-10,"USD/JPY rose 0.8%, Nikkei up 0.9%",Low,geopolitical_diplomatic,2017-02-H1,2017-02-10,confirmed,295
North Korea fires ballistic missile into Sea of Japan during Abe visit,2017-02-12,"Nikkei down 0.5%, gold up 0.4%, yen strengthened briefly",Low,geopolitical_military,2017-02-H1,2017-02-12,confirmed,296
Snap Inc files amended S-1 IPO prospectus revealing $514M in 2016 losses,2017-02-02,"Social media peers dipped 0.5-1%, SNAP IPO buzz continued",Low,mega_cap_corporate,2017-02-H1,2017-02-02,confirmed,297
"Fed Chair Yellen testifies to Senate, signals gradual rate hike path remains on track",2017-02-14,"USD DXY up 0.7%, 2-year Treasury yield rose 5bp",Moderate,monetary_policy,2017-02-H1,2017-02-14,confirmed,298
Trump tells airline executives he will cut regulations and taxes significantly,2017-02-09,"Airline stocks up 1-2%, SPX hit record intraday high",Low,fiscal_policy,2017-02-H1,2017-02-09,confirmed,299
"Trump addresses joint session of Congress, outlines tax reform and infrastructure plans",2017-02-28,"SPX up 1.4%, Dow closes above 21000 for first time",High,fiscal_policy,2017-02-H2,2017-02-28,confirmed,320
Fed Chair Yellen signals March rate hike is live in Senate testimony,2017-02-14,"USD strengthened, 2-year Treasury yield up 6bp, rate hike odds jumped to 40%",Moderate,monetary_policy,2017-02-H2,2017-02-14,confirmed,321
"FOMC minutes from February meeting released, members see rate hike fairly soon",2017-02-22,"SPX flat, USD index up 0.3%, March hike odds rose to 34%",Low,monetary_policy,2017-02-H2,2017-02-22,confirmed,322
Marine Le Pen leads French presidential polls as campaign intensifies,2017-02-20,"French OAT-Bund spread widened to 75bp, CAC40 down 0.3%",Moderate,election_political,2017-02-H2,2017-02-20,confirmed,323
"Walmart reports Q4 earnings, beats on revenue with e-commerce up 29%",2017-02-21,"WMT up 3.1%, retail sector outperformed",Moderate,mega_cap_earnings,2017-02-H2,2017-02-21,confirmed,324
"Home Depot reports Q4 earnings, beats estimates and raises dividend",2017-02-21,"HD up 1.5%, SPX flat on the day",Low,mega_cap_earnings,2017-02-H2,2017-02-21,confirmed,325
North Korea assassinates Kim Jong-nam with nerve agent at Kuala Lumpur airport,2017-02-13,"SPX flat, gold up 0.2%, minimal market reaction",Low,geopolitical_military,2017-02-H2,2017-02-16,date_corrected,326
G20 finance ministers drop anti-protectionism pledge from communique under US pressure,2017-03-18,"USD slightly firmer Monday, EUR down 0.2%, limited market impact",Low,geopolitical_diplomatic,2017-02-H2,2017-02-18,date_corrected,327
Trump signs new executive order on immigration after courts block original travel ban,2017-03-06,"SPX up 0.6%, markets largely ignored the news",Low,election_political,2017-02-H2,2017-02-21,date_corrected,328
Oil prices slip as US crude inventories rise to record 518 million barrels,2017-02-22,"WTI down 1.4% to $53.59, energy stocks fell 0.8%",Low,energy_opec,2017-02-H2,2017-02-22,confirmed,329
"Snap Inc prices IPO at $17 per share, above expected range",2017-03-01,"SNAP surged 44% on first trading day March 2, tech sector up 0.5%",Moderate,mega_cap_corporate,2017-02-H2,2017-02-17,date_corrected,330
Greece debt talks stall as IMF and EU clash over bailout terms,2017-02-17,"Greek 10-year yield rose to 7.5%, EUR down 0.3%",Low,fiscal_policy,2017-02-H2,2017-02-17,confirmed,331
ECB publishes account of January meeting showing no urgency to change policy,2017-02-16,"EUR/USD flat at 1.0650, European equities up 0.2%",Low,monetary_policy,2017-02-H2,2017-02-16,confirmed,332
Dow Jones Industrial Average closes above 20800 for first time on Trump optimism,2017-02-24,"DJIA up 0.2%, SPX at record 2367, VIX below 12",Low,election_political,2017-02-H2,2017-02-24,unverified,333
"Fed raises rates 25bp, signals two more hikes in 2017",2017-03-15,"SPX up 0.8%, DXY fell 0.7% as guidance seen as dovish",Moderate,monetary_policy,2017-03-H1,2017-03-15,confirmed,334
Yellen signals March rate hike imminent in speech,2017-03-03,"Fed funds futures priced 90% March hike, DXY up 0.5%",Moderate,monetary_policy,2017-03-H1,2017-03-03,confirmed,335
"US adds 235,000 jobs in February, unemployment falls to 4.7%",2017-03-10,"SPX up 0.3%, DXY strengthened, cemented March hike expectations",Low,monetary_policy,2017-03-H1,2017-03-10,confirmed,336
Dutch parliament elections approach as Wilders leads polls,2017-03-07,"EUR/USD near 1.058, European political risk premium elevated",Low,election_political,2017-03-H1,2017-03-07,confirmed,337
Trump signs revised travel ban executive order targeting six Muslim-majority nations,2017-03-06,"SPX down 0.1%, markets largely shrugged off revised order",Low,geopolitical_diplomatic,2017-03-H1,2017-03-06,confirmed,338
North Korea fires four ballistic missiles into sea off Japan coast,2017-03-06,"Nikkei down 0.6%, yen strengthened slightly, gold up 0.3%",Low,geopolitical_military,2017-03-H1,2017-03-06,confirmed,339
Softbank and Apple announce joint $1B investment in US manufacturing fund,2017-02-01,"AAPL up 0.5%, broader tech sector little changed",Low,mega_cap_corporate,2017-02-H1,2017-02-01,fabricated,300
Trump administration labels Iran in violation of spirit of nuclear deal,2017-02-03,"Oil up 1.2%, gold up 0.6%, SPX barely moved",Low,geopolitical_diplomatic,2017-02-H1,2017-02-03,confirmed,301
US 9th Circuit Court unanimously upholds block on Trump travel ban,2017-02-09,"SPX up 0.2%, markets largely indifferent to ruling",Low,regulatory,2017-02-H1,2017-02-09,confirmed,302
National Security Advisor Flynn resigns over Russia contacts disclosure,2017-02-13,"SPX dipped 0.1%, VIX ticked up marginally, gold rose 0.3%",Low,election_political,2017-02-H1,2017-02-13,confirmed,303
Yellen House testimony signals Fed on track for multiple 2017 rate hikes,2017-02-14,"SPX up 0.5%, financials sector up 1.1%, DXY up 0.4%",Moderate,monetary_policy,2017-02-H1,2017-02-15,date_corrected,304
Trump hints at major tax reform announcement in coming weeks,2017-02-09,"SPX up 0.7%, hit record close above 2300, financials led gains",Moderate,fiscal_policy,2017-02-H1,2017-02-09,confirmed,305
"Trump wins US presidential election, markets reverse overnight crash",2016-11-08,"SPX futures down 5% overnight, closed up 1.1%; DXY up 1.5%",High,election_political,2016-11-H1,2016-11-08,confirmed,306
Dow Jones surges 250 points as Trump rally accelerates post-election,2016-11-09,"DJIA up 1.4%, financials up 4%, bonds sold off sharply",High,election_political,2016-11-H1,2016-11-09,confirmed,307
US 10-year Treasury yield spikes 20bp on Trump inflation expectations,2016-11-09,"10Y yield jumped from 1.85% to 2.07%, TLT down 2.5%",High,fiscal_policy,2016-11-H1,2016-11-09,confirmed,308
Mexican peso collapses to record low on Trump election victory,2016-11-09,MXN down 13% overnight to record low of 20.7 per dollar,High,geopolitical_diplomatic,2016-11-H1,2016-11-08,date_corrected,309
Fed officials signal December rate hike remains on track after election,2016-11-10,Fed funds futures priced December hike probability above 80%,Moderate,monetary_policy,2016-11-H1,2016-11-10,confirmed,310
Bank stocks surge as Trump win raises hopes for Dodd-Frank rollback,2016-11-09,"KBE bank ETF up 10% over two days, JPM up 6%",High,regulatory,2016-11-H1,2016-11-09,confirmed,311
Gold tumbles over 4% as dollar surges on Trump infrastructure spending bets,2016-11-09,"Gold down 4.3% to $1,258, largest one-day drop in three years",High,fiscal_policy,2016-11-H1,2016-11-09,confirmed,312
OPEC informal meeting in Vienna signals production cut deal within reach,2016-11-11,"WTI oil up 2.5% to $44.50, OPEC members cited progress",Moderate,energy_opec,2016-11-H1,2016-11-11,unverified,313
Emerging market currencies and bonds sell off sharply on strong dollar,2016-11-11,"iShares EM ETF EEM down 4% on the week, BRL and ZAR down 3%+",Moderate,geopolitical_diplomatic,2016-11-H1,2016-11-11,confirmed,314
Cisco reports Q1 earnings beat but issues weak revenue guidance,2016-11-16,CSCO down 7% after-hours on soft forward guidance,Moderate,mega_cap_earnings,2016-11-H1,2016-11-16,confirmed,315
China October trade data shows exports fell 7.3% year-on-year,2016-11-08,"AUD down 0.5%, commodity currencies weakened on China demand fears",Low,trade_policy,2016-11-H1,2016-11-08,confirmed,316
UK High Court rules Parliament must vote to trigger Article 50,2016-11-03,"GBP up 1.2% to 1.245, FTSE 100 down 1%",Moderate,election_political,2016-11-H1,2016-11-03,confirmed,317
"US October jobs report shows 161,000 jobs added, unemployment at 4.9%",2016-11-04,"SPX up 0.2%, dollar little changed, rate hike odds steady",Low,monetary_policy,2016-11-H1,2016-11-04,confirmed,318
Trump infrastructure spending hopes lift US steel and materials stocks,2016-11-10,"US Steel X up 17%, materials sector XLB up 3.5%",Moderate,fiscal_policy,2016-11-H1,2016-11-10,confirmed,319
Saudi Arabia signals OPEC cut compliance remains strong through Q1,2017-03-09,WTI fell to $48 as US inventory build offset OPEC compliance optimism,Moderate,energy_opec,2017-03-H1,2017-03-09,confirmed,340
US crude oil inventories surge to record 528 million barrels,2017-03-08,"WTI dropped 5% to $50.28, biggest one-day drop since November 2016",High,energy_opec,2017-03-H1,2017-03-08,confirmed,341
"Snap Inc prices IPO at $17 per share, valued at $24 billion",2017-03-01,"SNAP opened at $24, surged 44% on first day of trading",Moderate,mega_cap_corporate,2017-03-H1,2017-03-01,confirmed,342
"ECB holds rates steady, Draghi pushes back on taper talk",2017-03-09,"EUR/USD dipped 0.4%, European bond yields fell slightly",Low,monetary_policy,2017-03-H1,2017-03-09,confirmed,343
South Korea court upholds impeachment of President Park Geun-hye,2017-03-10,"KOSPI up 0.7%, Korean won strengthened as political uncertainty cleared",Low,election_political,2017-03-H1,2017-03-10,confirmed,344
China sets 2017 GDP growth target at around 6.5% at National People's Congress,2017-03-05,"Shanghai Composite up 0.5%, commodity stocks rallied on infrastructure spending plans",Low,fiscal_policy,2017-03-H1,2017-03-05,confirmed,345
House Republicans release American Health Care Act to replace Obamacare,2017-03-06,"Hospital stocks fell 3-5%, insurer stocks mixed",Moderate,regulatory,2017-03-H1,2017-03-06,confirmed,346
US imposes new sanctions on Iran over ballistic missile program,2017-02-03,"SPX flat, oil up 0.4%, minimal market reaction",Low,geopolitical_diplomatic,2017-03-H1,2017-03-01,date_corrected,347
"Fed raises rates 25bp, signals two more hikes in 2017",2017-03-15,"SPX up 0.8%, DXY fell as dovish tone surprised markets",Moderate,monetary_policy,2017-03-H2,2017-03-15,confirmed,348
"Dutch election: Rutte's VVD defeats Wilders PVV, easing Eurozone fears",2017-03-15,"EUR up 1.2%, European bank stocks rallied 2%",Moderate,election_political,2017-03-H2,2017-03-15,confirmed,349
UK Supreme Court rules Parliament must vote on Article 50 trigger,2017-01-24,"GBP moved less than 0.3%, markets had priced outcome",Low,geopolitical_diplomatic,2017-03-H2,2017-03-16,date_corrected,350
"Theresa May signs letter triggering Article 50, formally starting Brexit",2017-03-29,"GBP down 0.5%, FTSE 100 up 0.3%, muted reaction",Low,geopolitical_diplomatic,2017-03-H2,2017-03-29,confirmed,351
House Republicans pull American Health Care Act before floor vote,2017-03-24,"SPX down 0.1%, hospital stocks rallied 3-5%",Low,fiscal_policy,2017-03-H2,2017-03-24,confirmed,352
Trump signs executive order rolling back Obama-era climate regulations,2017-03-28,"Coal stocks up 5%, clean energy ETF down 2%",Low,regulatory,2017-03-H2,2017-03-28,confirmed,353
Oil prices slide below $48 as US shale rig count rises sharply,2017-03-22,"WTI down 1.5% to $47.70, energy sector fell 1.2%",Moderate,energy_opec,2017-03-H2,2017-03-22,confirmed,354
G20 finance ministers drop free-trade pledge under US pressure,2017-03-18,"DXY little changed, EUR slipped 0.2%, muted market reaction",Low,trade_policy,2017-03-H2,2017-03-18,confirmed,355
"Nike reports Q3 earnings miss, futures orders decline for first time",2017-03-21,"NKE down 7% after hours, Dow Jones dragged lower",Moderate,mega_cap_earnings,2017-03-H2,2017-03-21,confirmed,356
North Korea fires ballistic missile into Sea of Japan amid US tensions,2017-03-22,"Nikkei down 0.2%, yen strengthened slightly, SPX flat",Low,geopolitical_military,2017-03-H2,2017-03-22,confirmed,357
Westminster Bridge terror attack kills four in London,2017-03-22,"GBP dipped 0.3%, FTSE 100 down 0.2%, recovered quickly",Low,geopolitical_military,2017-03-H2,2017-03-22,confirmed,358
"US debt ceiling suspended period expires, Treasury uses extraordinary measures",2017-03-16,"T-bill yields on short maturities edged up, SPX unaffected",Low,fiscal_policy,2017-03-H2,2017-03-16,confirmed,359
Saudi Arabia reaffirms OPEC production cut compliance above 100%,2017-03-26,"WTI up 0.8% Monday, failed to sustain gains, closed flat",Low,energy_opec,2017-03-H2,2017-03-26,unverified,360
ECB's Draghi signals no urgency to change forward guidance on rates,2017-03-24,"EUR down 0.3%, European bond yields steady",Low,monetary_policy,2017-03-H2,2017-03-24,unverified,361
Trump threatens North Korea with 'fire and fury' over nuclear threats,2017-08-08,"SPX down 1.5%, VIX spiked to 16",Moderate,geopolitical_military,2017-08-H2,2017-08-08,confirmed,362
"North Korea fires Hwasong-12 missile over Hokkaido, Japan",2017-08-29,"Nikkei down 0.5%, gold up 0.6%, VIX up 1 point",Moderate,geopolitical_military,2017-08-H2,2017-08-29,confirmed,363
"Hurricane Harvey makes landfall as Category 4 storm near Rockport, Texas",2017-08-25,"Gasoline futures up 7%, energy stocks mixed, SPX down 0.2%",Moderate,natural_disaster,2017-08-H2,2017-08-25,confirmed,364
Trump pardons former sheriff Joe Arpaio amid political turmoil,2017-08-25,"SPX down 0.2%, markets largely unmoved",Low,election_political,2017-08-H2,2017-08-25,confirmed,365
Yellen says Fed will begin balance sheet normalization 'relatively soon' at Jackson Hole,2017-08-25,"DXY fell 0.5%, SPX up 0.2%, 10-year yield little changed",Low,monetary_policy,2017-08-H2,2017-08-25,confirmed,366
ECB's Draghi gives no new policy signals in Jackson Hole speech,2017-08-25,"EUR/USD up 0.5%, European equities flat",Low,monetary_policy,2017-08-H2,2017-08-25,confirmed,367
Trump threatens to shut down US government over border wall funding,2017-08-22,"SPX down 0.4%, USD weakened slightly",Low,fiscal_policy,2017-08-H2,2017-08-22,confirmed,368
"Harvey floods Houston, shuts down major US refining hub",2017-08-27,"Gasoline futures up 5%, WTI crude down 2% on demand fears",High,supply_disruption,2017-08-H2,2017-08-27,confirmed,369
"Cisco reports Q4 earnings, issues weak revenue guidance on transition to software",2017-08-16,CSCO down 3.9% after hours,Low,mega_cap_earnings,2017-08-H2,2017-08-16,confirmed,370
Trump disbands business advisory councils after CEO exodus over Charlottesville remarks,2017-08-16,"SPX down 0.1%, minimal market reaction",Low,election_political,2017-08-H2,2017-08-16,confirmed,371
"North Korea threatens missile strike on Guam, escalating tensions",2017-08-09,"VIX spiked to 16, SPX down 1.5%, gold up 0.7%",High,geopolitical_military,2017-08-H1,2017-08-09,confirmed,372
Trump warns North Korea will face 'fire and fury' if threats continue,2017-08-08,"SPX down 1.4%, VIX up 2.5 pts, yen strengthened 0.5%",High,geopolitical_military,2017-08-H1,2017-08-08,confirmed,373
Disney reports Q3 earnings miss on ESPN subscriber losses,2017-08-08,"DIS down 4.5%, media sector down 2%",Moderate,mega_cap_earnings,2017-08-H1,2017-08-08,confirmed,374
"Snap reports first earnings as public company, revenue misses estimates",2017-08-10,SNAP down 14% after hours,Moderate,mega_cap_earnings,2017-08-H1,2017-08-10,confirmed,375
"US Senate passes Russia, Iran, and North Korea sanctions bill 98-2",2017-07-27,"RUB weakened 1.2%, Russian equities down 1.5%",Moderate,geopolitical_diplomatic,2017-08-H1,2017-08-02,date_corrected,376
Trump signs Russia sanctions bill into law despite objections,2017-08-02,"SPX flat, Russian ETF RSX down 2%",Low,geopolitical_diplomatic,2017-08-H1,2017-08-02,confirmed,377
"US adds 209,000 jobs in July, unemployment falls to 4.3%",2017-08-04,"SPX up 0.2%, DXY up 0.4%, 10-year yield little changed",Low,fiscal_policy,2017-08-H1,2017-08-04,confirmed,378
China reports July trade surplus narrows as imports surge 11%,2017-08-08,"AUD up 0.3%, commodities steady",Low,trade_policy,2017-08-H1,2017-08-08,unverified,379
Tensions ease as North Korea steps back from Guam strike threat,2017-08-15,"SPX recovered 1.4%, VIX fell back to 12.5",Moderate,geopolitical_military,2017-08-H1,2017-08-15,confirmed,380
Charlottesville violence prompts CEO exodus from Trump business councils,2017-08-14,"SPX down 0.1%, minimal market reaction",Low,election_political,2017-08-H1,2017-08-14,confirmed,381
Janet Yellen testifies Fed may not need many more rate hikes,2017-07-12,"DXY fell 0.5%, SPX up 0.2%",Moderate,monetary_policy,2017-07-H2,2017-07-12,confirmed,382
"Netflix Q2 subscriber growth beats expectations, adds 5.2M globally",2017-07-17,NFLX up 13% after-hours,High,mega_cap_earnings,2017-07-H2,2017-07-17,confirmed,383
Goldman Sachs Q2 earnings miss estimates on weak trading revenue,2017-07-18,"GS down 2.6%, financials sector down 0.5%",Moderate,mega_cap_earnings,2017-07-H2,2017-07-18,confirmed,384
Senate Republicans fail to advance skinny Obamacare repeal bill,2017-07-28,"Hospital stocks up 3-5%, SPX flat",Low,election_political,2017-07-H2,2017-07-28,confirmed,385
"ECB holds rates steady, Draghi signals gradual policy normalization ahead",2017-07-20,"EUR/USD up 0.4%, European equities flat",Low,monetary_policy,2017-07-H2,2017-07-20,confirmed,386
Amazon Q2 earnings miss profit estimates despite record revenue,2017-07-27,AMZN down 3% after-hours,Moderate,mega_cap_earnings,2017-07-H2,2017-07-27,confirmed,387
Alphabet Q2 earnings beat on strong ad revenue growth,2017-07-24,GOOGL up 3.5% after-hours,Moderate,mega_cap_earnings,2017-07-H2,2017-07-24,confirmed,388
US Senate Republicans fail third attempt to repeal Affordable Care Act,2017-07-28,"HCA and hospital stocks surged 5-7%, SPX flat",Low,election_political,2017-07-H2,2017-07-25,date_corrected,389
Venezuela constituent assembly vote deepens political crisis,2017-07-30,"Venezuelan bonds fell, oil markets little changed",Low,geopolitical_diplomatic,2017-07-H2,2017-07-30,confirmed,390
North Korea tests ICBM capable of reaching US mainland,2017-07-28,"Nikkei down 0.3%, gold up 0.4%, SPX flat",Low,geopolitical_military,2017-07-H2,2017-07-28,confirmed,391
"US imposes new sanctions on Russia, Iran and North Korea via legislation",2017-07-27,"RUB weakened 1.5%, Russian equities down 1%",Moderate,geopolitical_diplomatic,2017-07-H2,2017-07-27,confirmed,392
Fed minutes signal balance sheet reduction to begin relatively soon,2017-07-05,"UST 10Y yield rose 3bp, SPX flat",Low,monetary_policy,2017-07-H1,2017-07-05,confirmed,393
"US adds 222,000 jobs in June, beating expectations of 178,000",2017-07-07,"SPX up 0.1%, DXY little changed",Low,fiscal_policy,2017-07-H1,2017-07-07,confirmed,394
North Korea tests ICBM Hwasong-14 capable of reaching Alaska,2017-07-04,"SPX down 0.1%, gold up 0.3%, markets largely shrugged off",Low,geopolitical_military,2017-07-H1,2017-07-04,confirmed,395
"Yellen testifies before Congress, signals gradual rate hikes to continue",2017-07-12,"SPX up 0.5%, USD weakened, 10Y yield fell 4bp",Moderate,monetary_policy,2017-07-H1,2017-07-12,confirmed,396
ECB minutes show policymakers debated removing easing bias from statement,2017-07-06,"EUR/USD up 0.6%, Bund yields rose 5bp",Moderate,monetary_policy,2017-07-H1,2017-07-06,confirmed,397
JPMorgan Chase Q2 earnings beat estimates with record revenue of $26.4B,2017-07-14,"JPM up 0.7%, financials sector up 0.4%",Low,mega_cap_earnings,2017-07-H1,2017-07-14,confirmed,398
"Citigroup Q2 profit rises 6%, beats EPS estimates on trading revenue strength",2017-07-14,"C up 0.9%, KBW Bank Index up 0.5%",Low,mega_cap_earnings,2017-07-H1,2017-07-14,confirmed,399
"US April jobs report shows 211,000 jobs added, unemployment falls to 4.4%",2017-05-05,"SPX up 0.4%, DXY up 0.3%",Low,fiscal_policy,2017-05-H1,2017-05-05,confirmed,420
Trump fires FBI Director James Comey amid Russia investigation,2017-05-09,"SPX down 0.1%, VIX rose slightly, gold up 0.3%",Low,election_political,2017-05-H1,2017-05-09,confirmed,421
Saudi Arabia and Russia agree to extend oil production cut deal nine months,2017-05-15,"WTI up 1.8%, Brent up 1.6%",Moderate,energy_opec,2017-05-H1,2017-05-15,confirmed,422
"Snap reports first quarterly earnings as public company, revenue misses estimates",2017-05-10,"SNAP down 21% after hours, closed down 23% next day",Moderate,mega_cap_earnings,2017-05-H1,2017-05-10,confirmed,423
US House passes American Health Care Act to repeal and replace Obamacare,2017-05-04,"Hospital stocks down 3-5%, insurers mixed, SPX flat",Moderate,regulatory,2017-05-H1,2017-05-04,confirmed,424
Disney Q2 earnings beat estimates but ESPN subscriber losses weigh on outlook,2017-05-09,"DIS down 1.5%, media sector under pressure",Low,mega_cap_earnings,2017-05-H1,2017-05-09,confirmed,425
North Korea test-fires ballistic missile into Sea of Japan,2017-05-14,"Nikkei down 0.3%, yen strengthened slightly, SPX flat",Low,geopolitical_military,2017-05-H1,2017-05-14,confirmed,426
Trump shares classified intelligence with Russian officials in Oval Office meeting,2017-05-15,"SPX down 0.4%, gold up 0.5%, VIX ticked up 1 point",Low,geopolitical_diplomatic,2017-05-H1,2017-05-15,confirmed,427
"China launches Belt and Road Forum, pledges $124B in infrastructure funding",2017-05-14,"Shanghai Composite up 0.5%, infrastructure stocks gained",Low,fiscal_policy,2017-05-H1,2017-05-14,confirmed,428
"Fed raises rates 25bp to 1.0-1.25%, signals balance sheet reduction",2017-06-14,"SPX up 0.2%, USD strengthened slightly, gold down 0.5%",Low,monetary_policy,2017-06-H2,2017-06-14,confirmed,429
"UK general election delivers hung parliament, May loses majority",2017-06-08,"GBP down 1.5%, FTSE 100 up 0.5% on weaker pound",Moderate,election_political,2017-06-H2,2017-06-08,confirmed,430
Qatar diplomatic crisis deepens as Saudi Arabia leads blockade,2017-06-05,"Qatar stocks down 7%, LNG prices ticked up slightly",Moderate,geopolitical_diplomatic,2017-06-H2,2017-06-05,confirmed,431
Amazon announces acquisition of Whole Foods for $13.7 billion,2017-06-16,"AMZN up 2.4%, grocery stocks WFM up 29%, KR down 9%",High,mega_cap_corporate,2017-06-H2,2017-06-16,confirmed,432
ECB signals gradual removal of stimulus as eurozone economy improves,2017-06-27,"EUR/USD up 1.4%, European bond yields rose sharply",Moderate,monetary_policy,2017-06-H2,2017-06-27,confirmed,433
US Senate healthcare bill faces opposition from within Republican Party,2017-06-22,"Hospital stocks rose 2-4%, SPX flat",Low,fiscal_policy,2017-06-H2,2017-06-22,confirmed,434
Oil falls below $43 per barrel as US crude inventories remain elevated,2017-06-21,"WTI down 2.2% to $42.53, energy sector down 1.5%",Moderate,energy_opec,2017-06-H2,2017-06-21,confirmed,435
Uber CEO Travis Kalanick resigns amid investor pressure and scandals,2017-06-21,Uber private; Lyft and broader tech unaffected,Low,mega_cap_corporate,2017-06-H2,2017-06-21,confirmed,436
EU fines Google record 2.42 billion euros for antitrust violations,2017-06-27,GOOGL down 1.7% on the day,Moderate,regulatory,2017-06-H2,2017-06-27,confirmed,437
MSCI adds China A-shares to emerging market index for first time,2017-06-20,"CSI 300 up 0.5%, EM ETFs saw modest inflows",Low,regulatory,2017-06-H2,2017-06-20,confirmed,438
Italy approves 17 billion euro bailout of two Veneto regional banks,2017-06-25,"Italian bank stocks up 2-3%, EUR steady",Low,credit_event,2017-06-H2,2017-06-25,confirmed,439
Wells Fargo Q2 earnings miss on weak loan growth and rising expenses,2017-07-14,"WFC down 0.8%, dragged on bank sector briefly",Low,mega_cap_earnings,2017-07-H1,2017-07-14,confirmed,400
Qatar diplomatic crisis deepens as Arab states extend ultimatum deadline,2017-07-05,"Qatar riyal stable, oil up 0.5%, limited global market reaction",Low,geopolitical_diplomatic,2017-07-H1,2017-07-05,confirmed,401
WTI crude falls below $44 per barrel on rising US rig count and oversupply fears,2017-07-10,"WTI down 4% on the week, energy sector down 1.8%",Moderate,energy_opec,2017-07-H1,2017-07-10,confirmed,402
"Trump administration labels North Korea a 'state sponsor of terror' candidate, tensions escalate",2017-04-17,"Gold up 0.8%, VIX rose to 15",Low,geopolitical_military,2017-04-H2,2017-04-17,unverified,403
France first-round presidential election: Macron and Le Pen advance to runoff,2017-04-23,"EUR up 2%, CAC 40 up 4.1%, SPX up 1.1% Monday",High,election_political,2017-04-H2,2017-04-23,confirmed,404
"Trump signals possible withdrawal from NAFTA, White House drafts executive order",2017-04-26,"MXN down 1.5%, CAD down 0.8%",Moderate,trade_policy,2017-04-H2,2017-04-26,confirmed,405
Trump administration releases one-page tax reform outline with 15% corporate rate,2017-04-26,"SPX up 0.6%, banks and small caps outperformed",Moderate,fiscal_policy,2017-04-H2,2017-04-26,confirmed,406
US sends USS Carl Vinson carrier strike group toward Korean Peninsula,2017-04-09,"SPX down 0.2%, gold up 0.5%",Low,geopolitical_military,2017-04-H2,2017-04-18,date_corrected,407
"Alphabet reports Q1 2017 earnings, revenue beats estimates at $24.75B",2017-04-27,GOOGL up 4.3% after hours,Moderate,mega_cap_earnings,2017-04-H2,2017-04-27,confirmed,408
"Amazon reports Q1 2017 earnings, EPS beats at $1.48 vs $1.12 estimate",2017-04-27,AMZN up 3.5% after hours,Moderate,mega_cap_earnings,2017-04-H2,2017-04-27,confirmed,409
"Microsoft reports Q3 2017 earnings, cloud revenue surges 93% year-over-year",2017-04-27,MSFT up 2.3% after hours,Moderate,mega_cap_earnings,2017-04-H2,2017-04-27,confirmed,410
"Intel reports Q1 2017 earnings, raises full-year guidance on data center strength",2017-04-27,INTC up 4.5% after hours,Moderate,mega_cap_earnings,2017-04-H2,2017-04-27,confirmed,411
Exxon Mobil Q1 2017 earnings miss estimates as refining margins disappoint,2017-04-28,"XOM down 2.1%, energy sector underperformed",Low,mega_cap_earnings,2017-04-H2,2017-04-28,confirmed,412
"US GDP Q1 2017 advance estimate shows 0.7% growth, weakest in three years",2017-04-28,"SPX down 0.2%, USD index slipped 0.3%",Low,fiscal_policy,2017-04-H2,2017-04-28,confirmed,413
Turkey holds referendum granting President Erdogan sweeping executive powers,2017-04-16,"TRY down 0.5%, Istanbul stocks fell 0.8%",Low,election_political,2017-04-H2,2017-04-16,confirmed,414
"ECB holds rates steady, Draghi signals no urgency to alter stimulus program",2017-04-27,"EUR up 0.3%, European equities little changed",Low,monetary_policy,2017-04-H2,2017-04-27,confirmed,415
North Korea conducts failed ballistic missile test ahead of Trump-Xi meeting,2017-04-05,"SPX flat, gold up 0.3%",Low,geopolitical_military,2017-04-H2,2017-04-28,date_corrected,416
"WannaCry ransomware attack hits 150 countries, disrupts hospitals and banks",2017-05-12,"SPX down 0.2%, cybersecurity stocks rallied 2-4%",Low,cyber_infrastructure,2017-05-H1,2017-05-12,confirmed,417
Emmanuel Macron wins French presidential election defeating Marine Le Pen,2017-05-07,"Euro up 0.6%, CAC 40 up 4.1% on Monday open",High,election_political,2017-05-H1,2017-05-07,confirmed,418
Fed officials signal balance sheet reduction plan coming later in 2017,2017-05-03,"10-year Treasury yield up 3bp, SPX flat",Low,monetary_policy,2017-05-H1,2017-05-03,confirmed,419
"Citigroup Q1 earnings top forecasts, fixed income trading surges 35%",2017-04-13,"C up 0.9%, financials sector up 0.5%",Low,mega_cap_earnings,2017-04-H1,2017-04-13,confirmed,460
Wells Fargo Q1 profit rises but revenue misses amid fake accounts fallout,2017-04-13,"WFC down 0.3%, largely in line with expectations",Low,mega_cap_earnings,2017-04-H1,2017-04-13,confirmed,461
"Syria chemical attack in Idlib kills over 80 civilians, US blames Assad",2017-04-04,"Gold up 0.7%, oil up 0.5%, SPX down 0.3%",Low,geopolitical_military,2017-04-H1,2017-04-04,confirmed,462
US launches 59 Tomahawk missiles at Syrian Shayrat airbase,2017-04-06,"SPX flat Friday, oil up 1.5%, gold up 0.5%",Low,geopolitical_military,2017-04-H1,2017-04-06,confirmed,463
"March US nonfarm payrolls disappoint at 98,000, well below 180,000 estimate",2017-04-07,"DXY fell 0.5%, 2-year Treasury yield down 4bp",Moderate,fiscal_policy,2017-04-H1,2017-04-07,confirmed,464
Trump administration labels North Korea a top national security threat,2017-04-11,"VIX up 2 pts to 15, gold up 1%, yen strengthened 0.5%",Moderate,geopolitical_diplomatic,2017-04-H1,2017-04-11,unverified,465
"United Airlines forcibly removes passenger from overbooked flight, video goes viral",2017-04-10,"UAL down 4% intraday, recovered to close down 1.1%",Moderate,mega_cap_corporate,2017-04-H1,2017-04-09,date_corrected,466
"ECB holds rates steady, Draghi signals no urgency to change policy stance",2017-04-27,"EUR/USD up 0.2%, European equities flat",Low,monetary_policy,2017-04-H1,2017-04-07,date_corrected,467
China's foreign exchange reserves rise for second straight month to $3.03T,2017-04-07,"CNY steady, EM currencies slightly firmer",Low,geopolitical_diplomatic,2017-04-H1,2017-04-07,confirmed,468
Trump fires FBI Director James Comey amid Russia investigation,2017-05-09,"SPX down 0.1%, VIX up slightly, markets largely shrugged",Low,election_political,2017-05-H2,2017-05-09,confirmed,469
"WannaCry ransomware attack hits 200,000 systems across 150 countries",2017-05-12,"Cybersecurity stocks up 2-4%, SPX flat",Low,cyber_infrastructure,2017-05-H2,2017-05-12,confirmed,470
Trump shares classified intelligence with Russian officials in Oval Office,2017-05-15,"SPX down 0.2%, gold up 0.3%",Low,geopolitical_diplomatic,2017-05-H2,2017-05-15,confirmed,471
Special counsel Robert Mueller appointed to lead Russia investigation,2017-05-17,"SPX down 1.8%, VIX spiked to 15.6, largest single-day drop since September 2016",High,election_political,2017-05-H2,2017-05-17,confirmed,472
"Cisco Systems reports Q3 earnings, warns of continued revenue decline",2017-05-17,CSCO down 7.7% after hours on weak guidance,Moderate,mega_cap_earnings,2017-05-H2,2017-05-17,confirmed,473
OPEC and non-OPEC producers extend production cut deal by nine months,2017-05-25,"WTI fell 5% as markets wanted deeper cuts, Brent down 4.6%",High,energy_opec,2017-05-H2,2017-05-25,confirmed,474
Manchester Arena bombing kills 22 at Ariana Grande concert,2017-05-22,"GBP down 0.3%, UK markets flat, FTSE 100 down 0.2%",Low,geopolitical_military,2017-05-H2,2017-05-22,confirmed,475
Trump proposes $4.1 trillion budget with deep cuts to social programs,2017-05-23,"SPX up 0.2%, bond markets flat, infrastructure stocks mixed",Low,fiscal_policy,2017-05-H2,2017-05-23,confirmed,476
Moody's downgrades China sovereign credit rating from Aa3 to A1,2017-05-24,"Yuan weakened slightly, Shanghai Composite down 0.4%, limited global spillover",Low,credit_event,2017-05-H2,2017-05-24,confirmed,477
"Salesforce reports Q1 results, raises full-year revenue guidance above estimates",2017-05-17,CRM up 5% after hours on strong cloud growth,Low,mega_cap_earnings,2017-05-H2,2017-05-17,unverified,478
NATO allies meet in Brussels as Trump declines to endorse Article 5 commitment,2017-05-25,"EUR/USD barely moved, European equities flat",Low,geopolitical_diplomatic,2017-05-H2,2017-05-25,confirmed,479
"Fed stress tests clear all 34 major banks, approves capital returns",2017-06-28,"Bank stocks up 1-2%, JPM and BAC hit multi-year highs",Moderate,regulatory,2017-06-H2,2017-06-28,confirmed,440
"US imposes new sanctions on Russia, Iran, and North Korea via Senate bill",2017-07-27,"RUB weakened 0.8%, SPX unmoved",Low,geopolitical_diplomatic,2017-06-H2,2017-06-15,date_corrected,441
"Nike reports quarterly earnings miss, warns on North America weakness",2017-06-29,NKE down 3.2% after hours,Low,mega_cap_earnings,2017-06-H2,2017-06-29,confirmed,442
Comey testifies before Senate Intelligence Committee on Trump and Russia,2017-06-08,"SPX up 0.1%, VIX fell to 10.4, markets largely unmoved",Low,election_political,2017-06-H1,2017-06-08,confirmed,443
"ECB holds rates steady, Draghi signals no imminent policy tightening",2017-06-08,"EUR/USD up 0.4%, European equities flat",Low,monetary_policy,2017-06-H1,2017-06-08,confirmed,444
"UK snap election results in hung parliament, May loses majority",2017-06-09,"GBP down 2%, FTSE 100 up 0.5% on weaker pound",Moderate,election_political,2017-06-H1,2017-06-08,date_corrected,445
Qatar diplomatic crisis erupts as Saudi Arabia and allies cut ties,2017-06-05,"Qatar stocks down 7%, oil up 1%, LNG prices spiked",Moderate,geopolitical_diplomatic,2017-06-H1,2017-06-05,confirmed,446
"Fed raises rates by 25bp, signals two more hikes in 2017",2017-06-14,"SPX up 0.2%, 10-year yield fell to 2.15%, dollar weakened",Low,monetary_policy,2017-06-H1,2017-06-14,confirmed,447
Trump announces US withdrawal from Paris Climate Agreement,2017-06-01,"SPX up 0.8%, coal stocks rose 2-3%, clean energy ETFs down 2%",Low,geopolitical_diplomatic,2017-06-H1,2017-06-01,confirmed,448
Apple unveils HomePod speaker and iOS 11 at WWDC developer conference,2017-06-05,"AAPL up 0.5%, market cap briefly crossed $800B",Low,mega_cap_corporate,2017-06-H1,2017-06-05,confirmed,449
Tech sector selloff wipes $100B in market cap in single session,2017-06-09,"Nasdaq down 1.8%, FAANG stocks down 2-4%, VIX spiked briefly",Moderate,regulatory,2017-06-H1,2017-06-09,confirmed,450
Amazon acquires Whole Foods Market for $13.7B in cash deal,2017-06-16,"WFM up 27%, grocery stocks fell 5-10%, AMZN up 2.4%",High,mega_cap_corporate,2017-06-H1,2017-06-16,confirmed,451
"London Bridge terror attack kills 8, injures dozens in UK capital",2017-06-03,"GBP down 0.3%, FTSE flat on Monday open",Low,geopolitical_military,2017-06-H1,2017-06-03,confirmed,452
"CBO scores Senate healthcare bill, projects 22 million losing coverage",2017-06-26,"Hospital stocks fell 2-3%, SPX flat",Low,fiscal_policy,2017-06-H1,2017-06-26,confirmed,453
Oil falls below $45 as OPEC production cut deal fails to drain glut,2017-06-12,"WTI down 3.7% to $44.73, energy sector down 2%",Moderate,energy_opec,2017-06-H1,2017-06-12,confirmed,454
US drops largest non-nuclear bomb MOAB on ISIS tunnels in Afghanistan,2017-04-13,"SPX down 0.1%, gold up 0.5%, VIX barely moved",Low,geopolitical_military,2017-04-H1,2017-04-13,confirmed,455
US Navy carrier strike group ordered to Korean Peninsula amid tensions,2017-04-09,"VIX up 1.5 pts, gold up 0.8%, SPX down 0.3%",Moderate,geopolitical_military,2017-04-H1,2017-04-09,confirmed,456
"Trump says dollar is getting too strong, open to reappointing Yellen",2017-04-12,"DXY fell 0.7%, gold up 0.6%, SPX up 0.2%",Moderate,monetary_policy,2017-04-H1,2017-04-12,confirmed,457
Fed minutes signal balance sheet reduction could begin later in 2017,2017-04-05,"10-year Treasury yield fell 3bp, SPX down 0.1%",Low,monetary_policy,2017-04-H1,2017-04-05,confirmed,458
JPMorgan Q1 earnings beat estimates with record revenue of $25.6B,2017-04-13,"JPM up 1.2%, KBE bank ETF up 0.8%",Low,mega_cap_earnings,2017-04-H1,2017-04-13,confirmed,459
UK and EU reach agreement to move Brexit talks to trade phase,2017-12-08,"GBP up 0.5%, FTSE 100 up 0.3%",Low,geopolitical_diplomatic,2017-12-H2,2017-12-15,date_corrected,500
Crude oil rises above $60 per barrel on strong demand outlook and Libya outage,2017-12-20,"WTI up 1.2% to $58.47, energy sector up 0.8%",Low,energy_opec,2017-12-H2,2017-12-20,unverified,501
Las Vegas mass shooting kills 58 at outdoor concert,2017-10-01,"SPX down 0.1%, VIX barely moved",Low,geopolitical_military,2017-10-H1,2017-10-01,confirmed,502
Catalonia holds independence referendum despite Spanish court ban,2017-10-01,"EUR down 0.4%, Spanish IBEX down 1.2%",Moderate,election_political,2017-10-H1,2017-10-01,confirmed,503
"ISM manufacturing index hits 60.8, highest reading since 2004",2017-10-02,"SPX up 0.4%, 10-year yield rose 3bp",Low,fiscal_policy,2017-10-H1,2017-10-02,confirmed,504
"US adds 33,000 jobs in September, first monthly loss since 2010",2017-10-06,"SPX up 0.2%, dollar strengthened on wage growth data",Low,fiscal_policy,2017-10-H1,2017-10-06,confirmed,505
"Trump decertifies Iran nuclear deal, returns issue to Congress",2017-10-13,"Oil up 1.5%, SPX flat, gold up 0.3%",Low,geopolitical_diplomatic,2017-10-H1,2017-10-13,confirmed,506
Fed minutes show officials divided over future rate hike path,2017-10-11,"SPX up 0.2%, 10-year yield fell 2bp",Low,monetary_policy,2017-10-H1,2017-10-11,confirmed,507
"JPMorgan Chase reports Q3 EPS of $1.76, beats estimates on trading revenue",2017-10-12,"JPM up 1.4%, KBE bank ETF up 0.8%",Low,mega_cap_earnings,2017-10-H1,2017-10-12,confirmed,508
"Citigroup Q3 earnings beat estimates, fixed income trading revenues rise 8%",2017-10-13,"C up 0.9%, financials sector up 0.5%",Low,mega_cap_earnings,2017-10-H1,2017-10-12,date_corrected,509
"Spain government invokes Article 155, moves to suspend Catalan autonomy",2017-10-21,"IBEX down 0.9%, EUR slipped 0.3%",Moderate,election_political,2017-10-H1,2017-10-11,date_corrected,510
"Wildfires devastate Napa and Sonoma wine country, 40 killed",2017-10-09,"Insurance stocks down 1-2%, SPX flat",Low,natural_disaster,2017-10-H1,2017-10-09,confirmed,511
Trump threatens to pull US out of NAFTA trade agreement,2017-10-11,"MXN weakened 0.8%, CAD down 0.3%",Moderate,trade_policy,2017-10-H1,2017-10-11,unverified,512
Wells Fargo Q3 earnings miss as scandal costs weigh on results,2017-10-13,"WFC down 2.5%, underperformed bank peers",Moderate,mega_cap_earnings,2017-10-H1,2017-10-13,confirmed,513
"SPX closes above 2,550 for first time, Dow tops 22,800",2017-10-05,"SPX up 0.6%, VIX fell below 10",Low,fiscal_policy,2017-10-H1,2017-10-05,unverified,514
North Korea warns US of nuclear strike if provocations continue,2017-10-10,"SPX flat, gold up 0.2%, VIX unchanged",Low,geopolitical_military,2017-10-H1,2017-10-10,unverified,515
Senate passes budget resolution enabling tax reform by simple majority,2017-10-19,"SPX up 0.8%, financials led gains",Moderate,fiscal_policy,2017-11-H2,2017-11-16,date_corrected,516
"Zimbabwe military seizes power, Mugabe placed under house arrest",2017-11-15,"Zimbabwe dollar parallel rate collapsed, gold up 0.3%",Low,geopolitical_military,2017-11-H2,2017-11-15,confirmed,517
House passes Tax Cuts and Jobs Act with 227-205 vote,2017-11-16,"SPX up 0.1%, financials and small caps outperformed",Moderate,fiscal_policy,2017-11-H2,2017-11-16,confirmed,518
Fed nominee Jerome Powell confirmed by Senate Banking Committee,2017-11-28,"SPX flat, bond markets unchanged",Low,monetary_policy,2017-11-H2,2017-11-28,unverified,519
North Korea fires ICBM Hwasong-15 reaching highest altitude ever,2017-11-28,"Gold up 0.5%, SPX down 0.1%, yen strengthened slightly",Low,geopolitical_military,2017-11-H2,2017-11-28,confirmed,520
"Bitcoin surpasses $10,000 for first time in history",2017-11-28,"BTC hit $11,000 intraday before pulling back, crypto exchange stocks surged",Moderate,credit_event,2017-11-H2,2017-11-28,confirmed,521
OPEC and Russia agree to extend oil production cuts through end of 2018,2017-11-30,"WTI rose to $58, up 2.5% on the day",Moderate,energy_opec,2017-11-H2,2017-11-30,confirmed,522
Senate tax bill stalls as GOP senators raise deficit concerns,2017-11-16,SPX dipped 0.5% intraday before recovering,Low,fiscal_policy,2017-11-H2,2017-11-16,confirmed,523
Uber reveals 57 million user data breach hidden for over a year,2017-11-21,"Uber private, broader tech sector down 0.2%",Low,cyber_infrastructure,2017-11-H2,2017-11-21,confirmed,524
Robert Mugabe resigns as Zimbabwe president after 37 years in power,2017-11-21,"Minimal market reaction, frontier market index flat",Low,election_political,2017-11-H2,2017-11-21,confirmed,525
Fed releases November FOMC minutes signaling December rate hike likely,2017-11-22,"USD strengthened 0.3%, 2-year Treasury yield rose 3bp",Low,monetary_policy,2017-11-H2,2017-11-22,confirmed,526
Saudi Arabia detains hundreds more in ongoing anti-corruption purge,2017-11-17,"Saudi Tadawul index down 0.7%, oil steady",Low,geopolitical_diplomatic,2017-11-H2,2017-11-17,confirmed,527
"Cisco reports Q1 earnings beating estimates, revenue declines slow",2017-11-15,"CSCO up 4% after hours, Nasdaq up 0.2%",Moderate,mega_cap_earnings,2017-11-H2,2017-11-15,confirmed,528
Senate Finance Committee passes tax reform bill advancing to full Senate,2017-11-16,"Bank stocks rose 1.2%, SPX up 0.8%",Moderate,fiscal_policy,2017-11-H2,2017-11-16,confirmed,529
"Fed holds rates, signals one more hike in 2017 and balance sheet runoff begins",2017-09-20,"SPX up 0.1%, 10-year yield rose 5bp to 2.28%",Moderate,monetary_policy,2017-09-H2,2017-09-20,confirmed,530
Trump threatens to totally destroy North Korea in UN General Assembly speech,2017-09-19,"VIX up slightly, SPX flat, gold up 0.3%",Low,geopolitical_military,2017-09-H2,2017-09-19,confirmed,531
North Korea foreign minister warns US of highest-level hardline countermeasure,2017-09-25,"VIX ticked up 0.5 points, SPX down 0.2%",Low,geopolitical_military,2017-09-H2,2017-09-25,confirmed,532
North Korea fires ballistic missile over Japan in second such launch,2017-09-15,"Gold up 0.5%, Nikkei down 0.6%, VIX up 1 point",Moderate,geopolitical_military,2017-09-H2,2017-09-15,confirmed,533
Hurricane Maria makes catastrophic Category 4 landfall in Puerto Rico,2017-09-20,"Reinsurance stocks down 1-2%, SPX broadly flat",Low,natural_disaster,2017-09-H2,2017-09-20,date_corrected,534
"Germany holds federal election, Merkel wins fourth term but AfD enters Bundestag",2017-09-24,"EUR down 0.5%, DAX up 0.4% Monday open",Low,election_political,2017-09-H2,2017-09-24,confirmed,535
Trump unveils tax reform framework calling for corporate rate cut to 20%,2017-09-27,"SPX up 0.4%, financials up 1.2%, banks rallied",Moderate,fiscal_policy,2017-09-H2,2017-09-27,confirmed,536
"New Zealand general election delivers hung parliament, NZD falls",2017-09-23,"NZD down 1.2%, uncertainty over coalition government",Low,election_political,2017-09-H2,2017-09-23,confirmed,537
Catalonia holds independence referendum despite Spanish government ban,2017-10-01,"IBEX down 1.2%, EUR slightly weaker on Monday",Moderate,geopolitical_diplomatic,2017-09-H2,2017-10-01,confirmed,538
Senate Republicans fail to pass Graham-Cassidy ACA repeal bill,2017-09-22,"Hospital stocks up 2-4%, health insurers mixed",Moderate,fiscal_policy,2017-09-H2,2017-09-22,confirmed,539
"US nonfarm payrolls fall 701,000 in March, unemployment rises to 4.4%",2020-04-03,"SPX down 1.5%, markets had expected worse",Low,fiscal_policy,2020-04-H1,2020-04-03,confirmed,1300
Fed launches $2.3 trillion lending program for businesses and municipalities,2020-04-09,"High-yield bond ETFs surged 5-7%, SPX up 1.4%",High,monetary_policy,2020-04-H1,2020-04-09,confirmed,1301
Oil prices collapse as WTI falls below $20 per barrel on demand destruction,2020-03-30,"WTI hit $19.27, lowest since 2002",High,energy_opec,2020-04-H1,2020-04-01,date_corrected,1302
G20 agrees to suspend debt payments for world's poorest nations,2020-04-15,"EM sovereign bonds rallied modestly, SPX up 0.6%",Low,geopolitical_diplomatic,2020-04-H1,2020-04-15,confirmed,1303
"Amazon announces it will hire additional 75,000 workers amid COVID surge",2020-04-13,"AMZN up 5.3%, outperforming broader market",Moderate,mega_cap_corporate,2020-04-H1,2020-04-13,confirmed,1304
Zoom reports active daily users surged to 200 million amid lockdowns,2020-04-02,"ZM up 9%, stock up over 100% year-to-date",Moderate,mega_cap_corporate,2020-04-H1,2020-04-01,date_corrected,1305
"JPMorgan Q1 earnings fall 69%, sets aside $8.3 billion for loan losses",2020-04-14,"JPM down 2.7%, KBW bank index down 1.9%",Moderate,mega_cap_earnings,2020-04-H1,2020-04-14,confirmed,1306
Wells Fargo Q1 profit drops 89% as bank builds massive loan loss reserves,2020-04-14,"WFC down 4.0%, underperformed peers",Moderate,mega_cap_earnings,2020-04-H1,2020-04-14,confirmed,1307
Trump signs $484 billion relief package expanding small business loans,2020-04-24,SPX up 1.4% anticipating passage,Low,fiscal_policy,2020-04-H1,2020-04-24,confirmed,1308
UK Prime Minister Boris Johnson discharged from ICU after COVID-19 treatment,2020-04-09,"GBP up 0.8%, FTSE up 2.2%",Low,pandemic_health,2020-04-H1,2020-04-09,confirmed,1309
"China reports first-quarter GDP contracts 6.8%, worst since Cultural Revolution",2020-04-17,"SPX down 2.2%, copper fell 1.5%",Moderate,fiscal_policy,2020-04-H1,2020-04-17,confirmed,1310
"US Senate passes $2 trillion CARES Act, largest stimulus in US history",2020-03-25,SPX down 4.4% as virus fears outweighed stimulus,Low,fiscal_policy,2020-04-H1,2020-04-01,date_corrected,1311
Gilead Sciences remdesivir shows early promise in COVID-19 treatment trials,2020-04-10,"GILD up 9%, SPX up 1.4%",Moderate,pandemic_health,2020-04-H1,2020-04-10,confirmed,1312
"China reports 2,590 new COVID-19 cases in single day, death toll rises",2020-02-04,"SPX recovered 1.5%, VIX fell from 19 to 17",Moderate,pandemic_health,2020-02-H1,2020-02-04,unverified,1313
WHO warns COVID-19 spread outside China poses greater concern than cases inside,2020-02-05,"SPX up 3.2% on week, VIX declined",Moderate,pandemic_health,2020-02-H1,2020-02-05,unverified,1314
China cuts tariffs on $75B of US goods by half under Phase One deal,2020-02-06,"SPX up 0.5%, trade-sensitive stocks rallied",Low,trade_policy,2020-02-H1,2020-02-06,confirmed,1315
"Alphabet reports Q4 revenue of $46.1B, first time breaking out YouTube and Cloud",2020-02-03,GOOGL down 3% after hours on YouTube miss vs estimates,Moderate,mega_cap_earnings,2020-02-H1,2020-02-03,confirmed,1316
"Amazon reports Q4 earnings with record $87.4B revenue, AWS growth strong",2020-02-06,"AMZN up 7% after hours, added over $80B in market cap",High,mega_cap_earnings,2020-02-H1,2020-02-06,confirmed,1317
US Senate acquits President Trump on both impeachment articles,2020-02-05,"SPX up 0.2%, markets largely unmoved by expected outcome",Low,election_political,2020-02-H1,2020-02-05,confirmed,1318
"Iowa Democratic caucus results delayed by app failure, results disputed",2020-02-03,"SPX up 1.5%, markets indifferent to caucus chaos",Low,election_political,2020-02-H1,2020-02-03,confirmed,1319
Fed begins tapering asset purchases by $15B per month,2021-11-03,"SPX up 0.7%, 10-year yield flat, dollar steady",Low,monetary_policy,2021-11-H1,2021-11-03,confirmed,1760
"Rivian IPO prices at $78 per share, raises $11.9B in largest US IPO of 2021",2021-11-09,"RIVN opened at $106, surged to $119 on debut day",Moderate,mega_cap_corporate,2021-11-H1,2021-11-10,date_corrected,1761
Biden signs $1 trillion bipartisan infrastructure bill into law,2021-11-15,"SPX up 0.4%, infrastructure stocks and materials sector gained",Low,fiscal_policy,2021-11-H1,2021-11-15,confirmed,1762
Disney Q4 earnings miss estimates as Disney+ subscriber growth slows,2021-11-10,"DIS down 7% after-hours, dragged media sector lower",Moderate,mega_cap_earnings,2021-11-H1,2021-11-10,confirmed,1763
Lynas and MP Materials rally as US moves to secure rare earth supply chains,2021-11-03,"MP Materials up 6%, rare earth sector outperformed",Low,supply_disruption,2021-11-H1,2021-11-03,unverified,1764
"Belarus forces migrants toward Polish border, EU threatens sanctions",2021-11-08,"EUR/USD down 0.2%, Polish zloty weakened slightly",Low,geopolitical_military,2021-11-H1,2021-11-08,confirmed,1765
Pfizer requests FDA emergency authorization for COVID antiviral pill Paxlovid,2021-11-16,"PFE up 2%, MRNA and BNTX fell 5-7%",Moderate,pandemic_health,2021-11-H1,2021-11-11,date_corrected,1766
US 10-year Treasury yield breaks above 1.6% on inflation fears,2021-11-05,"Tech stocks sold off, Nasdaq down 0.8%, TLT down 0.5%",Moderate,monetary_policy,2021-11-H1,2021-11-05,unverified,1767
"Evergrande misses another offshore bond payment, default fears resurface",2021-11-10,"Evergrande bonds at 20 cents on dollar, Hang Seng down 1%",Moderate,credit_event,2021-11-H1,2021-11-10,unverified,1768
OPEC+ rejects US pressure to accelerate oil output increase beyond 400K bpd,2021-11-04,"WTI up 2.5% to $82, energy stocks outperformed",Moderate,energy_opec,2021-11-H1,2021-11-04,confirmed,1769
"US nonfarm payrolls add 531K jobs in October, beating 450K estimate",2021-11-05,"SPX up 0.4%, dollar index up 0.5%, yields rose modestly",Low,fiscal_policy,2021-11-H1,2021-11-05,confirmed,1770
China's October export growth slows to 27% as global supply chains strain,2021-11-07,"Hang Seng down 0.6%, shipping stocks fell 1-2%",Low,trade_policy,2021-11-H1,2021-11-07,unverified,1771
Coinbase Q3 earnings miss as crypto trading volume declines from Q2 peak,2021-11-09,"COIN down 10%, Bitcoin slipped 3% alongside",Moderate,mega_cap_earnings,2021-11-H1,2021-11-09,confirmed,1772
Fed signals tapering of asset purchases likely before year-end,2021-09-22,"SPX up 1.0%, 10-year yield rose to 1.43%",Moderate,monetary_policy,2021-09-H2,2021-09-22,confirmed,1773
"Evergrande misses onshore bond coupon payment, default fears mount",2021-09-23,"Evergrande HK shares down 11%, SPX down 1.7% on Sep 20",High,credit_event,2021-09-H2,2021-09-23,unverified,1774
US debt ceiling standoff intensifies as Treasury warns of October X-date,2021-09-28,"SPX down 2.0%, 10-year yield hit 1.56%",High,fiscal_policy,2021-09-H2,2021-09-28,confirmed,1775
10-year US Treasury yield surges past 1.5% on taper expectations,2021-09-28,"TLT down 1.5%, Nasdaq down 2.8% on the week",Moderate,monetary_policy,2021-09-H2,2021-09-28,confirmed,1776
China Evergrande Group misses $83.5M offshore bond interest payment,2021-09-23,"HY credit spreads widened 10bp, HSI down 1.3%",Moderate,credit_event,2021-09-H2,2021-09-23,unverified,1777
"OPEC+ holds to existing output plan, adds no extra supply despite price rise",2021-09-01,"WTI settled above $72, oil stocks up 1-2%",Low,energy_opec,2021-09-H2,2021-09-17,date_corrected,1778
"US and UK announce AUKUS submarine pact, France recalls ambassadors",2021-09-15,"EUR/USD down 0.2%, French defense stocks fell 1%",Low,geopolitical_diplomatic,2021-09-H2,2021-09-16,date_corrected,1779
Omicron variant drives record daily COVID case counts across US and Europe,2021-12-20,"SPX down 1.1%, airlines and hospitality stocks down 3-5%",Moderate,pandemic_health,2021-12-H2,2021-12-20,confirmed,1820
US Congress passes stopgap funding bill to avert government shutdown,2021-12-21,"SPX flat, markets largely unmoved by passage",Low,fiscal_policy,2021-12-H2,2021-12-21,confirmed,1821
SPX stages sharp Santa Claus rally recovery from Omicron selloff,2021-12-22,"SPX up 1.8%, recouping most of prior week's losses",Moderate,mega_cap_corporate,2021-12-H2,2021-12-22,confirmed,1822
"US weekly jobless claims fall to 205,000, near 52-year low",2021-12-23,"SPX up 0.6%, 10-year yield rose 3bp",Low,fiscal_policy,2021-12-H2,2021-12-23,confirmed,1823
UK Prime Minister Johnson rules out new COVID restrictions before New Year,2021-12-27,"FTSE up 0.9%, travel and hospitality stocks rebounded 2-4%",Low,pandemic_health,2021-12-H2,2021-12-27,confirmed,1824
"China cuts one-year loan prime rate by 5bp to 3.80%, first cut since 2020",2021-12-20,"Hang Seng up 0.5%, yuan slightly weaker",Low,monetary_policy,2021-12-H2,2021-12-20,confirmed,1825
"Bitcoin falls below $46,000 amid broad crypto selloff into year-end",2021-12-27,"BTC down 7% on the week, Coinbase down 5%",Low,credit_event,2021-12-H2,2021-12-27,confirmed,1826
"SPX closes 2021 at record high, up 26.9% for the year",2021-12-31,"SPX closed at 4,766, VIX fell to 17.2",Low,mega_cap_corporate,2021-12-H2,2021-12-31,confirmed,1827
Moderna CEO says current vaccines likely less effective against Omicron variant,2021-11-26,"SPX down 2.3%, VIX spiked to 28, oil down 13%",High,pandemic_health,2021-11-H2,2021-11-26,confirmed,1828
"WHO designates new B.1.1.529 COVID variant 'Omicron', labels it variant of concern",2021-11-26,"WTI crude down 13%, travel stocks down 15-20%",High,pandemic_health,2021-11-H2,2021-11-26,confirmed,1829
Fed Chair Powell renominated by Biden for second term as Fed chair,2021-11-22,"DXY up 0.7%, rate-sensitive stocks sold off",Moderate,monetary_policy,2021-11-H2,2021-11-22,confirmed,1830
Powell signals faster taper of bond purchases may be appropriate at Senate hearing,2021-11-30,"SPX down 1.9%, Nasdaq down 1.6%, rate hike expectations pulled forward",High,monetary_policy,2021-11-H2,2021-11-30,confirmed,1831
US releases 50 million barrels from Strategic Petroleum Reserve to lower oil prices,2021-11-23,"WTI fell 0.3%, markets had priced in the release",Low,energy_opec,2021-11-H2,2021-11-23,confirmed,1832
IEA member nations coordinate SPR release with US totaling 70 million barrels,2021-11-23,"Oil prices barely moved, WTI down 0.5%",Low,energy_opec,2021-11-H2,2021-11-23,confirmed,1833
"Nvidia reports Q3 revenue of $7.1B, up 50% year-over-year, beats estimates",2021-11-17,NVDA up 8.3% next day,Moderate,mega_cap_earnings,2021-11-H2,2021-11-17,confirmed,1834
Cisco reports Q1 earnings beat but issues weak guidance citing supply chain constraints,2021-11-17,CSCO down 5.5% next day,Moderate,mega_cap_earnings,2021-11-H2,2021-11-17,confirmed,1835
Austria announces full COVID-19 lockdown and mandatory vaccination from February,2021-11-19,"European indices down 0.5-1%, travel stocks fell 2%",Moderate,pandemic_health,2021-11-H2,2021-11-19,date_corrected,1836
"Germany reports record daily COVID cases above 65,000 as fourth wave intensifies",2021-11-18,"DAX down 0.4%, euro weakened slightly",Low,pandemic_health,2021-11-H2,2021-11-18,confirmed,1837
US House passes $1.75 trillion Build Back Better social spending bill,2021-11-19,"SPX up 0.3%, clean energy stocks gained 1-2%",Low,fiscal_policy,2021-11-H2,2021-11-19,confirmed,1838
Turkey lira hits record low as Erdogan defends unorthodox rate cut policy,2021-11-23,TRY down 5% to record low of 13.5 per dollar,Moderate,monetary_policy,2021-11-H2,2021-11-23,confirmed,1839
US debt ceiling suspended after Senate passes short-term extension,2021-10-07,"SPX up 0.8%, 10-year yield fell 3bp",Moderate,fiscal_policy,2021-10-H1,2021-10-07,confirmed,1800
JPMorgan Q3 earnings beat estimates with $11.7B net income,2021-10-13,"JPM up 1.9%, KBE bank ETF up 2.1%",Moderate,mega_cap_earnings,2021-10-H1,2021-10-13,confirmed,1801
BlackRock Q3 earnings top forecasts as AUM hits record $9.5 trillion,2021-10-13,BLK up 2.6%,Low,mega_cap_earnings,2021-10-H1,2021-10-13,confirmed,1802
"US September CPI rises 5.4% year-over-year, hottest in 13 years",2021-10-13,"10-year yield up 5bp, SPX up 0.3%",Moderate,monetary_policy,2021-10-H1,2021-10-13,confirmed,1803
"Goldman Sachs Q3 profit surges to $5.38B, beats on all metrics",2021-10-15,"GS up 3.8%, SPX up 0.8%",Moderate,mega_cap_earnings,2021-10-H1,2021-10-15,confirmed,1804
Wells Fargo Q3 earnings beat as loan loss reserve releases continue,2021-10-14,WFC up 4.7%,Moderate,mega_cap_earnings,2021-10-H1,2021-10-14,confirmed,1805
Citigroup Q3 earnings miss revenue estimates amid investment banking slowdown,2021-10-14,C down 0.9%,Low,mega_cap_earnings,2021-10-H1,2021-10-14,confirmed,1806
Morgan Stanley Q3 earnings beat with record wealth management revenue,2021-10-15,MS up 2.5%,Moderate,mega_cap_earnings,2021-10-H1,2021-10-15,confirmed,1807
"US September jobs report shows only 194,000 payrolls added, well below forecast",2021-10-08,"SPX up 0.6%, 10-year yield rose 4bp as unemployment rate fell",Low,fiscal_policy,2021-10-H1,2021-10-08,confirmed,1808
"Bitcoin surges past $55,000 as ETF approval optimism builds",2021-10-06,"BTC up 15% over 5 days, MSTR up 12%",Moderate,regulatory,2021-10-H1,2021-10-06,confirmed,1809
Natural gas prices in Europe hit fresh record above 100 EUR per MWh,2021-10-06,"European natgas up 8%, TTF futures at record",Moderate,energy_opec,2021-10-H1,2021-10-06,confirmed,1810
"China Evergrande makes last-minute offshore bond coupon payment, averts default",2021-10-22,"HK property stocks up 3%, Evergrande up 4%",Moderate,credit_event,2021-10-H1,2021-10-07,date_corrected,1811
"OPEC+ sticks to existing output plan, rejects calls to boost production faster",2021-10-04,"WTI rose above $79, highest since 2014",Moderate,energy_opec,2021-10-H1,2021-10-04,confirmed,1812
"Facebook, Instagram and WhatsApp suffer six-hour global outage",2021-10-04,"FB down 4.9%, lost roughly $40B in market cap",Moderate,cyber_infrastructure,2021-10-H1,2021-10-04,confirmed,1813
Facebook whistleblower Frances Haugen testifies before Senate on platform harms,2021-10-05,"FB down 1.6%, broader tech flat",Low,regulatory,2021-10-H1,2021-10-05,confirmed,1814
"US 10-year Treasury yield climbs to 1.60%, highest since June 2021",2021-10-12,"TLT down 0.7%, growth stocks underperformed",Low,monetary_policy,2021-10-H1,2021-10-12,confirmed,1815
"Fed accelerates taper to $30B per month, signals three 2022 rate hikes",2021-12-15,"SPX up 1.6% on relief rally, 2-year yield jumped 10bp",Moderate,monetary_policy,2021-12-H2,2021-12-15,confirmed,1816
UK becomes first country to confirm Omicron community transmission wave,2021-12-16,"FTSE down 0.9%, travel stocks fell 3-5%",Moderate,pandemic_health,2021-12-H2,2021-12-16,unverified,1817
Nike reports Q2 earnings beat but warns of supply chain headwinds,2021-12-20,NKE down 6% after hours,Moderate,mega_cap_earnings,2021-12-H2,2021-12-20,confirmed,1818
Senator Manchin announces he will not vote for Build Back Better bill,2021-12-19,"SPX down 1.0% Monday, clean energy stocks fell 5-8%",Moderate,fiscal_policy,2021-12-H2,2021-12-19,confirmed,1819
"Rivian shares surge above $170, market cap briefly exceeds Ford and GM combined",2021-11-16,"RIVN up 15%, reached $153B market cap intraday",Low,mega_cap_corporate,2021-11-H2,2021-11-16,confirmed,1840
South Africa scientists alert WHO to heavily mutated new COVID variant detected,2021-11-24,European travel stocks down 5-8% on initial reports,Moderate,pandemic_health,2021-11-H2,2021-11-24,confirmed,1841
"Netflix Q3 earnings beat, adds 4.4M subscribers topping forecasts",2021-10-19,NFLX up 4.8% after hours,Moderate,mega_cap_earnings,2021-10-H2,2021-10-19,confirmed,1842
Tesla Q3 earnings beat with record $1.62B net income on strong deliveries,2021-10-20,"TSLA up 4.3% next day, hit $900 intraday",Moderate,mega_cap_earnings,2021-10-H2,2021-10-20,confirmed,1843
"Facebook Q3 revenue misses estimates, daily users disappoint amid scrutiny",2021-10-25,FB down 3.9% next day,Moderate,mega_cap_earnings,2021-10-H2,2021-10-25,confirmed,1844
Apple Q4 earnings miss revenue estimates due to supply chain constraints,2021-10-28,AAPL down 1.8% next day,Moderate,mega_cap_earnings,2021-10-H2,2021-10-28,confirmed,1845
"Amazon Q3 earnings miss estimates, Q4 guidance disappoints on higher costs",2021-10-28,AMZN down 2.5% next day,Moderate,mega_cap_earnings,2021-10-H2,2021-10-28,confirmed,1846
"Alphabet Q3 earnings smash estimates, Google ad revenue surges 43%",2021-10-26,"GOOGL up 5% next day, hit $2,900",Moderate,mega_cap_earnings,2021-10-H2,2021-10-26,confirmed,1847
"Microsoft Q1 earnings beat across all segments, cloud revenue up 36%",2021-10-26,"MSFT up 2.2% next day, market cap nears $2.4T",Moderate,mega_cap_earnings,2021-10-H2,2021-10-26,confirmed,1848
Facebook rebrands as Meta Platforms to focus on metaverse strategy,2021-10-28,FB up 1.5% on announcement day,Low,mega_cap_corporate,2021-10-H2,2021-10-28,confirmed,1849
"SPX closes above 4,600 for first time as earnings season lifts equities",2021-10-26,"SPX up 0.5%, new all-time high at 4,604",Low,mega_cap_earnings,2021-10-H2,2021-10-25,date_corrected,1850
"US GDP growth slows to 2.0% annualized in Q3, well below 6.7% prior quarter",2021-10-28,"SPX down 0.5%, DXY little changed",Low,fiscal_policy,2021-10-H2,2021-10-28,confirmed,1851
"ECB holds rates steady, Lagarde pushes back on 2022 rate hike market pricing",2021-10-28,"EUR/USD up 0.4%, European bonds rallied",Moderate,monetary_policy,2021-10-H2,2021-10-28,confirmed,1852
China Evergrande misses another offshore bond coupon deadline,2021-10-19,"HYG down 0.3%, Evergrande bonds trading at 25 cents",Low,credit_event,2021-10-H2,2021-10-19,unverified,1853
Natural gas prices in Europe hit fresh record above 100 EUR/MWh,2021-10-06,"European natgas up 10%, TTF near €105/MWh",Moderate,energy_opec,2021-10-H2,2021-10-18,date_corrected,1854
"ProShares Bitcoin Strategy ETF launches on NYSE, first US Bitcoin futures ETF",2021-10-19,"BITO traded $1B first day, BTC surged to $63,000",Moderate,regulatory,2021-10-H2,2021-10-19,confirmed,1855
Biden's $1.75T social spending framework unveiled as moderates pare back plan,2021-10-28,"SPX up 1%, bond yields little changed",Low,fiscal_policy,2021-10-H2,2021-10-28,confirmed,1856
US 10-year Treasury yield pulls back from 1.70% peak as growth fears mount,2021-10-21,"10Y yield fell to 1.63%, TLT up 0.6%",Low,monetary_policy,2021-10-H2,2021-10-21,unverified,1857
Fed releases December minutes signaling faster taper and rate hikes,2022-01-05,"Nasdaq down 3.3%, 10-year yield hit 1.75%",High,monetary_policy,2022-01-H1,2022-01-05,confirmed,1858
US 10-year Treasury yield surges above 1.8% on Fed tightening fears,2022-01-10,"Nasdaq down 0.6%, growth stocks sold off broadly",Moderate,monetary_policy,2022-01-H1,2022-01-10,confirmed,1859
Powell reconfirmation hearing: Fed prepared to raise rates as needed to fight inflation,2022-01-11,"SPX up 0.9%, markets relieved by tone",Low,monetary_policy,2022-01-H1,2022-01-11,confirmed,1860
"US CPI rises 7.0% year-over-year in December, highest since 1982",2022-01-12,"SPX up 0.3%, 10-year yield fell slightly as data matched expectations",Low,fiscal_policy,2022-01-H1,2022-01-12,confirmed,1861
"Kazakhstan protests escalate, Russia deploys troops under CSTO mandate",2022-01-06,"Uranium stocks fell 5-8%, broader markets flat",Moderate,geopolitical_military,2022-01-H1,2022-01-06,confirmed,1862
"Russia masses over 100,000 troops near Ukraine border amid NATO tensions",2022-01-03,"European defense stocks up 2%, SPX down 0.1%",Low,geopolitical_military,2022-01-H1,2022-01-03,unverified,1863
US and Russia hold talks in Geneva over Ukraine crisis with no breakthrough,2022-01-10,"SPX down 0.1%, oil up 0.5%, no market-moving resolution",Low,geopolitical_diplomatic,2022-01-H1,2022-01-10,confirmed,1864
JP Morgan Q4 earnings beat but net income falls on expense outlook warning,2022-01-14,"JPM down 6.2%, KBW bank index down 2.5%",Moderate,mega_cap_earnings,2022-01-H1,2022-01-14,confirmed,1865
"Wells Fargo Q4 earnings beat estimates, revenue rises on loan growth",2022-01-14,"WFC up 3.7%, offset broader bank sector weakness",Low,mega_cap_earnings,2022-01-H1,2022-01-14,confirmed,1866
"Citigroup Q4 earnings miss estimates, shares fall on expense guidance",2022-01-14,C down 2.9% on the day,Low,mega_cap_earnings,2022-01-H1,2022-01-14,confirmed,1867
Omicron variant drives US daily COVID cases to record 1.35 million,2022-01-03,"Airlines and travel stocks down 1-2%, SPX broadly flat",Low,pandemic_health,2022-01-H1,2022-01-03,confirmed,1868
"Nasdaq enters correction territory, down more than 10% from November peak",2022-01-18,"Nasdaq down 2.5% on the day, off 12% from highs",High,monetary_policy,2022-01-H1,2022-01-13,date_corrected,1869
WTI crude oil rises above $83 per barrel on supply concerns and geopolitics,2022-01-13,"WTI up 1.8% to $83.82, highest since October 2021",Moderate,energy_opec,2022-01-H1,2022-01-13,unverified,1870
"Fed raises rates by 50bp, largest hike since 2000",2022-05-04,"SPX up 3% on day, then reversed sharply next two days",High,monetary_policy,2022-05-H1,2022-05-04,confirmed,1871
"SPX suffers worst day since 2020, falls 3.6% on May 5",2022-05-05,"SPX down 3.6%, Nasdaq down 5%, VIX spiked to 35",High,monetary_policy,2022-05-H1,2022-05-05,confirmed,1872
"Nasdaq enters bear market territory, down over 30% from peak",2022-05-09,"Nasdaq down 4.3% on the day, down 30% from November 2021 high",High,monetary_policy,2022-05-H1,2022-05-09,confirmed,1873
"TerraUSD stablecoin loses dollar peg, LUNA token collapses",2022-05-09,"LUNA down over 96% in days, Bitcoin down 12% to below $32,000",High,credit_event,2022-05-H1,2022-05-09,confirmed,1874
Rivian reports Q1 earnings with wider-than-expected loss per vehicle,2022-05-11,RIVN down 21% on the day,Moderate,mega_cap_earnings,2022-05-H1,2022-05-11,confirmed,1875
"US CPI for April comes in at 8.3%, slightly above expectations",2022-05-11,"SPX down 1.7%, 10-year Treasury yield rose to 3.09%",Moderate,fiscal_policy,2022-05-H1,2022-05-11,confirmed,1876
EU proposes sixth package of Russia sanctions targeting oil imports,2022-05-04,"Brent crude up 4% to $113, European gas prices rose",Moderate,geopolitical_diplomatic,2022-05-H1,2022-05-04,confirmed,1877
Finland and Sweden formally announce intention to join NATO,2022-05-12,"Swedish krona and Finnish assets stable, NATO defense stocks up 1-2%",Low,geopolitical_diplomatic,2022-05-H1,2022-05-12,confirmed,1878
"Shanghai reports record COVID cases, lockdown extended citywide",2022-04-05,"Hang Seng down 1.8%, global supply chain concerns weighed on equities",Moderate,pandemic_health,2022-05-H1,2022-05-01,date_corrected,1879
"US 10-year Treasury yield briefly tops 3.2%, highest since 2018",2022-05-09,"TLT bond ETF down 1.4%, SPX down 3.2%",High,monetary_policy,2022-05-H1,2022-05-09,confirmed,1880
"Coinbase reports Q1 earnings miss, revenue down 27% year-over-year",2022-05-10,"COIN down 26% on the day, crypto sector sold off broadly",High,mega_cap_earnings,2022-05-H1,2022-05-10,confirmed,1881
Twitter board adopts poison pill after Musk acquisition agreement,2022-04-15,"TWTR down 2%, Musk signals deal uncertainty",Low,mega_cap_corporate,2022-05-H1,2022-05-05,date_corrected,1882
Elon Musk says Twitter deal temporarily on hold over spam account data,2022-05-13,"TWTR down 9.7%, TSLA up 2%",Moderate,mega_cap_corporate,2022-05-H1,2022-05-13,confirmed,1883
"US PPI for April rises 11% year-over-year, near record levels",2022-05-12,SPX up 2.4% as PPI slightly below peak fears,Low,fiscal_policy,2022-05-H1,2022-05-12,confirmed,1884
"Fed minutes signal aggressive rate hikes, balance sheet runoff imminent",2022-04-06,"SPX down 0.97%, 10-year yield hit 2.66%",Moderate,monetary_policy,2022-04-H1,2022-04-06,confirmed,1885
Lael Brainard signals Fed will reduce balance sheet rapidly starting May,2022-04-05,"Nasdaq down 2.3%, 2-year yield spiked 15bp",High,monetary_policy,2022-04-H1,2022-04-05,confirmed,1886
IMF cuts 2022 global growth forecast to 3.6% citing Ukraine war impact,2022-04-19,"SPX down 0.3%, broadly in line with expectations",Low,geopolitical_diplomatic,2022-04-H1,2022-04-19,confirmed,1887
Russia cuts off natural gas supplies to Bulgaria and Poland,2022-04-27,"European gas up 17%, DAX down 0.3%",Moderate,energy_opec,2022-04-H1,2022-04-27,confirmed,1888
Ukraine war continues as Russia intensifies Donbas offensive,2022-04-07,"WTI oil up 2.3%, SPX down 0.3%",Low,geopolitical_military,2022-04-H1,2022-04-07,confirmed,1889
"US bans new investment in Russia, tightens sanctions over Ukraine atrocities",2022-04-06,"Ruble briefly weakened, SPX reaction muted",Low,geopolitical_diplomatic,2022-04-H1,2022-04-06,confirmed,1890
"China locks down Shanghai as COVID-19 cases surge, disrupting supply chains",2022-03-28,"Shanghai Composite down 0.9%, oil down 1.6%",Moderate,pandemic_health,2022-04-H1,2022-04-01,date_corrected,1891
ECB holds rates steady but signals bond purchases end in Q3,2022-04-14,"EUR/USD up 0.3%, European equities flat",Low,monetary_policy,2022-04-H1,2022-04-14,confirmed,1892
"US CPI rises 8.5% year-over-year in March, highest since 1981",2022-04-12,"SPX down 0.3%, 10-year yield hit 2.83%, initial spike reversed",Low,fiscal_policy,2022-04-H1,2022-04-12,confirmed,1893
"JP Morgan Q1 earnings miss estimates, warns of economic uncertainty",2022-04-13,"JPM down 3.2%, KBE bank ETF down 2.1%",Moderate,mega_cap_earnings,2022-04-H1,2022-04-13,confirmed,1894
Goldman Sachs Q1 profit falls 42% on lower investment banking revenue,2022-04-14,"GS down 0.8%, broader market absorbed the miss",Low,mega_cap_earnings,2022-04-H1,2022-04-14,confirmed,1895
Russia defaults risk rises as US blocks dollar bond payments via sanctions,2022-04-04,"Russian sovereign CDS spiked, ruble down 3%",Moderate,credit_event,2022-04-H1,2022-04-04,confirmed,1896
"Elon Musk discloses 9.2% passive stake in Twitter, becomes largest shareholder",2022-04-04,TWTR up 27% on the day,High,mega_cap_corporate,2022-04-H1,2022-04-04,confirmed,1897
Elon Musk offers to buy Twitter for $54.20 per share in all-cash deal,2022-04-14,"TWTR up 3.7%, deal valued at $43B",Moderate,mega_cap_corporate,2022-04-H1,2022-04-14,confirmed,1898
French presidential election first round: Macron leads Le Pen heading to runoff,2022-04-10,"EUR/USD up 0.7%, CAC 40 up 1.3%",Moderate,election_political,2022-04-H1,2022-04-10,confirmed,1899
"Shanghai lockdown extends to entire city, Apple and Tesla suppliers halt output",2022-04-05,"AAPL down 1.4%, TSLA down 3.7%",Moderate,supply_disruption,2022-04-H1,2022-04-05,confirmed,1900
"US 10-year Treasury yield surpasses 2.8%, highest level since January 2019",2022-04-11,"Nasdaq down 2.1%, growth stocks sold off sharply",High,monetary_policy,2022-04-H1,2022-04-11,confirmed,1901
"Bucha massacre images emerge, EU and US pledge additional Russia sanctions",2022-04-04,"WTI oil up 3.5%, European equities down 1.2%",Moderate,geopolitical_military,2022-04-H1,2022-04-04,confirmed,1902
"Fed minutes signal aggressive rate hikes ahead, 50bp increments likely",2022-04-06,"SPX down 0.8%, 2-year Treasury yield rose to 2.65%",Moderate,monetary_policy,2022-05-H2,2022-05-25,date_corrected,1903
Snap warns revenue and profit will miss Q2 guidance on macro headwinds,2022-05-23,"SNAP down 43%, Meta down 7.6%, Alphabet down 5%",High,mega_cap_earnings,2022-05-H2,2022-05-23,confirmed,1904
Target shares plunge after Q1 earnings miss on surging freight and fuel costs,2022-05-18,"TGT down 25%, worst single-day drop since 1987",High,mega_cap_earnings,2022-05-H2,2022-05-18,confirmed,1905
Walmart cuts profit outlook citing inflation squeeze on consumer spending,2022-05-17,"WMT down 11.4%, SPX down 0.6%",High,mega_cap_earnings,2022-05-H2,2022-05-17,confirmed,1906
"US Senate passes $40 billion Ukraine aid package, sent to Biden for signature",2022-05-19,"SPX down 0.6%, defense stocks marginally higher",Low,geopolitical_diplomatic,2022-05-H2,2022-05-19,confirmed,1907
"Bitcoin falls below $30,000 as crypto selloff deepens amid risk-off environment",2022-05-10,"BTC down 12% to $28,600, Coinbase down 10%",Moderate,credit_event,2022-05-H2,2022-05-17,date_corrected,1908
"SPX closes in bear market territory, down over 20% from January peak",2022-06-13,"SPX intraday touched bear market, closed down 0.6% at 3923",Moderate,fiscal_policy,2022-05-H2,2022-05-20,date_corrected,1909
"Sweden and Finland formally apply to join NATO, ending decades of neutrality",2022-05-18,"SEK and FIN equities up modestly, defense stocks gained 1-2%",Low,geopolitical_diplomatic,2022-05-H2,2022-05-18,confirmed,1910
"US retail sales rise 0.9% in April, consumer spending holds despite inflation",2022-05-17,"SPX initially up 0.4%, gains faded",Low,fiscal_policy,2022-05-H2,2022-05-17,confirmed,1911
"ECB President Lagarde signals July rate hike, first increase in over a decade",2022-05-23,"EUR/USD up 0.6%, European bank stocks gained 1%",Moderate,monetary_policy,2022-05-H2,2022-05-23,confirmed,1912
Shanghai begins phased reopening from COVID lockdown after two-month shutdown,2022-05-16,"Hang Seng up 2.7%, copper up 1.5%",Moderate,pandemic_health,2022-05-H2,2022-05-16,unverified,1913
Cisco Systems cuts full-year revenue forecast citing supply chain disruptions,2022-05-18,"CSCO down 13.7%, worst day in 20 years",Moderate,mega_cap_corporate,2022-05-H2,2022-05-18,confirmed,1914
US 10-year Treasury yield falls below 2.8% as recession fears grow,2022-05-27,"SPX rallied 2.5%, 10-year yield dropped to 2.74%",Moderate,monetary_policy,2022-05-H2,2022-05-27,confirmed,1915
Ross Stores and Dollar General miss earnings as low-income consumers squeezed,2022-05-19,"ROST down 22%, DG down 12%",Moderate,mega_cap_earnings,2022-05-H2,2022-05-19,unverified,1916
"G7 leaders agree to ban Russian oil imports, tighten sanctions regime",2022-05-08,"WTI up 1.2% to $115, European energy stocks rose",Low,trade_policy,2022-05-H2,2022-05-26,date_corrected,1917
Deere raises full-year earnings guidance as farm equipment demand surges,2022-05-20,"DE up 6.4%, agricultural equipment stocks outperformed",Low,mega_cap_earnings,2022-05-H2,2022-05-20,confirmed,1918
"Russia masses over 100,000 troops on Ukraine border, invasion fears mount",2022-01-18,"SPX down 1.8%, VIX spiked to 28, oil up 1.5%",High,geopolitical_military,2022-01-H2,2022-01-18,confirmed,1919
Germany halts Nord Stream 2 gas pipeline certification amid Ukraine crisis,2022-02-22,"European gas futures up 10%, DAX down 2.0%",Moderate,energy_opec,2022-02-H2,2022-02-22,confirmed,1940
"Home Depot Q4 earnings beat estimates, raises dividend by 15%",2022-02-22,"HD up 1.7%, SPX reaction muted amid geopolitical noise",Low,mega_cap_earnings,2022-02-H2,2022-02-22,confirmed,1941
Russia launches full-scale invasion of Ukraine across multiple fronts,2022-02-24,"SPX down 2.1%, VIX hit 37, oil above $100, gold up 2%",High,geopolitical_military,2022-02-H2,2022-02-24,confirmed,1942
WTI crude oil surges above $100 per barrel for first time since 2014,2022-02-24,"WTI hit $100.54, Brent hit $105, energy stocks surged 3%",High,energy_opec,2022-02-H2,2022-02-24,confirmed,1943
"US, EU, UK announce sweeping sanctions targeting Russian banks and oligarchs",2022-02-24,"Ruble collapsed 8%, Russian MOEX index halted after falling 33%",High,geopolitical_diplomatic,2022-02-H2,2022-02-24,confirmed,1944
Moscow Exchange halts trading as Russian assets collapse on invasion news,2022-02-24,"MOEX down 33% before halt, RSX ETF down 28%",High,credit_event,2022-02-H2,2022-02-24,confirmed,1945
"SPX reverses sharply, closes up 1.5% after early invasion-driven selloff",2022-02-24,"SPX swung from down 2.6% to close up 1.5%, intraday range 4%",High,geopolitical_military,2022-02-H2,2022-02-24,confirmed,1946
Western nations announce exclusion of select Russian banks from SWIFT system,2022-02-26,"Ruble opened down 30% Monday, Russian assets frozen globally",High,geopolitical_diplomatic,2022-02-H2,2022-02-26,confirmed,1947
Fed's Waller signals support for 25bp March hike despite Ukraine uncertainty,2022-02-24,"2-year Treasury yield fell 10bp on safe-haven demand, rate hike odds trimmed",Moderate,monetary_policy,2022-02-H2,2022-02-24,confirmed,1948
"Ukraine President Zelensky refuses US evacuation offer, vows to stay in Kyiv",2022-02-26,"European defense stocks surged Monday, gold held above $1,900",Moderate,geopolitical_military,2022-02-H2,2022-02-26,confirmed,1949
Wheat and corn futures surge as Ukraine and Russia supply fears mount,2022-02-24,"Chicago wheat futures up 5.7%, corn up 3.2%",Moderate,supply_disruption,2022-02-H2,2022-02-24,confirmed,1950
"Nvidia Q4 earnings beat on gaming and data center demand, guides higher",2022-02-16,"NVDA up 7% after hours, Nasdaq futures up 0.5%",Moderate,mega_cap_earnings,2022-02-H2,2022-02-16,confirmed,1951
"Fed raises rates 25bp, first hike since 2018, signals six more in 2022",2022-03-16,"SPX up 2.2%, Nasdaq up 3.8%, 10Y yield rose to 2.19%",High,monetary_policy,2022-03-H2,2022-03-16,confirmed,1952
Ukraine and Russia hold peace talks in Turkey as war enters fourth week,2022-03-29,"WTI fell 5%, SPX rallied on ceasefire hopes",Moderate,geopolitical_diplomatic,2022-03-H2,2022-03-16,date_corrected,1953
"China reports largest COVID-19 outbreak since Wuhan, locks down Shenzhen",2022-03-14,"Hang Seng down 5%, tech stocks fell 8%",High,pandemic_health,2022-03-H2,2022-03-14,confirmed,1954
Nickel trading resumes on LME after historic short squeeze suspension,2022-03-16,"Nickel fell 12% on resumption, LME credibility questioned",Moderate,supply_disruption,2022-03-H2,2022-03-16,confirmed,1955
Ukraine proposes neutrality and NATO non-membership in exchange for security guarantees,2022-03-29,"WTI fell 7%, SPX up 1.1% on peace optimism",Moderate,geopolitical_diplomatic,2022-03-H2,2022-03-21,date_corrected,1956
"Powell signals aggressive rate path, says 50bp hike possible at May meeting",2022-03-21,"2Y Treasury yield surged to 2.15%, SPX down 0.4%",Moderate,monetary_policy,2022-03-H2,2022-03-21,confirmed,1957
10-year and 2-year US Treasury yield curve briefly inverts for first time since 2019,2022-03-29,"2Y yield hit 2.39% vs 10Y at 2.34%, recession fears spiked",High,monetary_policy,2022-03-H2,2022-03-29,confirmed,1958
Biden announces release of 180 million barrels from US Strategic Petroleum Reserve,2022-03-31,"WTI fell 7% to $100, gasoline futures down 4%",High,energy_opec,2022-03-H2,2022-03-31,confirmed,1959
Russia demands gas payments in rubles from unfriendly nations by April 1,2022-03-23,"European gas futures up 30%, EUR/USD fell 0.5%",High,energy_opec,2022-03-H2,2022-03-23,confirmed,1960
Nike reports Q3 earnings beat but warns on supply chain and Russia exit costs,2022-03-21,"NKE down 2% after hours, recovered to flat next day",Low,mega_cap_earnings,2022-03-H2,2022-03-21,confirmed,1961
"US bans imports of Russian oil, gas and coal amid Ukraine invasion",2022-03-08,"WTI surged above $130, SPX down 0.7%",High,trade_policy,2022-03-H2,2022-03-08,confirmed,1962
China regulators pledge to support capital markets and property sector,2022-03-16,"Hang Seng surged 9%, largest single-day gain since 2008",High,regulatory,2022-03-H2,2022-03-16,confirmed,1963
"Russian forces shell Kyiv suburbs, ceasefire talks stall after initial optimism",2022-03-25,"WTI up 3%, SPX down 0.7%, gold up 0.8%",Moderate,geopolitical_military,2022-03-H2,2022-03-25,unverified,1964
"UK raises rates 25bp to 0.75%, third consecutive hike as inflation hits 30-year high",2022-03-17,"GBP up 0.3%, FTSE 100 up 0.6%, gilt yields rose",Low,monetary_policy,2022-03-H2,2022-03-17,confirmed,1965
EU agrees to cut Russian gas imports by two-thirds within a year,2022-03-08,"European gas futures fell 4%, energy stocks mixed",Low,geopolitical_diplomatic,2022-03-H2,2022-03-25,date_corrected,1966
Wheat futures fall sharply as Ukraine-Russia peace talks raise export hopes,2022-03-29,"Wheat futures down 8%, corn down 3%",Moderate,supply_disruption,2022-03-H2,2022-03-29,confirmed,1967
"Netflix announces plan to crack down on password sharing, warns on subscriber growth",2022-01-20,"NFLX down 2.5%, streaming peers fell 1-3%",Low,mega_cap_corporate,2022-03-H2,2022-03-17,date_corrected,1968
SEC proposes rules requiring companies to disclose climate-related financial risks,2022-03-21,"Energy sector down 0.8%, minimal broad market impact",Low,regulatory,2022-03-H2,2022-03-21,confirmed,1969
"Netflix loses 200,000 subscribers in Q1, shares crash 35%",2022-04-19,"NFLX down 35%, Nasdaq down 1.2%",High,mega_cap_earnings,2022-04-H2,2022-04-19,confirmed,1970
IMF cuts 2022 global growth forecast to 3.6% citing Ukraine war,2022-04-19,"SPX down 0.5%, risk-off tone across markets",Moderate,fiscal_policy,2022-04-H2,2022-04-19,confirmed,1971
ECB holds rates steady but signals faster asset purchase wind-down,2022-04-14,"EUR/USD fell 0.5%, European equities mixed",Low,monetary_policy,2022-04-H2,2022-04-14,confirmed,1972
"China locks down Shanghai for third week, supply chain fears deepen",2022-04-18,"Oil down 5%, copper down 2%, SPX down 0.7%",Moderate,supply_disruption,2022-04-H2,2022-04-18,confirmed,1973
Russia cuts gas supplies to Poland and Bulgaria over ruble payment refusal,2022-04-27,"European gas futures up 17%, EUR/USD fell to 1.063",High,energy_opec,2022-04-H2,2022-04-26,date_corrected,1974
"US 10-year Treasury yield tops 2.9%, highest since late 2018",2022-04-19,"TLT down 1.2%, SPX down 2.8% on the day",High,monetary_policy,2022-04-H2,2022-04-19,confirmed,1975
Twitter board accepts Elon Musk buyout offer at $54.20 per share,2022-04-25,"TWTR up 5.7%, closed near $51.70",Moderate,mega_cap_corporate,2022-04-H2,2022-04-25,confirmed,1976
Tesla reports record Q1 profit despite supply chain headwinds,2022-04-20,"TSLA up 3% after-hours, SPX futures flat",Low,mega_cap_earnings,2022-04-H2,2022-04-20,confirmed,1977
Apple reports Q2 earnings beat but warns of $4-8B supply constraint ahead,2022-04-28,"AAPL down 1.5% after-hours, Nasdaq futures down 0.5%",Moderate,mega_cap_earnings,2022-04-H2,2022-04-28,confirmed,1978
Amazon posts first quarterly loss since 2015 on Rivian investment write-down,2022-04-28,"AMZN down 14% next session, Nasdaq down 1.4%",High,mega_cap_earnings,2022-04-H2,2022-04-28,confirmed,1979
"US GDP contracts 1.4% in Q1 2022, first negative print since pandemic",2022-04-28,"SPX down 0.6%, dollar strengthened, recession fears rose",Moderate,fiscal_policy,2022-04-H2,2022-04-28,confirmed,1980
Fed's Brainard signals aggressive balance sheet reduction starting May,2022-04-05,"10-year yield jumped 15bp, Nasdaq down 2.2%",High,monetary_policy,2022-04-H2,2022-04-05,confirmed,1981
Russia declares victory in Mariupol siege as steel plant fighting continues,2022-04-21,"Oil up 1.2%, SPX down 0.1%, limited market reaction",Low,geopolitical_military,2022-04-H2,2022-04-21,confirmed,1982
French presidential election heads to runoff between Macron and Le Pen,2022-04-10,"EUR/USD up 0.7%, CAC 40 up 1.1%, relief rally",Moderate,election_political,2022-04-H2,2022-04-10,confirmed,1983
Macron defeats Le Pen in French presidential election runoff,2022-04-24,"EUR/USD up 0.4%, CAC 40 up 0.8%, muted reaction",Low,election_political,2022-04-H2,2022-04-24,confirmed,1984
Meta reports Q1 earnings beat but daily active users stagnate,2022-04-27,"META up 18% after-hours after prior quarter collapse — note: Meta actually beat on DAU recovery vs Q4 2021 fears, shares rose ~18% after-hours",Moderate,mega_cap_earnings,2022-04-H2,2022-04-27,confirmed,1985
Alphabet Q1 revenue misses estimates as YouTube ad growth slows sharply,2022-04-26,"GOOGL down 4% after-hours, Nasdaq futures down 1%",Moderate,mega_cap_earnings,2022-04-H2,2022-04-26,confirmed,1986
"Microsoft Q3 earnings beat estimates on cloud strength, shares rise",2022-04-26,"MSFT up 5% after-hours, partially offset Alphabet drag",Low,mega_cap_earnings,2022-04-H2,2022-04-26,confirmed,1987
Shanghai COVID lockdown extended indefinitely as case count stays elevated,2022-04-22,"Hang Seng down 1.4%, copper down 1.8%, yuan weakened",Moderate,pandemic_health,2022-04-H2,2022-04-22,confirmed,1988
"Fed raises rates 25bp, first hike since 2018, signals six more in 2022",2022-03-16,"SPX up 2.2%, Nasdaq up 3.8% on hawkish-but-expected move",High,monetary_policy,2022-03-H1,2022-03-16,confirmed,1989
Russia and Ukraine hold fourth round of ceasefire talks in Belarus,2022-03-14,"SPX up 0.8%, oil pulled back 2% on diplomacy hopes",Low,geopolitical_diplomatic,2022-03-H1,2022-03-01,date_corrected,1990
WTI crude oil surges above $110 per barrel on Russia supply fears,2022-03-02,"WTI hit $112, SPX down 0.5%",Moderate,energy_opec,2022-03-H1,2022-03-02,confirmed,1991
US and allies announce ban on Russian oil and energy imports,2022-03-08,"WTI surged to $130 intraday, SPX down 2.9%",High,trade_policy,2022-03-H1,2022-03-08,confirmed,1992
"Brent crude hits $139 per barrel, highest level since 2008",2022-03-07,"Brent hit $139.13 intraday, SPX down 3% at open",High,energy_opec,2022-03-H1,2022-03-07,confirmed,1993
"Nickel prices double in one day on LME, exchange halts trading",2022-03-08,"Nickel up 111% to $101,365 per tonne, LME suspended trading",High,supply_disruption,2022-03-H1,2022-03-08,confirmed,1994
Russia defaults risk rises as JPMorgan warns on bond payments,2022-03-04,Russian sovereign bonds trading at 20 cents on dollar,Moderate,credit_event,2022-03-H1,2022-03-04,confirmed,1995
Ukraine reports Russian forces seize Zaporizhzhia nuclear power plant,2022-03-04,"SPX futures fell 1.5% overnight, gold spiked to $1,975",High,geopolitical_military,2022-03-H1,2022-03-04,confirmed,1996
"US CPI rises 7.9% year-over-year in February, highest since 1982",2022-03-10,"SPX down 0.4%, 10-year yield rose to 2.0%",Low,fiscal_policy,2022-03-H1,2022-03-10,confirmed,1997
EU announces third package of sanctions against Russia targeting banks,2022-03-02,"Ruble hits record low, SPX little changed",Low,geopolitical_diplomatic,2022-03-H1,2022-03-02,confirmed,1998
"China reports COVID-19 outbreak in Shenzhen, city enters lockdown",2022-03-13,"Hang Seng down 5%, Chinese tech ADRs down 8-15%",High,pandemic_health,2022-03-H1,2022-03-13,confirmed,1999
Germany halts Nord Stream 2 gas pipeline certification amid Ukraine crisis,2022-02-22,"European natural gas up 5%, DAX down 0.3%",Moderate,energy_opec,2022-02-H1,2022-02-08,date_corrected,2020
French President Macron meets Putin in Moscow over Ukraine tensions,2022-02-07,"SPX up 0.9%, brief relief rally on diplomacy hopes",Low,geopolitical_diplomatic,2022-02-H1,2022-02-07,confirmed,2021
US Treasury 10-year yield breaks above 2% for first time since 2019,2022-02-10,"10-year hit 2.05%, tech stocks sold off, NDX down 1.5%",Moderate,monetary_policy,2022-02-H1,2022-02-10,confirmed,2022
"OPEC+ agrees to stick to planned 400,000 bpd output increase for March",2022-02-02,"WTI held above $88, oil up 0.8% on tight supply outlook",Low,energy_opec,2022-02-H1,2022-02-02,confirmed,2023
"Peloton announces CEO John Foley resigns, company cuts 2,800 jobs",2022-02-08,PTON up 25% on activist investor hopes and restructuring news,Moderate,mega_cap_corporate,2022-02-H1,2022-02-08,confirmed,2024
"Fed Chair Powell delivers hawkish Jackson Hole speech, signals sustained rate hikes",2022-08-26,"SPX down 3.4%, Nasdaq down 3.9%, VIX spiked to 25",High,monetary_policy,2022-08-H2,2022-08-26,confirmed,2025
"Eurozone inflation hits record 9.1% in August, ECB rate hike pressure mounts",2022-08-31,"EUR/USD fell below parity, European equities down 1.5%",Moderate,monetary_policy,2022-08-H2,2022-08-31,confirmed,2026
"Russia cuts Nord Stream 1 gas flows to 20% capacity, citing turbine issues",2022-08-19,"European natural gas up 20%, TTF hit record 340 EUR/MWh",High,supply_disruption,2022-08-H2,2022-08-19,confirmed,2027
Nvidia warns Q3 revenue will miss guidance by $1.4B on weak gaming demand,2022-08-08,"NVDA down 6.3% pre-market, semiconductor index SOX down 3%",High,mega_cap_earnings,2022-08-H2,2022-08-08,confirmed,2028
"US August consumer confidence rises to 103.2, beating expectations",2022-08-30,"SPX up 0.2%, move largely shrugged off ahead of Jackson Hole",Low,fiscal_policy,2022-08-H2,2022-08-30,confirmed,2029
China announces military drills around Taiwan in response to Pelosi visit aftermath,2022-08-04,"Taiwan dollar weakened slightly, SPX down 0.2%",Low,geopolitical_military,2022-08-H2,2022-08-16,date_corrected,2030
ECB publishes July meeting minutes signaling larger rate hikes ahead,2022-08-25,"EUR/USD up 0.3%, European bank stocks gained 0.5%",Low,monetary_policy,2022-08-H2,2022-08-25,confirmed,2031
Salesforce raises full-year guidance after beating Q2 earnings estimates,2022-08-24,"CRM up 8% after hours, software sector rallied 1.5%",Moderate,mega_cap_earnings,2022-08-H2,2022-08-24,confirmed,2032
Germany reports economy stagnated in Q2 as energy crisis bites,2022-08-25,"DAX down 0.6%, EUR weakened 0.4%",Low,fiscal_policy,2022-08-H2,2022-08-25,confirmed,2033
OPEC+ signals possible output cut to defend oil prices as demand worries grow,2022-08-22,"WTI crude up 3.5%, Brent rose above $100",Moderate,energy_opec,2022-08-H2,2022-08-22,confirmed,2034
"US CPI surges 9.1% year-over-year in June, highest since 1981",2022-07-13,"SPX down 0.5%, 2-year Treasury yield hit 3.15%, DXY up 0.7%",High,monetary_policy,2022-07-H1,2022-07-13,confirmed,2035
EUR/USD falls to parity for first time in 20 years on energy fears,2022-07-12,"EUR/USD hit 1.0000, DXY above 108",High,geopolitical_diplomatic,2022-07-H1,2022-07-12,confirmed,2036
"Fed minutes signal aggressive rate hikes ahead, 75bp increase expected",2022-07-06,"SPX down 0.1%, 2-year yield rose to 3.0%",Low,monetary_policy,2022-07-H1,2022-07-06,confirmed,2037
Nord Stream 1 pipeline begins scheduled 10-day maintenance shutdown,2022-07-11,"European natural gas up 10%, DAX down 1.3%",Moderate,supply_disruption,2022-07-H1,2022-07-11,confirmed,2038
Sri Lanka president Gotabaya Rajapaksa flees country amid economic collapse,2022-07-13,"Sri Lanka sovereign bonds at record lows, minimal SPX impact",Low,election_political,2022-07-H1,2022-07-09,date_corrected,2039
"Bank of Japan widens yield curve control band, allows 10-year JGB to 1%",2023-07-28,"JPY up 1.5%, Nikkei down 0.4%, global bonds sold off",High,monetary_policy,2023-07-H2,2023-07-28,confirmed,2160
"US CPI rises 3.0% year-over-year in June, slowest pace since March 2021",2023-07-12,"SPX up 0.7%, Nasdaq up 1.2%, DXY fell 1%",Moderate,monetary_policy,2023-07-H1,2023-07-12,confirmed,2161
"US PPI rises just 0.1% year-over-year in June, lowest in nearly three years",2023-07-13,"SPX up 0.2%, 2-year Treasury yield fell 6bp",Low,monetary_policy,2023-07-H1,2023-07-13,confirmed,2162
Dollar index drops to 15-month low as disinflation data boosts rate-cut hopes,2023-07-13,"DXY fell below 100, EUR/USD above 1.12",Moderate,monetary_policy,2023-07-H1,2023-07-13,confirmed,2163
"China's exports fall 12.4% in June, worst drop since February 2020",2023-07-13,"Hang Seng down 1.0%, copper fell 0.8%",Moderate,trade_policy,2023-07-H1,2023-07-13,confirmed,2164
"JPMorgan Chase reports record Q2 profit of $14.5B, revenue beats estimates",2023-07-14,"JPM up 0.6%, KBE bank ETF up 1.5%",Low,mega_cap_earnings,2023-07-H1,2023-07-14,confirmed,2165
"Wells Fargo Q2 net interest income beats forecasts, raises full-year guidance",2023-07-14,"WFC up 2.9%, regional bank stocks rallied",Moderate,mega_cap_earnings,2023-07-H1,2023-07-14,confirmed,2166
"Russia suspends Black Sea grain deal, blocking Ukraine agricultural exports",2023-07-17,"Wheat futures up 4%, corn up 2%",Moderate,supply_disruption,2023-07-H1,2023-07-17,confirmed,2167
Fed's Waller signals two more rate hikes may be needed despite cooling inflation,2023-07-06,"SPX down 0.3%, 2-year yield rose 5bp",Low,monetary_policy,2023-07-H1,2023-07-06,confirmed,2168
"US adds 209,000 jobs in June, first miss versus consensus in 15 months",2023-07-07,"SPX up 0.1%, 10-year yield fell 4bp, mild reaction",Low,fiscal_policy,2023-07-H1,2023-07-07,confirmed,2169
SEC sues Binance and Coinbase alleging unregistered securities exchanges,2023-06-05,"Bitcoin fell 2%, BNB down 4%, crypto stocks sold off",Low,regulatory,2023-07-H1,2023-07-03,date_corrected,2170
Fitch downgrades US sovereign credit rating from AAA to AA+,2023-08-01,"SPX down 1.4%, VIX up to 17, 10-year yield rose to 4.07%",Moderate,credit_event,2023-08-H1,2023-08-01,confirmed,2171
US Treasury announces $1 trillion-plus quarterly borrowing estimate,2023-07-31,10-year Treasury yield climbed to 4.18% over following days,Moderate,fiscal_policy,2023-08-H1,2023-08-01,date_corrected,2172
Amazon reports Q2 earnings with AWS growth acceleration and profit beat,2023-08-03,"AMZN up 8.8% on the day, Nasdaq up 0.6%",Moderate,mega_cap_earnings,2023-08-H1,2023-08-03,confirmed,2173
Apple reports Q3 revenue decline for third straight quarter,2023-08-03,"AAPL down 4.8% next session, SPX down 0.5%",Moderate,mega_cap_earnings,2023-08-H1,2023-08-03,confirmed,2174
"China's exports fall 14.5% in July, largest drop since early pandemic",2023-08-08,"FXI China ETF down 2.1%, copper down 1.5%",Moderate,trade_policy,2023-08-H1,2023-08-08,confirmed,2175
"China reports consumer price index turns negative, deflation risk rises",2023-08-09,"FXI down 1.8%, yuan weakened, commodity ETFs fell 0.5%",Low,fiscal_policy,2023-08-H1,2023-08-09,confirmed,2176
"Moody's downgrades ten US regional banks, puts six large banks on review",2023-08-07,"KRE down 2.5%, SPX financials sector down 1.1%",Moderate,credit_event,2023-08-H1,2023-08-07,confirmed,2177
"US 10-year Treasury yield hits 4.20%, highest level since November 2022",2023-08-10,"SPX down 0.7%, TLT bond ETF down 0.9%",Low,monetary_policy,2023-08-H1,2023-08-10,unverified,2178
"US July CPI rises 3.2% year-on-year, slightly below expectations",2023-08-10,"SPX up 0.7%, Nasdaq up 1.0%, 2-year yield fell 6bp",Low,monetary_policy,2023-08-H1,2023-08-10,confirmed,2179
"Hawaii wildfires devastate Maui, Lahaina town largely destroyed",2023-08-08,"Insurance stocks down 1-2%, SPX broadly flat",Low,natural_disaster,2023-08-H1,2023-08-09,date_corrected,2180
"US July PPI rises 0.8% year-on-year, below 0.7% forecast",2023-08-11,"The July 2023 PPI was released on August 11, 2023. However, the headline figure was +0.8% YoY which was actually above the ~0.7% forecast, not below it. The market_fact description of the forecast direction appears inverted.",Low,monetary_policy,2023-08-H1,2023-08-11,confirmed,2181
Israel launches ground raids into Gaza as conflict escalates,2023-10-19,"Oil up 2%, VIX rose to 21, SPX down 1.3%",Moderate,geopolitical_military,2023-10-H2,2023-10-19,confirmed,2182
US House Republicans elect Mike Johnson as Speaker after weeks of paralysis,2023-10-25,"SPX up 1.3%, 10-year yield fell slightly",Moderate,election_political,2023-10-H2,2023-10-25,confirmed,2183
10-year US Treasury yield briefly touches 5% for first time since 2007,2023-10-19,"10-year yield hit 5.02%, SPX down 1.3%",High,monetary_policy,2023-10-H2,2023-10-19,confirmed,2184
"Netflix reports Q3 earnings with 8.76 million subscriber additions, beats estimates",2023-10-18,NFLX up 16% after hours,Moderate,mega_cap_earnings,2023-10-H2,2023-10-18,confirmed,2185
"Tesla reports Q3 earnings miss on margins, warns of high interest rate headwinds",2023-10-18,TSLA down 9.3% next day,High,mega_cap_earnings,2023-10-H2,2023-10-18,confirmed,2186
"Meta reports Q3 earnings beat, raises Q4 revenue guidance above expectations",2023-10-25,META up 3.5% after hours,Moderate,mega_cap_earnings,2023-10-H2,2023-10-25,confirmed,2187
"Alphabet reports Q3 earnings miss on Google Cloud revenue, shares drop",2023-10-24,"Alphabet did report Q3 2023 earnings on October 24, 2023, but Google Cloud actually beat estimates; the overall results were mixed. GOOGL fell sharply the next day but the characterization of a Cloud miss is inaccurate.",High,mega_cap_earnings,2023-10-H2,2023-10-24,confirmed,2188
Microsoft reports Q3 earnings beat driven by Azure cloud growth of 29%,2023-10-24,"MSFT up 3% after hours, held gains next day",Moderate,mega_cap_earnings,2023-10-H2,2023-10-24,confirmed,2189
Amazon reports Q3 earnings beat on AWS growth and advertising revenue surge,2023-10-26,AMZN up 7% after hours,Moderate,mega_cap_earnings,2023-10-H2,2023-10-26,confirmed,2190
"US GDP grows at 4.9% annualized rate in Q3, strongest in nearly two years",2023-10-26,"10-year yield rose 4bp, SPX up 1.2%",Moderate,fiscal_policy,2023-10-H2,2023-10-26,confirmed,2191
ECB holds rates steady at 4% after ten consecutive hikes,2023-10-26,"EUR/USD down 0.4%, European equities up 0.7%",Low,monetary_policy,2023-10-H2,2023-10-26,confirmed,2192
Iran warns of preemptive action if Israel ground offensive continues in Gaza,2023-10-25,"Oil up 1.5%, gold up 0.8%",Low,geopolitical_diplomatic,2023-10-H2,2023-10-25,unverified,2193
"US core PCE inflation rises 0.3% in September, in line with estimates",2023-10-27,"SPX up 1.2%, bond yields fell slightly",Low,monetary_policy,2023-10-H2,2023-10-27,confirmed,2194
Intel reports Q3 earnings beat and raises full-year guidance on PC recovery,2023-10-26,INTC up 9% next day,Moderate,mega_cap_earnings,2023-10-H2,2023-10-26,confirmed,2195
Fitch downgrades US long-term credit rating from AAA to AA+,2023-08-01,"SPX down 1.4%, 10-year Treasury yield rose to 4.18%",Moderate,credit_event,2023-08-H2,2023-08-01,confirmed,2196
Fed Chair Powell signals rates may rise further at Jackson Hole speech,2023-08-25,"SPX down 1.2%, 10-year yield hit 4.25%, DXY up 0.6%",Moderate,monetary_policy,2023-08-H2,2023-08-25,confirmed,2197
China cuts one-year loan prime rate by 10bp to 3.45%,2023-08-21,"CSI 300 down 1.1%, yuan weakened to 7.29 per dollar",Low,monetary_policy,2023-08-H2,2023-08-21,confirmed,2198
Evergrande files for Chapter 15 bankruptcy protection in New York,2023-08-17,"HK property stocks down 2-4%, SPX down 0.3%",Low,credit_event,2023-08-H2,2023-08-17,confirmed,2199
Brent crude oil rises above $95 per barrel on extended OPEC+ supply cuts,2023-09-19,"Brent hit $95.35, WTI above $93",Moderate,energy_opec,2023-09-H2,2023-09-19,confirmed,2240
Nike reports Q1 earnings beat but cuts full-year revenue outlook,2023-09-28,NKE down 6.9% after hours,Moderate,mega_cap_earnings,2023-09-H2,2023-09-28,confirmed,2241
"ECB raises rates by 25bp to record 4%, hints cycle may be at peak",2023-09-14,"EUR down 0.5%, DAX up 0.4%",Low,monetary_policy,2023-09-H2,2023-09-14,confirmed,2242
China property developer Country Garden misses offshore bond payment deadline,2023-09-05,"Country Garden bonds fell, Hang Seng down 0.8%",Low,credit_event,2023-09-H2,2023-09-25,date_corrected,2243
"US Senate passes short-term spending bill, averting government shutdown",2023-09-30,"SPX up 0.1%, minimal market reaction",Low,fiscal_policy,2023-09-H2,2023-09-30,confirmed,2244
Azerbaijan launches military offensive into Nagorno-Karabakh enclave,2023-09-19,"Oil up 0.4%, minimal broader market impact",Low,geopolitical_military,2023-09-H2,2023-09-19,confirmed,2245
Dollar index DXY hits 10-month high above 106 on higher-for-longer rate fears,2023-09-27,"DXY reached 106.84, EM currencies sold off broadly",High,monetary_policy,2023-09-H2,2023-09-27,confirmed,2246
Nvidia reports Q3 earnings with revenue up 206% year-over-year,2023-11-21,"NVDA up 2.5% after hours, SPX up 0.4% next day",Moderate,mega_cap_earnings,2023-11-H2,2023-11-21,confirmed,2247
Fed minutes show officials see rates staying higher for longer,2023-11-21,"SPX fell 0.2%, 10-year yield dipped slightly",Low,monetary_policy,2023-11-H2,2023-11-21,confirmed,2248
OpenAI board fires CEO Sam Altman in surprise move,2023-11-17,"MSFT down 1.7% on Friday, recovered as Altman joins Microsoft",Moderate,mega_cap_corporate,2023-11-H2,2023-11-17,confirmed,2249
Sam Altman reinstated as OpenAI CEO after board reversal,2023-11-22,"MSFT up 2.1%, sentiment boost for AI stocks broadly",Moderate,mega_cap_corporate,2023-11-H2,2023-11-22,confirmed,2250
US and China agree to resume military-to-military communications at APEC summit,2023-11-15,"SPX up 0.1%, markets largely unmoved",Low,geopolitical_diplomatic,2023-11-H2,2023-11-15,confirmed,2251
"Biden and Xi meet at APEC in San Francisco, easing tensions",2023-11-15,"SPX up 0.2%, risk-on sentiment mild",Low,geopolitical_diplomatic,2023-11-H2,2023-11-15,confirmed,2252
US CPI for October comes in below expectations at 3.2% year-over-year,2023-11-14,"SPX up 1.9%, 10-year yield dropped 19bp, DXY fell 1.5%",High,monetary_policy,2023-11-H2,2023-11-14,confirmed,2253
"US October retail sales fall 0.1%, first decline in seven months",2023-11-15,"SPX up 0.5%, reinforced soft-landing narrative",Low,fiscal_policy,2023-11-H2,2023-11-15,confirmed,2254
Moody's cuts US credit outlook to negative from stable,2023-11-10,"SPX down 0.1% Monday, 10-year yield up slightly",Low,credit_event,2023-11-H2,2023-11-10,confirmed,2255
Israel-Hamas temporary ceasefire and hostage deal announced,2023-11-22,"Oil down 1.5%, gold down 0.4%, SPX flat",Low,geopolitical_military,2023-11-H2,2023-11-22,confirmed,2256
OPEC+ postpones ministerial meeting by four days amid output disagreements,2023-11-22,WTI crude fell 4.6% on uncertainty over supply cuts,High,energy_opec,2023-11-H2,2023-11-22,confirmed,2257
Eurozone PMI composite remains in contraction at 47.1 for November,2023-11-23,"EUR/USD down 0.3%, European equities fell 0.5%",Low,fiscal_policy,2023-11-H2,2023-11-23,confirmed,2258
"US initial jobless claims rise to 231,000, highest since August",2023-11-16,"SPX up 0.1%, seen as supporting Fed pause narrative",Low,monetary_policy,2023-11-H2,2023-11-16,confirmed,2259
"US 10-year Treasury yield hits 4.26%, highest since 2008",2023-08-21,"10Y yield rose to 4.26%, SPX down 0.4%",Moderate,monetary_policy,2023-09-H1,2023-09-01,date_corrected,2220
"Apple holds iPhone 15 launch event, unveils new lineup and USB-C",2023-09-12,"AAPL down 1.7% on event day, muted reaction",Low,mega_cap_corporate,2023-09-H1,2023-09-12,confirmed,2221
China bans government officials from using iPhones for work,2023-09-06,"AAPL down 2.9%, losing roughly $190B in market cap over two days",High,regulatory,2023-09-H1,2023-09-06,confirmed,2222
"ECB raises rates by 25bp to 4%, signals possible pause ahead",2023-09-14,"EUR/USD fell 0.5%, European equities up 0.3%",Moderate,monetary_policy,2023-09-H1,2023-09-14,confirmed,2223
"Morocco earthquake kills over 2,000 near Marrakech",2023-09-08,"Moroccan dirham steady, minimal global market reaction",Low,natural_disaster,2023-09-H1,2023-09-08,confirmed,2224
"US August CPI rises 3.7% year-over-year, above 3.6% consensus",2023-09-13,"SPX down 0.6%, 2Y Treasury yield rose to 5.02%",Moderate,fiscal_policy,2023-09-H1,2023-09-13,confirmed,2225
"US jobs report shows 187,000 jobs added in August, unemployment rises to 3.8%",2023-09-01,"SPX up 0.2%, bond yields dipped briefly on soft unemployment rate",Low,monetary_policy,2023-09-H1,2023-09-01,confirmed,2226
Oil prices surge as WTI crude tops $90 per barrel for first time in 2023,2023-09-19,"WTI hit $90.15, energy sector up 1.2%",Moderate,energy_opec,2023-09-H1,2023-09-11,date_corrected,2227
Saudi Arabia and Russia extend voluntary oil output cuts through December,2023-09-05,"WTI up 1.9%, Brent above $90 for first time since November 2022",Moderate,energy_opec,2023-09-H1,2023-09-05,confirmed,2228
"India bans rice exports, stoking global food inflation concerns",2023-08-20,"Rice futures up 2%, muted equity market reaction",Low,trade_policy,2023-09-H1,2023-09-08,date_corrected,2229
"ARM Holdings prices IPO at $51 per share, raising $4.87 billion",2023-09-13,"ARM opened at $63.59, up 24% on first trading day",Moderate,mega_cap_corporate,2023-09-H1,2023-09-13,confirmed,2230
G20 summit concludes in New Delhi with joint communique on Ukraine,2023-09-10,"DXY flat, markets largely unmoved by diplomatic outcome",Low,geopolitical_diplomatic,2023-09-H1,2023-09-10,confirmed,2231
"US 30-year fixed mortgage rate hits 7.23%, highest since 2001",2023-09-07,"Homebuilder ETF XHB down 1.8%, SPX down 0.3%",Moderate,monetary_policy,2023-09-H1,2023-09-07,unverified,2232
"Fed holds rates at 5.25-5.50%, signals one more hike possible in 2023",2023-09-20,"SPX down 0.9%, 10-year Treasury yield rose to 4.44%",Moderate,monetary_policy,2023-09-H2,2023-09-20,confirmed,2233
US 10-year Treasury yield surges past 4.5% to 16-year high,2023-09-26,"10-year yield hit 4.54%, SPX down 1.5%",High,monetary_policy,2023-09-H2,2023-09-26,confirmed,2234
US government shutdown looms as Congress fails to pass spending bill,2023-09-19,"SPX down 0.3%, dollar slightly firmer",Low,fiscal_policy,2023-09-H2,2023-09-19,confirmed,2235
"UAW expands strike to Ford and GM plants, adding 38 facilities nationwide",2023-09-22,"GM down 2.1%, Ford down 1.8%",Moderate,supply_disruption,2023-09-H2,2023-09-22,confirmed,2236
"Arm Holdings prices IPO at $51 per share, largest listing of 2023",2023-09-13,"ARM opened at $63.59, up 25% on debut",Moderate,mega_cap_corporate,2023-09-H2,2023-09-14,date_corrected,2237
"Bank of England holds rates at 5.25%, surprising markets expecting a hike",2023-09-21,"GBP down 0.5%, FTSE 100 up 0.4%",Moderate,monetary_policy,2023-09-H2,2023-09-21,confirmed,2238
Evergrande shares suspended in Hong Kong after chairman placed under police control,2023-09-28,"Evergrande suspended, Hang Seng down 1.4%",Moderate,credit_event,2023-09-H2,2023-09-28,confirmed,2239
US March CPI comes in hotter than expected at 3.5% year-over-year,2024-04-10,"SPX down 1.2%, 10-year yield surged to 4.57%, rate cut bets slashed",High,monetary_policy,2024-04-H2,2024-04-10,confirmed,2300
Fed Chair Powell signals no rush to cut rates as inflation remains sticky,2024-04-16,"SPX down 1.2%, 10-year yield rose to 4.66%",Moderate,monetary_policy,2024-04-H2,2024-04-16,confirmed,2301
US 10-year Treasury yield breaks above 4.7% for first time since November 2023,2024-04-25,"SPX down 0.5%, bond yields at multi-month highs",Moderate,fiscal_policy,2024-04-H2,2024-04-25,confirmed,2302
"Meta Q1 2024 earnings beat but Q2 revenue guidance disappoints, shares plunge",2024-04-24,"META down 15% after-hours, Nasdaq futures down 1%",High,mega_cap_earnings,2024-04-H2,2024-04-24,confirmed,2303
"Alphabet Q1 2024 earnings beat expectations, announces first-ever dividend",2024-04-25,"GOOGL up 10% after-hours, lifted Nasdaq futures",High,mega_cap_earnings,2024-04-H2,2024-04-25,confirmed,2304
"Microsoft Q1 2024 earnings beat on Azure cloud growth, shares rise",2024-04-25,MSFT up 4% after-hours on strong cloud revenue,Moderate,mega_cap_earnings,2024-04-H2,2024-04-25,confirmed,2305
"US Q1 2024 GDP growth comes in at 1.6%, well below 2.5% consensus estimate",2024-04-25,"SPX down 0.5%, stagflation fears intensified",Moderate,fiscal_policy,2024-04-H2,2024-04-25,confirmed,2306
"US March PCE inflation index rises 2.7% year-over-year, above expectations",2024-04-26,SPX up 1% as investors relieved it was not worse,Low,monetary_policy,2024-04-H2,2024-04-26,confirmed,2307
"SPX posts worst monthly performance of 2024, falling over 4% in April",2024-04-30,"SPX down 4.2% for April, worst month since September 2023",High,monetary_policy,2024-04-H2,2024-04-30,confirmed,2308
Exxon Mobil agrees to acquire Pioneer Natural Resources for $60 billion,2023-10-11,"PXD up 1%, XOM down 0.5%, deal already largely priced in",Low,mega_cap_corporate,2024-04-H2,2024-04-22,date_corrected,2309
US CPI comes in hotter than expected at 3.1% in January,2024-02-13,"SPX down 1.4%, 10-year yield jumped 14bp to 4.31%, rate cut expectations pushed back",High,monetary_policy,2024-02-H1,2024-02-13,confirmed,2310
"Alphabet reports Q4 2023 earnings, misses on ad revenue",2024-01-30,"GOOGL down 7.5% next day, dragged Nasdaq down 0.8%",High,mega_cap_earnings,2024-02-H1,2024-02-06,date_corrected,2311
"Meta reports Q4 2023 earnings, announces first-ever dividend",2024-02-01,"META up 20% on Feb 2, largest single-day gain in market cap history at the time",High,mega_cap_earnings,2024-02-H1,2024-02-01,confirmed,2312
"Apple reports Q1 2024 earnings, China revenue declines 13%",2024-02-01,"AAPL down 2.9% on Feb 2, weighed on broader indices",Moderate,mega_cap_earnings,2024-02-H1,2024-02-01,confirmed,2313
"Amazon reports Q4 2023 earnings, beats on cloud and ad revenue",2024-02-01,"AMZN up 7.9% on Feb 2, boosted Nasdaq",Moderate,mega_cap_earnings,2024-02-H1,2024-02-01,confirmed,2314
"US January jobs report shows 353,000 jobs added, far above 185,000 forecast",2024-02-02,"SPX up 1.1%, 2-year yield spiked 16bp, March rate cut odds fell to 20%",High,monetary_policy,2024-02-H1,2024-02-02,confirmed,2315
Fed Chair Powell says March rate cut not the base case in 60 Minutes interview,2024-02-04,"SPX futures fell 0.3% Sunday, 10-year yield rose 5bp Monday",Low,monetary_policy,2024-02-H1,2024-02-04,confirmed,2316
New York Community Bancorp shares plunge on surprise loss and dividend cut,2024-01-31,"NYCB down 22%, KRE regional bank ETF down 6%, rekindled regional bank fears",High,credit_event,2024-02-H1,2024-02-06,date_corrected,2317
"Houthi rebels continue Red Sea attacks, US conducts retaliatory strikes in Yemen",2024-02-03,"Oil up 1.2%, shipping stocks volatile, broader market impact minimal",Low,geopolitical_military,2024-02-H1,2024-02-03,confirmed,2318
"UK economy enters technical recession in Q4 2023, GDP contracts 0.3%",2024-02-15,"GBP down 0.4%, FTSE 100 down 0.3%, limited global spillover",Low,fiscal_policy,2024-02-H1,2024-02-15,confirmed,2319
Adobe scraps $20B Figma acquisition after EU and DOJ opposition,2023-12-18,"ADBE up 3%, Figma deal collapses on regulatory grounds",Moderate,regulatory,2023-12-H1,2023-12-18,confirmed,2280
US Senate fails to advance border security and Ukraine aid package,2024-02-07,"SPX little changed, markets largely indifferent",Low,fiscal_policy,2023-12-H1,2023-12-06,date_corrected,2281
Houthi rebels escalate Red Sea attacks on commercial shipping vessels,2023-12-12,"Oil up 1.5%, shipping stocks rose, Maersk suspended transits",Moderate,geopolitical_military,2023-12-H1,2023-12-12,confirmed,2282
Argentina's Milei devalues peso by 54% in shock economic overhaul,2023-12-12,ARS official rate moved from 400 to 800 per USD,Moderate,fiscal_policy,2023-12-H1,2023-12-12,confirmed,2283
"US PPI falls 0.1% in November, adding to disinflation narrative",2023-12-08,"SPX up 0.4%, bond yields edged lower",Low,monetary_policy,2023-12-H1,2023-12-08,confirmed,2284
"Oracle reports Q2 earnings miss, cloud growth disappoints investors",2023-12-11,"ORCL down 12% next day, worst single-day drop in years",Moderate,mega_cap_earnings,2023-12-H1,2023-12-11,confirmed,2285
"Fed holds rates steady, signals three cuts in 2024 dot plot",2023-12-13,"SPX up 0.7%, 10-year yield fell to 4.0%, DXY dropped 0.8%",High,monetary_policy,2023-12-H2,2023-12-13,confirmed,2286
"Bank of Japan holds ultra-loose policy, tweaks YCC guidance slightly",2023-12-19,"Yen fell 0.5%, Nikkei up 1.4%, 10-year JGB yield unchanged",Low,monetary_policy,2023-12-H2,2023-12-19,confirmed,2287
"US PCE inflation falls to 2.6% in November, lowest since 2021",2023-12-22,"SPX up 0.2%, 10-year yield dipped to 3.89%",Low,fiscal_policy,2023-12-H2,2023-12-22,confirmed,2288
"Micron Technology reports Q1 2024 earnings beat, revenue surges on AI chip demand",2023-12-20,"MU up 9% after hours, semiconductor ETF SOXX up 2%",Moderate,mega_cap_earnings,2023-12-H2,2023-12-20,confirmed,2289
US Supreme Court hears arguments on Colorado ballot removal of Trump,2024-02-08,"SPX flat, markets largely unmoved by political uncertainty",Low,election_political,2023-12-H2,2023-12-19,date_corrected,2290
"Houthi rebels escalate Red Sea attacks, major shipping lines reroute vessels",2023-12-18,"Oil up 1.5%, shipping stocks rose 3-5%, SPX down 0.3%",Moderate,geopolitical_military,2023-12-H2,2023-12-18,confirmed,2291
US and allies launch Operation Prosperity Guardian to protect Red Sea shipping,2023-12-19,"Oil up 0.8%, Maersk shares up 2%, broader market flat",Low,geopolitical_military,2023-12-H2,2023-12-19,confirmed,2292
Argentina's Milei removes currency controls and devalues peso by 54%,2023-12-12,"ARS officially devalued to 800 per USD, Argentine stocks in NY up 10%",Moderate,fiscal_policy,2023-12-H2,2023-12-13,date_corrected,2293
US GDP revised up to 4.9% annualized growth for Q3 2023,2023-12-21,"SPX up 0.1%, bond yields edged up 3bp, reaction muted",Low,fiscal_policy,2023-12-H2,2023-12-21,confirmed,2294
"Bitcoin surges past $44,000 on spot ETF approval optimism",2023-12-27,"BTC up 6% on the week, crypto-related stocks MSTR up 8%",Moderate,regulatory,2023-12-H2,2023-12-27,confirmed,2295
Iran launches direct drone and missile attack on Israel for first time,2024-04-13,"SPX down 1.2% Monday, oil up 1.5%, VIX spiked to 19",Moderate,geopolitical_military,2024-04-H2,2024-04-13,confirmed,2296
Israel retaliates against Iran with limited drone strike on Isfahan,2024-04-19,"Oil initially up 3% then reversed, SPX down 0.9%",Moderate,geopolitical_military,2024-04-H2,2024-04-19,confirmed,2297
Netflix Q1 2024 earnings beat but company stops reporting subscriber count,2024-04-18,NFLX down 9% after-hours on guidance concerns,Moderate,mega_cap_earnings,2024-04-H2,2024-04-18,confirmed,2298
"TSMC Q1 2024 earnings beat, raises full-year revenue forecast on AI demand",2024-04-18,"TSM up 2.5%, semiconductor stocks rallied",Moderate,mega_cap_earnings,2024-04-H2,2024-04-18,confirmed,2299
Maersk and Hapag-Lloyd suspend Red Sea transits indefinitely on Houthi threat,2023-12-18,"Shipping stocks up 5-10%, Suez Canal traffic down 40%",Moderate,supply_disruption,2024-01-H1,2024-01-02,date_corrected,2360
Fed minutes signal officials in no hurry to cut interest rates in 2024,2024-01-03,"SPX down 0.8%, 10-year yield up 8bp, rate cut odds fell",Moderate,monetary_policy,2024-01-H1,2024-01-03,confirmed,2361
"US nonfarm payrolls add 216,000 jobs in December, beats 170,000 estimate",2024-01-05,"SPX down 0.3%, rate cut bets pushed back, 2-year yield up 13bp",Moderate,fiscal_policy,2024-01-H1,2024-01-05,confirmed,2362
Apple shares fall as Barclays downgrades citing weak iPhone demand,2024-01-02,"AAPL down 3.6%, worst start to year since 2008",Moderate,mega_cap_corporate,2024-01-H1,2024-01-02,confirmed,2363
Boeing 737 Max 9 door plug blows out on Alaska Airlines flight 1282,2024-01-05,"BA down 8% over following week, Alaska Air down 3%",Moderate,mega_cap_corporate,2024-01-H1,2024-01-05,confirmed,2364
China manufacturing PMI contracts for third straight month in December,2024-01-02,"Hang Seng down 1.5%, copper fell 0.8%",Low,geopolitical_diplomatic,2024-01-H1,2024-01-02,confirmed,2365
"Fed holds rates steady, projects three cuts still in 2024",2024-03-20,"SPX up 0.9%, 10-year yield fell 5bp",Moderate,monetary_policy,2024-03-H2,2024-03-20,confirmed,2366
"Bank of Japan raises rates for first time since 2007, ends negative rate era",2024-03-19,"Yen initially weakened, Nikkei up 0.7%, yen fell to 150 vs USD",Moderate,monetary_policy,2024-03-H2,2024-03-19,confirmed,2367
"Swiss National Bank cuts rates 25bp, first major central bank to ease in 2024",2024-03-21,"CHF down 0.8%, Swiss SMI up 1.1%",Moderate,monetary_policy,2024-03-H2,2024-03-21,confirmed,2368
Nvidia GTC conference: Jensen Huang unveils Blackwell B200 AI chip,2024-03-18,"NVDA up 1.5% day of, semiconductor index SOX up 0.8%",Low,mega_cap_corporate,2024-03-H2,2024-03-18,confirmed,2369
"FedEx reports Q3 earnings beat, raises full-year guidance on cost cuts",2024-03-21,FDX up 7.4% after hours,Moderate,mega_cap_earnings,2024-03-H2,2024-03-21,confirmed,2370
"Nike reports Q3 earnings miss, cuts full-year revenue outlook",2024-03-21,"NKE down 6.9% after hours, fell 7% next session",Moderate,mega_cap_earnings,2024-03-H2,2024-03-21,confirmed,2371
"US core PCE inflation for February comes in at 2.8%, in line with estimates",2024-03-29,"SPX futures up 0.3%, 10-year yield little changed",Low,fiscal_policy,2024-03-H2,2024-03-29,confirmed,2372
"SPX closes above 5,200 for first time, hitting new all-time high",2024-03-28,"SPX up 0.1%, closed at 5,248",Low,mega_cap_corporate,2024-03-H2,2024-03-28,confirmed,2373
Francis Scott Key Bridge in Baltimore collapses after container ship collision,2024-03-26,"Shipping stocks mixed, SPX down 0.3%, coal and auto stocks fell on port closure",Low,supply_disruption,2024-03-H2,2024-03-26,confirmed,2374
"UK inflation falls to 3.4% in February, lowest since September 2021",2024-03-20,"GBP down 0.3%, FTSE 100 up 0.5%, rate cut bets increased",Low,monetary_policy,2024-03-H2,2024-03-20,confirmed,2375
Red Sea attacks persist as Houthi drones target more commercial shipping,2024-03-23,"Oil up 1.2%, shipping rates remained elevated",Low,geopolitical_military,2024-03-H2,2024-03-23,unverified,2376
"Bitcoin surges past $70,000 for first time ahead of halving event",2024-03-11,"BTC hit $73,000 intraday, Coinbase COIN up 5%",Moderate,mega_cap_corporate,2024-03-H2,2024-03-25,date_corrected,2377
"Russia holds presidential election, Putin secures fifth term with 87% of vote",2024-03-17,"Ruble steady, Russian assets largely unaffected",Low,election_political,2024-03-H2,2024-03-17,confirmed,2378
"US House passes TikTok divest-or-ban bill, Senate consideration pending",2024-03-13,"ByteDance private, Meta up 0.5%, Snap up 1.2%",Low,regulatory,2024-03-H2,2024-03-22,date_corrected,2379
"US February jobs report adds 275,000 payrolls, beating 200,000 estimate",2024-03-08,"SPX up 0.5%, unemployment rose to 3.9%, 10-year yield fell 5bp",Moderate,fiscal_policy,2024-03-H1,2024-03-08,confirmed,2340
"ECB holds rates steady at 4%, signals June cut possible",2024-03-07,"EUR/USD down 0.3%, European equities up 0.5%",Low,monetary_policy,2024-03-H1,2024-03-07,confirmed,2341
Apple announces closure of electric vehicle project after decade of development,2024-02-27,"AAPL up 0.8%, EV sector mixed",Low,mega_cap_corporate,2024-03-H1,2024-03-01,date_corrected,2342
"US Senate passes $95 billion foreign aid package for Ukraine, Israel, Taiwan",2024-02-13,"Defense stocks up 1-2%, SPX flat",Low,geopolitical_diplomatic,2024-03-H1,2024-02-13,confirmed,2343
"Japan's Nikkei 225 breaches 40,000 for first time in history",2024-03-04,"Nikkei closed at 40,109, yen weakened past 150 per dollar",Moderate,election_political,2024-03-H1,2024-03-04,confirmed,2344
"US PPI rises 0.6% in February, double the 0.3% consensus estimate",2024-03-14,"SPX down 0.7%, 10-year Treasury yield up 8bp",Moderate,monetary_policy,2024-03-H1,2024-03-14,confirmed,2345
"Houthi rebels attack more Red Sea shipping vessels, disrupting trade lanes",2024-03-06,"Oil up 1.2%, shipping stocks volatile, SPX flat",Low,supply_disruption,2024-03-H1,2024-03-06,confirmed,2346
"Oracle reports Q3 earnings miss, cloud growth disappoints investors",2024-03-11,"ORCL down 12% next day, cloud sector down 1-2%",Moderate,mega_cap_earnings,2024-03-H1,2024-03-11,confirmed,2347
China sets GDP growth target of around 5% at National People's Congress,2024-03-05,"CSI 300 up 0.8%, copper up 1%, markets underwhelmed by lack of stimulus detail",Low,fiscal_policy,2024-03-H1,2024-03-05,confirmed,2348
Fed Chair Powell tells Congress rate cuts coming but no rush given strong economy,2024-03-06,"SPX up 0.5%, 2-year yield fell 4bp, dollar index flat",Low,monetary_policy,2024-03-H1,2024-03-06,confirmed,2349
"Germany industrial output falls 2.4% in January, deepening recession fears",2024-03-07,"DAX down 0.4%, EUR/USD slipped 0.2%",Low,fiscal_policy,2024-03-H1,2024-03-07,confirmed,2350
"US retail sales fall 0.8% in January, weakest reading in nearly a year",2024-02-15,"SPX down 0.3%, consumer discretionary sector down 0.7%",Low,fiscal_policy,2024-03-H1,2024-03-15,date_corrected,2351
"US inflation CPI rises 3.4% in December, above 3.2% forecast",2024-01-11,"SPX down 0.5%, 2-year Treasury yield up 15bp",Moderate,monetary_policy,2024-01-H1,2024-01-11,confirmed,2352
Iran seizes oil tanker in Gulf of Oman amid Red Sea shipping crisis,2024-01-11,"Oil up 1.2%, shipping stocks volatile",Low,geopolitical_military,2024-01-H1,2024-01-11,confirmed,2353
US and UK launch joint airstrikes on Houthi targets in Yemen,2024-01-12,"Oil up 1.5%, SPX down 0.1%",Low,geopolitical_military,2024-01-H1,2024-01-12,confirmed,2354
SEC approves spot Bitcoin ETFs for trading in the United States,2024-01-10,"BTC initially surged then fell 5%, GBTC saw $2B inflows day one",Moderate,regulatory,2024-01-H1,2024-01-10,confirmed,2355
"Taiwan holds presidential election, William Lai wins with 40% of vote",2024-01-13,"Taiwan stocks down 0.8%, TWD stable",Low,election_political,2024-01-H1,2024-01-13,confirmed,2356
JPMorgan Chase Q4 earnings beat but CEO Dimon warns of global risks,2024-01-12,"JPM down 0.7% despite earnings beat, KBE bank ETF down 1%",Low,mega_cap_earnings,2024-01-H1,2024-01-12,confirmed,2357
"Bank of America, Wells Fargo, Citigroup report Q4 earnings on same day",2024-01-12,"BAC down 1.1%, WFC down 3.3%, C down 1.7%",Moderate,mega_cap_earnings,2024-01-H1,2024-01-12,confirmed,2358
"US PPI falls 0.1% in December, below expectations of 0.1% rise",2024-01-12,"Treasuries rallied, 10-year yield fell 5bp",Low,monetary_policy,2024-01-H1,2024-01-12,confirmed,2359
Wells Fargo fined $185M as regulators reveal 2 million fake accounts opened by staff,2016-09-08,"WFC down 3.5%, KBW bank index down 0.8%",Moderate,regulatory,2016-09-H1-r2,2016-09-08,confirmed,3359
Cisco reports strong Q4 earnings and raises guidance on enterprise demand,2018-08-15,"CSCO up 6% after hours, Nasdaq futures lifted 0.3%",Low,mega_cap_earnings,2018-08-H1-r2,2018-08-15,confirmed,3640
"Netflix Q2 subscriber growth misses badly, adds 5.15M vs 6.2M expected",2018-07-16,"NFLX down 14% after-hours, Nasdaq futures down 0.5%",High,mega_cap_earnings,2018-07-H1-r2,2018-07-16,confirmed,3641
"Trump and Putin hold Helsinki summit, Trump sides with Russia over US intelligence",2018-07-16,"DXY down 0.4%, gold up 0.6%, markets largely unmoved",Low,geopolitical_diplomatic,2018-07-H1-r2,2018-07-16,confirmed,3642
EU fines Google record 4.34 billion euros over Android antitrust violations,2018-07-18,"GOOGL down 0.6%, recovered quickly, SPX flat",Low,regulatory,2018-07-H1-r2,2018-07-18,confirmed,3643
Bank of Canada raises interest rate 25bp to 1.5% as economy runs hot,2018-07-11,"CAD up 0.8% vs USD, TSX up 0.3%",Low,monetary_policy,2018-07-H1-r2,2018-07-11,confirmed,3644
Turkey lira hits record low as inflation surges and central bank holds rates,2018-07-10,"TRY down 2.5% on the day, EM currencies broadly weaker",Moderate,credit_event,2018-07-H1-r2,2018-07-10,unverified,3645
Delta Air Lines Q2 earnings beat but warns on rising fuel costs hitting margins,2018-07-12,"DAL down 3.5%, airline sector down 1.5%",Moderate,mega_cap_earnings,2018-07-H1-r2,2018-07-12,confirmed,3646
"China June exports surge 11.3% despite trade war fears, imports up 14.1%",2018-07-13,"Shanghai Composite up 1.1%, yuan stabilized",Low,trade_policy,2018-07-H1-r2,2018-07-13,confirmed,3647
Faraday Future files for massive layoffs as EV startup runs out of cash,2018-07-12,Private company; broader EV sector sentiment negative,Low,mega_cap_corporate,2018-07-H1-r2,2018-07-12,unverified,3648
AT&T wins court approval to acquire Time Warner for $85B,2018-06-12,"T up 2.4%, TWX up 3.5%, FOXA down 2%",Moderate,regulatory,2018-06-H1-r2,2018-06-12,confirmed,3649
"US Treasury imposes new sanctions on ZTE, threatening company survival",2018-04-16,"ZTE halted on Hong Kong exchange, suppliers AAPL and Qualcomm dipped 1%",Moderate,regulatory,2018-06-H1-r2,2018-06-07,date_corrected,3650
Softbank-backed Didi Chuxing acquires Brazil's 99 and expands globally,2018-01-03,"Uber private valuation pressured, sector sentiment negative",Low,mega_cap_corporate,2018-06-H1-r2,2018-06-06,date_corrected,3651
India's rupee hits record low against dollar as oil import costs surge,2018-06-12,"INR fell to 67.9 per dollar, BSE Sensex down 0.8%",Low,credit_event,2018-06-H1-r2,2018-06-12,unverified,3652
South Africa enters technical recession as Q1 GDP contracts 2.2%,2018-09-04,"ZAR fell 1.5% to 12.9 per dollar, Johannesburg All Share down 1.2%",Moderate,fiscal_policy,2018-06-H1-r2,2018-06-05,date_corrected,3653
Lira crisis deepens as Turkey's central bank holds emergency rate meeting,2018-05-23,TRY rallied 3% after TCMB hiked 125bp to 17.75%,Moderate,monetary_policy,2018-06-H1-r2,2018-06-07,date_corrected,3654
Crude oil falls sharply as Russia and Saudi Arabia signal output increase ahead of OPEC,2018-06-13,"WTI down 2.8% to $65.06, Brent down 2.4%",Moderate,energy_opec,2018-06-H1-r2,2018-06-13,confirmed,3655
"Starbucks announces closure of 150 US stores, cuts long-term growth targets",2018-06-19,"SBUX down 9%, worst single-day drop in years",High,mega_cap_corporate,2018-06-H1-r2,2018-06-19,confirmed,3656
Elon Musk tweets he has funding secured to take Tesla private at $420,2018-08-07,"TSLA up 11% on the day, trading halted multiple times",High,mega_cap_corporate,2018-08-H2-r2,2018-08-07,confirmed,3657
Pakistan rupee hits record low as IMF bailout talks begin,2018-08-16,"PKR down 4% to 128 per dollar, stocks fell 2%",Moderate,credit_event,2018-08-H2-r2,2018-08-16,unverified,3658
OPEC+ surprise output cut of 1.16 million barrels per day takes effect,2023-04-02,"WTI up 6.3% to $80, SPX down 0.6%",High,energy_opec,2023-04-H1,2023-04-02,date_corrected,3184
US SEC charges Theranos founder Elizabeth Holmes with fraud,2018-06-15,"Private company, no direct equity move; partner Walgreens WAG down 0.5%",Low,regulatory,2016-09-H2-r2,2016-09-16,date_corrected,3340
"China August industrial output and retail sales beat forecasts, stabilizing growth outlook",2016-09-13,"Shanghai Composite up 1.5%, iron ore futures up 2%",Low,fiscal_policy,2016-09-H2-r2,2016-09-13,confirmed,3341
Cobalt and lithium prices surge as EV battery demand forecasts revised sharply higher,2016-09-20,"Cobalt spot up 8% on the month, Freeport-McMoRan up 3%",Low,supply_disruption,2016-09-H2-r2,2016-09-20,unverified,3342
"Italian bank Monte dei Paschi di Siena fails ECB stress test, needs fresh capital",2016-07-29,"BMPS shares down 9%, Italian bank index down 4%",Moderate,credit_event,2016-09-H2-r2,2016-09-29,date_corrected,3343
Brazil Senate votes to permanently remove President Dilma Rousseff from office,2016-08-31,"Bovespa up 1.2%, BRL strengthened 0.8% on political certainty",Low,election_political,2016-09-H2-r2,2016-09-01,date_corrected,3344
Delta Air Lines Q3 earnings miss estimates as fuel hedge losses weigh,2016-10-12,"DAL down 3.5%, airline sector sold off",Moderate,mega_cap_earnings,2016-10-H1-r2,2016-10-12,unverified,3345
"Hanjin Shipping bankruptcy proceedings advance, port congestion worsens globally",2016-10-01,"Shipping stocks down 2-4%, container rates volatile",Low,credit_event,2016-10-H1-r2,2016-10-01,unverified,3346
India's Reserve Bank cuts repo rate by 25bp to 6.25% under new governor Patel,2016-10-04,"Sensex up 1.2%, INR strengthened slightly",Low,monetary_policy,2016-10-H1-r2,2016-10-04,confirmed,3347
Brazil's Senate confirms Michel Temer as president after Rousseff impeachment,2016-08-31,"Bovespa up 1.4%, BRL steady near 3.22",Low,election_political,2016-10-H1-r2,2016-10-05,date_corrected,3348
Aluminum prices surge to 14-month high on Chinese supply cut speculation,2016-10-10,"LME aluminum up 4% on the week, Chinese producers rallied",Moderate,supply_disruption,2016-10-H1-r2,2016-10-10,unverified,3349
South Korea's Samsung heir Jay Y. Lee faces board pressure over Note 7 crisis response,2016-10-11,"Samsung KS down 1.8%, governance concerns cited",Low,mega_cap_corporate,2016-10-H1-r2,2016-10-11,unverified,3350
"UK inflation rises to 1.0% in September, highest in two years post-sterling drop",2016-10-18,"GBP up 0.4%, gilts sold off slightly",Low,fiscal_policy,2016-10-H1-r2,2016-10-11,date_corrected,3351
"Unilever rejects Kraft Heinz $143B takeover approach, deal collapses within days",2017-02-17,"ULVR London up 2%, KHC down 1.5%",Moderate,mega_cap_corporate,2016-10-H1-r2,2016-10-14,date_corrected,3352
"Hanjin Shipping bankruptcy strands 540,000 containers at sea globally",2016-08-31,"Hanjin stock halted, shipping ETF BOAT down 3%, retail stocks pressured",Moderate,credit_event,2016-09-H1-r2,2016-09-01,date_corrected,3353
Brazil's Senate votes to permanently remove President Dilma Rousseff from office,2016-08-31,"BRL up 0.8%, Bovespa up 1.2% on political certainty",Low,election_political,2016-09-H1-r2,2016-09-01,date_corrected,3354
Apple hit with EU ruling ordering Ireland to recover $14.5B in back taxes,2016-08-30,"AAPL down 0.5%, European bank stocks fell on regulatory precedent fears",Low,regulatory,2016-09-H1-r2,2016-09-01,date_corrected,3355
OPEC and Russia agree to joint working group ahead of Algiers informal meeting,2016-09-05,"WTI crude up 3.2%, energy stocks rallied 1.5%",Moderate,energy_opec,2016-09-H1-r2,2016-09-05,unverified,3356
"Bayer raises Monsanto takeover bid to $65B, largest ever agrochemical deal",2016-09-06,"MON up 1.4%, BAYRY up 0.5%, deal valued at $128 per share",Low,mega_cap_corporate,2016-09-H1-r2,2016-09-06,confirmed,3357
"China's PPI turns positive for first time in 54 months, rising 0.1% in August",2016-09-09,"Shanghai Composite up 1.5%, iron ore futures up 4%",Moderate,fiscal_policy,2016-09-H1-r2,2016-09-09,confirmed,3358
"Chinese yuan weakens past 6.90 per dollar, near two-year low",2018-08-15,"USD/CNY hit 6.9284, EM currencies sold off broadly",Moderate,monetary_policy,2018-08-H2-r2,2018-08-20,date_corrected,3659
Nvidia reports Q2 earnings miss as crypto mining GPU demand collapses,2018-08-16,"NVDA down 6% after-hours, semiconductor index fell 2%",Moderate,mega_cap_earnings,2018-08-H2-r2,2018-08-16,confirmed,3660
Italy's Deputy PM Salvini calls for review of EU budget rules amid deficit concerns,2018-08-21,"Italian BTP yields rose 15bp, EUR/USD slipped 0.4%",Low,fiscal_policy,2018-08-H2-r2,2018-08-21,unverified,3661
Rusal aluminum shares plunge as US rejects sanctions waiver requests,2018-08-23,"Aluminum up 1.5%, Rusal HK shares down 8%",Moderate,regulatory,2018-08-H2-r2,2018-08-23,unverified,3662
Brazil real hits record low past 4.10 per dollar on fiscal uncertainty,2018-08-29,"BRL down 2.3% to 4.12, Bovespa fell 1.8%",Moderate,election_political,2018-08-H2-r2,2018-08-29,confirmed,3663
India rupee falls to all-time low of 70 per dollar amid EM selloff,2018-08-29,"INR hit 70.32, Indian stocks fell 0.8%",Low,credit_event,2018-08-H2-r2,2018-08-29,confirmed,3664
PG&E shares crash 50% on potential wildfire liability exposure,2018-11-12,"PCG down 52% over two days, market cap lost ~$10B",High,mega_cap_corporate,2018-11-H1-r2,2018-11-12,confirmed,3665
"Italy rejects EU demand to revise budget, risks record fine",2018-11-13,"Italian BTP 10-year yield rose to 3.6%, EUR/USD slipped 0.4%",Moderate,fiscal_policy,2018-11-H1-r2,2018-11-13,confirmed,3666
Nvidia Q3 revenue misses estimates as gaming GPU demand collapses,2018-11-15,"NVDA down 19% the next session, Philadelphia Semiconductor Index down 4%",High,mega_cap_earnings,2018-11-H1-r2,2018-11-15,confirmed,3667
UK Prime Minister May cabinet approves draft Brexit withdrawal text,2018-11-14,"GBP up 1.1% to 1.302, FTSE 100 up 0.3%",Moderate,geopolitical_diplomatic,2018-11-H1-r2,2018-11-14,confirmed,3668
Deutsche Bank offices raided by German police in money laundering probe,2018-11-29,DB shares down 3.6% on the day,Moderate,regulatory,2018-11-H1-r2,2018-11-29,confirmed,3669
Argentina peso stabilizes after IMF expands $57B credit line agreement,2018-10-26,"ARS gained 1.5%, Argentine sovereign bonds rose modestly",Low,credit_event,2018-11-H1-r2,2018-11-01,date_corrected,3670
Palladium surpasses platinum price for first time since 2001,2018-11-05,"Palladium spot hit $1,100/oz, up 3% on the week",Low,supply_disruption,2018-11-H1-r2,2018-11-05,unverified,3671
Softbank Vision Fund marks down WeWork and other tech investments amid market rout,2018-11-06,"Softbank 9984 down 6% in Tokyo, broader Nikkei down 2.1%",Moderate,mega_cap_corporate,2018-11-H1-r2,2018-11-06,fabricated,3672
"Caterpillar Q3 earnings miss as tariff costs rise $40M, outlook cut",2018-10-23,"CAT down 7.6%, Dow fell 600 points intraday",High,mega_cap_earnings,2018-10-H2-r2,2018-10-23,confirmed,3673
3M cuts full-year earnings guidance citing slowing China demand and tariffs,2018-10-23,"MMM down 4.4%, added to Dow selloff",Moderate,mega_cap_earnings,2018-10-H2-r2,2018-10-23,confirmed,3674
Brazil elects far-right candidate Jair Bolsonaro as president in runoff,2018-10-28,"Brazilian real up 2.5%, Bovespa up 4.5%",Moderate,election_political,2018-10-H2-r2,2018-10-28,confirmed,3675
"European Commission rejects Italy 2019 budget, first-ever rejection of member state plan",2018-10-23,"Italian 10-year yield rose to 3.6%, BTP-Bund spread widened to 330bp",Moderate,fiscal_policy,2018-10-H2-r2,2018-10-23,confirmed,3676
Sears Holdings files for Chapter 11 bankruptcy protection with $11B in debt,2018-10-15,"SHLD down 15%, bonds traded at cents on the dollar",Low,credit_event,2018-10-H2-r2,2018-10-15,confirmed,3677
US Treasury labels China currency manipulator consideration as yuan hits decade low,2018-10-26,"CNY weakened past 6.97 per dollar, EM currencies sold off",Moderate,trade_policy,2018-10-H2-r2,2018-10-26,unverified,3678
"Texas Instruments Q3 earnings disappoint, warns of weakening chip demand across markets",2018-10-23,"TXN down 8%, Philadelphia Semiconductor Index fell 3%",Moderate,mega_cap_earnings,2018-10-H2-r2,2018-10-23,confirmed,3679
"China releases copper, aluminum, zinc from state reserves to curb commodity inflation",2021-06-16,"Copper futures down 1.8%, aluminum down 1.2% on the day",Moderate,supply_disruption,2021-06-H2-r2,2021-06-16,confirmed,4080
FedEx reports Q4 2021 earnings miss on rising labor and shipping costs,2021-06-24,"FDX down 3.5% after-hours, logistics sector down 1%",Moderate,mega_cap_earnings,2021-06-H2-r2,2021-06-24,confirmed,4081
Germany's Bundesbank warns inflation could exceed 4% in 2021 due to supply bottlenecks,2021-06-11,"EUR/USD slipped 0.2%, German bund yields edged up slightly",Low,monetary_policy,2021-06-H2-r2,2021-06-21,date_corrected,4082
US Senate Republicans block formation of January 6 bipartisan commission,2021-05-28,"SPX up 0.2%, markets largely indifferent to political impasse",Low,election_political,2021-06-H2-r2,2021-06-28,date_corrected,4083
Grab and Gojek parent GoTo report merger talks stall over valuation disagreements,2021-06-22,"Southeast Asian tech sentiment weakened, no major index move",Low,mega_cap_corporate,2021-06-H2-r2,2021-06-22,unverified,4084
"Brazil central bank raises Selic rate by 75bp to 4.25%, signals more hikes ahead",2021-06-16,"BRL strengthened 0.8%, Brazilian equities up 0.5%",Moderate,monetary_policy,2021-06-H2-r2,2021-06-16,confirmed,4085
"Lucid Motors confirms SPAC merger completion, begins trading on Nasdaq as LCID",2021-07-26,"LCID surged 11% on debut, EV sector broadly up 1-2%",Moderate,mega_cap_corporate,2021-06-H2-r2,2021-07-26,confirmed,4086
"Evergrande misses payment to banks, China property crisis deepens",2021-08-19,"Evergrande HK shares down 10%, Chinese property sector index down 5%",Moderate,credit_event,2021-08-H2-r2,2021-08-19,unverified,4087
"Salesforce acquires Slack integration complete, raises full-year guidance",2021-08-25,"CRM up 3.5% after earnings beat, revenue up 23% YoY",Low,mega_cap_earnings,2021-08-H2-r2,2021-08-25,confirmed,4088
"China regulators order Meituan to stop exclusive merchant contracts, shares fall",2021-08-27,"Meituan HK down 14%, Hang Seng Tech index down 3%",Moderate,regulatory,2021-08-H2-r2,2021-08-27,unverified,4089
Natural gas prices in Europe hit record high above 50 euros per MWh,2021-08-23,"Dutch TTF gas futures up 10% on the day, year-to-date gain exceeds 100%",Moderate,supply_disruption,2021-08-H2-r2,2021-08-23,unverified,4090
Robinhood shares fall below IPO price as lockup concerns and user growth slows,2021-08-04,"HOOD down 27% over three sessions, fell to $34 from $70 peak",Moderate,mega_cap_corporate,2021-08-H2-r2,2021-08-18,date_corrected,4091
Australia extends Sydney COVID lockdown through September as Delta surges,2021-08-20,"ASX 200 down 0.8%, AUD slips 0.5% vs USD",Low,pandemic_health,2021-08-H2-r2,2021-08-20,confirmed,4092
China imposes new regulations limiting video game time for minors to three hours weekly,2021-08-30,"Tencent HK down 3%, NetEase down 5%, gaming sector sold off broadly",Moderate,regulatory,2021-08-H2-r2,2021-08-30,confirmed,4093
"Amazon reports Q2 revenue of $113B, misses estimates and issues weak Q3 guidance",2021-07-29,"AMZN down 7.6% after-hours, Nasdaq futures fell 0.5%",High,mega_cap_earnings,2021-07-H2-r2,2021-07-29,confirmed,4094
"Facebook reports Q2 revenue of $29.1B, beats estimates but warns of significant ad revenue slowdown",2021-07-28,"FB down 4% after-hours despite beat, citing iOS privacy headwinds",Moderate,mega_cap_earnings,2021-07-H2-r2,2021-07-28,confirmed,4095
China bans foreign investment in companies teaching school curriculum subjects,2021-07-24,"TAL Education down 70%, New Oriental down 54% in US trading",High,regulatory,2021-07-H2-r2,2021-07-24,confirmed,4096
"Robinhood IPO prices at $38, opens below issue price on first trading day",2021-07-29,"HOOD opens at $38, falls to $33.35, down 8% on debut",Low,mega_cap_corporate,2021-07-H2-r2,2021-07-29,confirmed,4097
US Treasury 10-year yield drops below 1.25% amid Delta variant growth fears,2021-07-19,"10-year yield hit 1.128%, lowest since February, SPX down 0.7%",Moderate,monetary_policy,2021-07-H2-r2,2021-07-19,confirmed,4098
UK ends all COVID restrictions on Freedom Day despite record daily cases,2021-07-19,"FTSE 100 down 1%, GBP weakened 0.4% as cases topped 54,000",Low,pandemic_health,2021-07-H2-r2,2021-07-19,confirmed,4099
Chinese property developer Evergrande warns it may default on debt obligations,2021-07-28,"Evergrande HK shares down 6%, China HY credit spreads widened 30bp",Moderate,credit_event,2021-07-H2-r2,2021-07-28,unverified,4100
US imposes sanctions on Cuban officials over crackdown on pro-democracy protests,2021-07-22,"Minimal market reaction, DXY flat, Cuba-linked assets illiquid",Low,geopolitical_diplomatic,2021-07-H2-r2,2021-07-22,confirmed,4101
"Cisco beats Q4 estimates, raises guidance on strong enterprise demand",2021-08-18,CSCO up 6% after hours,Moderate,mega_cap_earnings,2021-08-H1-r2,2021-08-18,confirmed,4102
China bans under-18s from playing online video games more than three hours per week,2021-08-30,"Tencent down 6%, NetEase down 8%, gaming stocks sold off globally",High,regulatory,2021-08-H1-r2,2021-08-30,confirmed,4103
"Walmart reports Q2 earnings beat, raises full-year outlook on consumer strength",2021-08-17,"WMT up 5.1%, retail sector outperformed",Moderate,mega_cap_earnings,2021-08-H1-r2,2021-08-17,confirmed,4104
China Evergrande shares plunge as company warns of default risk on dollar bonds,2021-08-10,"Evergrande HK shares down 7%, Chinese HY credit spreads widened",Moderate,credit_event,2021-08-H1-r2,2021-08-10,unverified,4105
Global semiconductor shortage deepens as Malaysia COVID lockdowns halt chip packaging plants,2021-08-05,"Philadelphia Semiconductor Index down 2.1%, auto stocks fell 1-3%",Moderate,supply_disruption,2021-08-H1-r2,2021-08-05,confirmed,4106
US Treasury yields fall to six-month low of 1.13% on Delta variant growth fears,2021-08-04,"10-year yield hit 1.13%, financials sold off 1.5%",Moderate,monetary_policy,2021-08-H1-r2,2021-08-04,confirmed,4107
Robinhood shares crash below IPO price as post-listing lockup fears mount,2021-08-06,"HOOD down 28% intraday, recovered to close down 8%",Moderate,mega_cap_corporate,2021-08-H1-r2,2021-08-06,confirmed,4108
IPCC releases landmark climate report warning of irreversible warming within decades,2021-08-09,"Clean energy ETFs up 1.5%, coal stocks down 2%",Low,regulatory,2021-08-H1-r2,2021-08-09,confirmed,4109
Evergrande suspends trading in Hong Kong as debt crisis deepens,2021-09-03,"Evergrande HK shares down 4%, Hang Seng property index down 3%",Moderate,credit_event,2021-09-H1-r2,2021-09-03,unverified,4110
Natural gas prices in Europe surge to record highs above 70 euros per MWh,2021-09-06,"Dutch TTF gas futures up 15% on the week, European utilities stocks slide",High,energy_opec,2021-09-H1-r2,2021-09-06,confirmed,4111
"China's Sinic Holdings misses bond payment, sparking property sector contagion fears",2021-10-11,Chinese high-yield property bonds fall 3-5 cents on the dollar,Moderate,credit_event,2021-09-H1-r2,2021-09-10,date_corrected,4112
Coinbase receives SEC warning over planned crypto lending product Lend,2021-09-07,"COIN down 3.5%, crypto sector broadly lower",Low,regulatory,2021-09-H1-r2,2021-09-07,confirmed,4113
UK government announces end to £20 per week Universal Credit uplift,2021-09-03,"GBP down 0.3%, UK consumer staples stocks dip slightly",Low,fiscal_policy,2021-09-H1-r2,2021-09-03,unverified,4114
Iron ore price collapses below $100 per tonne on China steel output curbs,2021-09-13,"Iron ore futures down 20% on the week, BHP and RIO each down 4-5%",High,supply_disruption,2021-09-H1-r2,2021-09-13,confirmed,4115
Adobe announces $20 billion acquisition of Figma rival Workfront integration plans,2021-09-09,"ADBE up 2.1% after earnings beat, raised guidance",Low,mega_cap_earnings,2021-09-H1-r2,2021-09-09,fabricated,4116
New Zealand central bank halts rate hike plan as COVID Delta lockdown bites,2021-08-18,"NZD down 0.8%, RBNZ holds OCR at 0.25%",Low,monetary_policy,2021-09-H1-r2,2021-09-01,date_corrected,4117
Robinhood shares plunge after SEC chair Gensler signals possible ban on payment for order flow,2021-09-22,HOOD down 10% on the day,Moderate,regulatory,2021-09-H2-r2,2021-09-22,confirmed,4118
Natural gas prices in Europe surge to record above 100 euros per MWh amid supply crunch,2021-09-15,"European TTF gas up 15% on the week, UK power prices at all-time high",High,supply_disruption,2021-09-H2-r2,2021-09-15,confirmed,4119
Blackstone raises $9.8B for largest-ever real estate drawdown fund,2021-09-21,"BX shares up 1.5%, sector broadly positive",Low,mega_cap_corporate,2021-09-H2-r2,2021-09-21,unverified,4120
FedEx cuts earnings guidance sharply citing labor shortages and cost pressures,2021-09-21,"FDX down 9.1% after hours, logistics sector sold off",Moderate,mega_cap_earnings,2021-09-H2-r2,2021-09-21,confirmed,4121
Brazil central bank raises Selic rate by 100bp to 6.25% as inflation accelerates,2021-09-22,"BRL strengthened 0.8%, Brazilian equities fell 1.2%",Low,monetary_policy,2021-09-H2-r2,2021-09-22,confirmed,4122
"Chinese property developer Sinic Holdings defaults, shares suspended in Hong Kong",2021-10-04,"Sinic shares down 87% before suspension, Hang Seng property index down 2%",Moderate,credit_event,2021-09-H2-r2,2021-09-20,date_corrected,4123
US Treasury imposes sanctions on crypto exchange SUEX for facilitating ransomware payments,2021-09-21,"Bitcoin down 2.5%, broader crypto market dipped 3%",Low,regulatory,2021-09-H2-r2,2021-09-21,confirmed,4124
Norway sovereign wealth fund reports record $174B quarterly gain on equity surge,2021-08-26,"Oslo Bors up 0.5%, minimal broader market reaction",Low,mega_cap_corporate,2021-09-H2-r2,2021-09-24,unverified,4125
"Evergrande misses second offshore coupon payment, default fears resurface",2021-10-11,"HY Asia credit spreads widened 20bp, Evergrande bonds traded at 25 cents on dollar",Moderate,credit_event,2021-10-H1-r2,2021-10-11,confirmed,4126
Bank of America Q3 earnings beat as net interest income rises,2021-10-14,"BAC up 4.5% on the day, financials sector outperformed",Moderate,mega_cap_earnings,2021-10-H1-r2,2021-10-14,confirmed,4127
"Delta Air Lines Q3 results show return to profitability, raises Q4 outlook",2021-10-13,"DAL up 3.2%, airline sector rallied 2%",Low,mega_cap_earnings,2021-10-H1-r2,2021-10-13,confirmed,4128
"China producer price inflation hits 10.7% in September, 26-year high",2021-10-14,"Chinese equities fell 0.8%, commodity stocks rallied",Low,fiscal_policy,2021-10-H1-r2,2021-10-14,confirmed,4129
Taiwan reports largest Chinese military incursion with 56 aircraft in single day,2021-10-04,"Taiwan dollar weakened, TAIEX down 0.6%",Low,geopolitical_military,2021-10-H1-r2,2021-10-04,confirmed,4130
IMF cuts 2021 global growth forecast to 5.9% citing supply chain disruptions,2021-10-12,"SPX down 0.2%, broadly in line with expectations",Low,fiscal_policy,2021-10-H1-r2,2021-10-12,confirmed,4131
Robinhood shares fall below IPO price as lock-up expiration looms,2021-10-08,"HOOD down 5.5%, touched $40 level below $38 IPO price",Low,mega_cap_corporate,2021-10-H1-r2,2021-10-08,unverified,4132
Turkey central bank cuts rates 200bp despite inflation above 19%,2021-10-21,Turkish lira fell 1.8% to record low versus dollar,Moderate,monetary_policy,2021-10-H1-r2,2021-10-21,confirmed,4133
BlackRock Q4 earnings beat as AUM hits record $10 trillion,2022-01-14,BLK up 1.5% on earnings day,Low,mega_cap_earnings,2022-01-H1-r2,2022-01-14,confirmed,4134
China cuts benchmark lending rate for first time since April 2020,2022-01-20,"CSI 300 up 0.8%, yuan steady",Low,monetary_policy,2022-01-H1-r2,2022-01-20,confirmed,4135
US sanctions four Ukrainians accused of working with Russian intelligence,2022-01-20,"UAH weakened slightly, limited global market reaction",Low,geopolitical_diplomatic,2022-01-H1-r2,2022-01-11,date_corrected,4136
"Turkey lira extends record losses, down over 40% in past three months",2021-12-20,TRY briefly hit 13.9 per dollar before partial recovery,Moderate,credit_event,2022-01-H1-r2,2022-01-03,date_corrected,4137
Evergrande officially declared in default by Fitch after missing bond payments,2021-12-09,"Chinese HY dollar bonds fell 1-2 pts, Hang Seng down 1.1%",Moderate,credit_event,2022-01-H1-r2,2022-01-06,date_corrected,4138
Natural gas prices in Europe fall 30% in one week on mild weather forecasts,2022-01-12,Dutch TTF gas futures down 30% over five sessions,Moderate,energy_opec,2022-01-H1-r2,2022-01-12,confirmed,4139
Delta Air Lines warns Q4 results hit by Omicron surge and higher fuel costs,2022-01-10,"DAL down 3.5%, airline sector ETF JETS down 2%",Moderate,mega_cap_earnings,2022-01-H1-r2,2022-01-10,confirmed,4140
"Deere & Company reports record Q4 profit, raises 2022 earnings outlook",2021-11-24,DE up 4.5% on the day,Moderate,mega_cap_earnings,2021-11-H2-r2,2021-11-24,confirmed,4141
China's Evergrande formally declares default as restructuring talks stall,2021-12-09,"Evergrande bonds trade at 20 cents, HK property index down 2.1%",Moderate,credit_event,2021-11-H2-r2,2021-11-10,date_corrected,4142
European natural gas prices spike 10% as Russia limits Yamal pipeline flows,2021-11-23,"TTF gas futures up 10%, German power prices hit record",Moderate,energy_opec,2021-11-H2-r2,2021-11-23,confirmed,4143
US sanctions Nicaragua over disputed elections and human rights abuses,2021-11-22,"NIO Nicaragua bonds fell, broader EM markets flat",Low,geopolitical_diplomatic,2021-11-H2-r2,2021-11-22,confirmed,4144
Grab Holdings begins trading on Nasdaq after $40B SPAC merger closes,2021-12-02,GRAB down 21% on first trading day,Moderate,mega_cap_corporate,2021-11-H2-r2,2021-12-02,confirmed,4145
SEC charges Nikola founder Trevor Milton with fraud over truck claims,2021-07-29,NKLA down 8% on the day,Low,regulatory,2021-11-H2-r2,2021-11-11,date_corrected,4146
Iron ore futures in Singapore drop below $90 per tonne on China demand fears,2021-11-19,"Iron ore futures down 6%, BHP and RIO each fall 2%",Moderate,supply_disruption,2021-11-H2-r2,2021-11-19,confirmed,4147
US Senate confirms Jerome Powell renomination vote clears procedural hurdle,2021-11-30,"SPX flat, 10-year yield up 2bp",Low,monetary_policy,2021-11-H2-r2,2021-11-30,confirmed,4148
"Evergrande officially defaults on dollar bonds, Fitch declares credit event",2021-12-09,"HY credit spreads widened 10bp, HSI down 1.3% on Dec 9",Moderate,credit_event,2021-12-H2-r2,2021-12-09,confirmed,4149
Pfizer oral COVID pill molnupiravir receives US FDA emergency authorization,2021-12-22,"Merck MRNA down 2%, SPX little changed",Low,pandemic_health,2021-12-H2-r2,2021-12-22,date_corrected,4150
Rivian shares fall below IPO price as EV lockup concerns weigh on stock,2021-12-16,"RIVN down 10% on the week, briefly below $85 IPO price",Moderate,mega_cap_corporate,2021-12-H2-r2,2021-12-16,unverified,4151
"Russia amasses over 100,000 troops on Ukraine border, US warns of invasion risk",2021-12-17,"UAH weakened 1.5%, Ukrainian sovereign bonds fell, SPX flat",Low,geopolitical_military,2021-12-H2-r2,2021-12-17,confirmed,4152
Natural gas prices in Europe hit record above 180 euros per MWh on supply fears,2021-12-21,"Dutch TTF gas futures up 15% on the day, record high",High,energy_opec,2021-12-H2-r2,2021-12-21,confirmed,4153
Turkey lira hits all-time low past 18 per dollar as Erdogan defends rate cuts,2021-12-20,"TRY hit 18.36 per USD intraday, down 44% for 2021",Moderate,monetary_policy,2021-12-H2-r2,2021-12-20,confirmed,4154
"Micron Technology reports Q1 earnings beat, raises full-year revenue outlook",2021-12-20,MU up 7.6% after hours on strong DRAM demand outlook,Moderate,mega_cap_earnings,2021-12-H2-r2,2021-12-20,confirmed,4155
Pfizer asks FDA to authorize COVID booster for all adults 18 and older,2021-11-09,"PFE up 1.2%, MRNA down 6% on competitive concern",Low,pandemic_health,2021-12-H1-r2,2021-12-01,date_corrected,4156
Rivian shares fall below IPO price as electric truck hype fades,2021-12-01,"RIVN down 8%, briefly below $100 IPO reference level",Moderate,mega_cap_corporate,2021-12-H1-r2,2021-12-01,unverified,4157
Turkey lira hits record low as Erdogan defends rate cuts despite inflation,2021-12-03,"TRY down 5% to 14.0 per dollar, down 45% year-to-date",High,monetary_policy,2021-12-H1-r2,2021-12-03,confirmed,4158
"Starbucks CEO Kevin Johnson announces early retirement, shares slip",2022-03-16,SBUX down 2.1% on leadership uncertainty,Low,mega_cap_corporate,2021-12-H1-r2,2021-12-06,date_corrected,4159
Goldman Sachs upgrades oil price forecast to $105 per barrel for 2023,2021-12-07,"WTI up 2.8%, energy sector outperforms",Low,energy_opec,2021-12-H1-r2,2021-12-07,unverified,4160
"Chinese property developer Kaisa Group misses dollar bond payment, default looms",2021-12-07,"Kaisa bonds trade at 15 cents on dollar, Hang Seng Property Index down 2.3%",Moderate,credit_event,2021-12-H1-r2,2021-12-07,confirmed,4161
Log4Shell zero-day vulnerability disclosed in Apache logging library,2021-12-10,"Cybersecurity stocks surged: PANW up 3%, CRWD up 4.5%",Moderate,cyber_infrastructure,2021-12-H1-r2,2021-12-10,confirmed,4162
DocuSign shares crash 42% after slashing revenue growth guidance,2021-12-03,"DOCU down 42% on earnings day, worst single-day drop since IPO",High,mega_cap_earnings,2021-12-H1-r2,2021-12-03,confirmed,4163
"Evergrande misses offshore bond coupon payment, default confirmed by OFAC",2021-12-09,"Evergrande bonds trade at 20 cents, Hang Seng down 1.2%",Moderate,credit_event,2022-01-H2-r2,2022-01-17,date_corrected,4164
Biden administration announces new sanctions on Russian individuals and entities,2022-01-19,"Ruble weakened 0.8%, Russian MOEX down 1.5%",Low,geopolitical_diplomatic,2022-01-H2-r2,2022-01-19,unverified,4165
Goldman Sachs Q4 earnings miss on surge in operating expenses and compensation,2022-01-18,"GS down 7%, worst single-day drop in two years",Moderate,mega_cap_earnings,2022-01-H2-r2,2022-01-18,confirmed,4166
Turkey lira hits fresh record low as Erdogan defends unorthodox rate policy,2021-12-20,"TRY falls 3% to 13.9 per dollar, Istanbul ISE down 2%",Moderate,monetary_policy,2022-01-H2-r2,2022-01-19,date_corrected,4167
US 10-year Treasury yield breaches 1.9% for first time since January 2020,2022-01-18,"10Y yield hits 1.90%, Nasdaq down 2.6%, TLT down 1.1%",High,monetary_policy,2022-01-H2-r2,2022-01-18,confirmed,4168
Robinhood shares collapse to record low as trading volumes dry up post-meme-era,2022-01-28,"HOOD down 14%, trades below $10 for first time since IPO",Low,mega_cap_corporate,2022-01-H2-r2,2022-01-28,unverified,4169
Natural gas prices in Europe surge as Russia-Ukraine tensions cut supply expectations,2022-01-21,"Dutch TTF gas futures up 11%, DAX down 1.9%",Moderate,energy_opec,2022-01-H2-r2,2022-01-21,unverified,4170
"Tether publishes first reserve breakdown, showing heavy reliance on commercial paper",2021-05-13,"Bitcoin falls 8% to $33,000, crypto market cap drops $150B",Moderate,regulatory,2022-01-H2-r2,2022-01-24,date_corrected,4171
"Moody's downgrades Russia sovereign debt to B3, junk territory, on invasion",2022-02-25,"Russian OFZ bonds yield spiked above 20%, ruble hit record low 89 per dollar",High,credit_event,2022-02-H2-r2,2022-02-25,confirmed,4172
Palladium surges 8% as Russia supplies 40% of global output amid sanctions fears,2022-02-25,"Palladium up 8% to $2,748/oz, largest single-day move in months",Moderate,supply_disruption,2022-02-H2-r2,2022-02-25,confirmed,4173
European natural gas prices spike 60% as Russian invasion disrupts supply outlook,2022-02-24,"Dutch TTF gas futures up 60% intraday, settled up 30%",High,energy_opec,2022-02-H2-r2,2022-02-24,confirmed,4174
Nickel prices jump 5% as Russia accounts for 10% of global refined nickel supply,2022-02-25,"LME nickel up 5.2%, aluminum up 3.1% on supply disruption fears",Moderate,supply_disruption,2022-02-H2-r2,2022-02-25,confirmed,4175
Salesforce Q4 earnings beat estimates but issues weak full-year revenue guidance,2022-03-01,CRM down 5.6% after-hours on cautious FY2023 outlook,Moderate,mega_cap_earnings,2022-02-H2-r2,2022-03-01,confirmed,4176
ECB's Lagarde signals flexibility on rate hike timeline amid Ukraine war uncertainty,2022-02-28,"EUR/USD fell 0.8% to 1.113, European bond yields pulled back from recent highs",Moderate,monetary_policy,2022-02-H2-r2,2022-02-28,unverified,4177
Ruble collapses 30% as SWIFT exclusion and central bank asset freeze take effect,2022-02-28,"USD/RUB spiked from 83 to above 109, ruble worst single-day drop on record",High,credit_event,2022-02-H2-r2,2022-02-28,confirmed,4178
Nvidia warns Q4 revenue hit by $400M due to China export license rules,2022-09-01,"NVDA down 2.5%, semiconductor ETF SOXX down 1.8%",Moderate,regulatory,2022-02-H1-r2,2022-02-01,date_corrected,4179
Spotify shares tumble after Neil Young podcast ultimatum costs subscribers,2022-01-26,"SPOT down 5.1%, market cap fell over $2B",Moderate,mega_cap_corporate,2022-02-H1-r2,2022-02-02,date_corrected,4180
"PayPal reports Q4 2021 earnings, slashes 2022 guidance citing macro headwinds",2022-02-01,"PYPL down 24.6%, worst single-day drop in company history",High,mega_cap_earnings,2022-02-H1-r2,2022-02-01,confirmed,4181
"Snap reports Q4 2021 earnings, beats estimates and issues strong Q1 guidance",2022-02-03,"SNAP up 58% on the day, social media peers rallied 5-10%",High,mega_cap_earnings,2022-02-H1-r2,2022-02-03,confirmed,4182
"Bank of England raises rates 25bp to 0.5%, four members voted for 50bp hike",2022-02-03,"GBP up 0.4%, FTSE 100 down 0.2%, gilt yields rose 5bp",Moderate,monetary_policy,2022-02-H1-r2,2022-02-03,confirmed,4183
European Central Bank signals rate hike possible in 2022 as inflation surges,2022-02-03,"EUR up 0.9%, European bond yields surged, Italian BTP spread widened 10bp",Moderate,monetary_policy,2022-02-H1-r2,2022-02-03,confirmed,4184
China reports record $676B trade surplus for 2021 amid export boom,2022-01-14,"CNY strengthened 0.3%, Chinese export stocks gained 1-2%",Low,trade_policy,2022-02-H1-r2,2022-02-07,date_corrected,4185
Softbank reports record $26B Vision Fund losses on tech portfolio writedowns,2022-02-08,"9984.T down 3.7%, Japanese tech stocks fell in sympathy",Moderate,mega_cap_earnings,2022-02-H1-r2,2022-02-08,unverified,4186
"Walmart Q1 earnings miss badly as costs surge, shares fall 11%",2022-05-17,"WMT down 11.4%, worst day since 1987; SPX down 4%",High,mega_cap_earnings,2022-05-H1-r2,2022-05-17,confirmed,4187
Target Q1 earnings collapse as freight and labor costs spike 43%,2022-05-18,"TGT down 25%, SPX down 4%, worst two-day stretch in years",High,mega_cap_earnings,2022-05-H1-r2,2022-05-18,confirmed,4188
"Tether USDT briefly loses dollar peg, trades at $0.95 amid crypto panic",2022-05-12,"USDT hit $0.95 intraday, Bitcoin fell to $26,000",High,credit_event,2022-05-H1-r2,2022-05-12,confirmed,4189
"BTC crashes below $30,000 for first time since July 2021 on LUNA contagion",2022-05-10,"Bitcoin down 12% to $28,600, crypto market cap lost $300B in week",High,credit_event,2022-05-H1-r2,2022-05-10,confirmed,4190
India bans wheat exports as domestic prices surge after Ukraine war,2022-05-14,"Chicago wheat futures up 6%, global food inflation fears intensified",Moderate,trade_policy,2022-05-H1-r2,2022-05-13,date_corrected,4191
"UK GDP contracts 0.1% in March, raising stagflation fears",2022-05-12,"GBP fell 0.8% vs USD, FTSE 100 down 1.5%",Moderate,fiscal_policy,2022-05-H1-r2,2022-05-12,confirmed,4192
"Palantir Q1 earnings miss guidance, lowers full-year revenue forecast",2022-05-09,"PLTR down 18%, hit all-time post-IPO low below $8",Moderate,mega_cap_earnings,2022-05-H1-r2,2022-05-09,confirmed,4193
"Roblox Q1 daily active users miss estimates, shares drop 26%",2022-05-10,"RBLX down 26%, growth-stock selloff accelerated in session",Moderate,mega_cap_earnings,2022-05-H1-r2,2022-05-10,confirmed,4194
Wells Fargo Q1 profit drops 21% as mortgage revenue collapses,2022-04-14,"WFC down 4.5%, KBW Bank Index down 1.8%",Moderate,mega_cap_earnings,2022-04-H1-r2,2022-04-14,confirmed,4195
BlackRock Q1 earnings miss as AUM falls on market volatility,2022-04-13,BLK down 3.6%,Low,mega_cap_earnings,2022-04-H1-r2,2022-04-13,confirmed,4196
Nickel trading resumes on LME after historic short squeeze halt,2022-03-16,"LME nickel limit-down two consecutive sessions, down 8% each day",Moderate,supply_disruption,2022-04-H1-r2,2022-04-05,date_corrected,4197
Pakistan Prime Minister Imran Khan ousted in no-confidence vote,2022-04-10,"Pakistani rupee down 3%, Karachi 100 index down 2.1%",Low,election_political,2022-04-H1-r2,2022-04-10,confirmed,4198
"Bank of Canada raises rates 50bp, largest single hike since 2000",2022-04-13,"CAD up 0.4%, Canadian 2-year yield rose 10bp",Moderate,monetary_policy,2022-04-H1-r2,2022-04-13,confirmed,4199
Wheat futures hit two-week high as India considers export restrictions amid heatwave,2022-04-07,CBOT wheat futures up 4.5% on the week,Low,supply_disruption,2022-04-H1-r2,2022-04-07,unverified,4200
"Twitter rejects Musk takeover bid, adopts shareholder rights poison pill",2022-04-15,"TWTR down 1.7%, uncertainty over deal outcome",Low,mega_cap_corporate,2022-04-H1-r2,2022-04-15,confirmed,4201
NAND flash memory prices fall sharply as PC demand weakens post-pandemic,2022-04-06,"Micron MU down 3.8%, Western Digital WDC down 3.2%",Low,regulatory,2022-04-H1-r2,2022-04-06,unverified,4202
"Three Arrows Capital fails to meet margin calls, liquidation fears spread",2022-06-14,"BTC down 15% on the day, ETH down 18%, crypto contagion accelerates",High,credit_event,2022-06-H1-r2,2022-06-14,unverified,4203
China lifts Shanghai COVID lockdown after two-month shutdown,2022-06-01,"Shanghai Composite up 2.1%, copper up 1.5%, oil up 1.8%",Moderate,pandemic_health,2022-06-H1-r2,2022-06-01,confirmed,4204
"Starbucks raises full-year cost outlook, cuts profit forecast on inflation",2022-06-07,"SBUX down 4.5%, consumer discretionary sector down 1.2%",Low,mega_cap_earnings,2022-06-H1-r2,2022-06-07,unverified,4205
European natural gas prices surge 30% as Russia cuts Nord Stream flows by 60%,2022-06-15,"Dutch TTF gas up 30%, DAX down 1.8%, EUR/USD falls below 1.05",High,supply_disruption,2022-06-H1-r2,2022-06-15,confirmed,4206
India bans wheat exports to protect domestic food supply amid global shortage,2022-05-14,"Chicago wheat futures up 5.9%, global food price index rises",Moderate,trade_policy,2022-06-H1-r2,2022-06-01,date_corrected,4207
Coinbase announces layoffs of 18% of workforce amid crypto market collapse,2022-06-14,"COIN down 11%, crypto exchange stocks broadly lower",Moderate,mega_cap_corporate,2022-06-H1-r2,2022-06-14,confirmed,4208
"South African power utility Eskom declares Stage 6 load-shedding, worst ever",2022-06-10,"ZAR down 2.3%, South Africa 40 index down 1.9%",Low,supply_disruption,2022-06-H1-r2,2022-06-10,confirmed,4209
"Swiss National Bank raises rates by 50bp, first hike in 15 years",2022-06-16,"CHF up 2.1% vs EUR, European bank stocks down 1.5%",Moderate,monetary_policy,2022-06-H1-r2,2022-06-16,confirmed,4210
Terra Luna collapse wipes $40B as UST stablecoin loses dollar peg,2022-05-09,"LUNA down 99%, BTC down 10%, crypto market cap lost $300B in week ending May 16",High,credit_event,2022-05-H2-r2,2022-05-09,confirmed,4211
Celanese acquires DuPont's mobility and materials unit for $11 billion,2022-01-13,"CE down 5%, DD up 1.5%",Low,mega_cap_corporate,2022-05-H2-r2,2022-05-16,date_corrected,4212
Turkish lira falls to record low as Erdogan rejects rate hikes amid 70% inflation,2022-05-18,"TRY down 2.5% to 15.8 per dollar, hit all-time low",Moderate,monetary_policy,2022-05-H2-r2,2022-05-18,unverified,4213
Elon Musk says Twitter deal on hold pending spam account data disclosure,2022-05-13,"TWTR down 9%, TSLA up 2% on reduced deal uncertainty",Moderate,mega_cap_corporate,2022-05-H2-r2,2022-05-13,confirmed,4214
"Chicago Fed National Activity Index turns negative in April, recession signal flashes",2022-05-23,"SPX fell 0.6% intraday before recovering, 10-year yield dipped 5bp",Low,fiscal_policy,2022-05-H2-r2,2022-05-23,unverified,4215
Boohoo and ASOS shares crash as UK fast fashion warns on margins and inventory glut,2022-05-25,"ASOS down 12%, Boohoo down 8% on London Stock Exchange",Moderate,mega_cap_earnings,2022-05-H2-r2,2022-05-25,unverified,4216
Nickel trading resumes on LME after March suspension but liquidity remains impaired,2022-03-16,"LME nickel down 5% on resumption, spreads remain historically wide",Low,supply_disruption,2022-05-H2-r2,2022-05-16,date_corrected,4217
Coinbase shares hit all-time low below $60 as crypto winter deepens,2022-05-11,"COIN down 26% over week ending May 20, down 80% from IPO price",Moderate,credit_event,2022-05-H2-r2,2022-05-11,unverified,4218
Silver Lake and Canada Pension Plan acquire Endeavor Group stake in $27B deal,2024-04-02,"EDR up 5%, deal signals PE appetite despite rate environment",Low,mega_cap_corporate,2022-11-H1-r2,2022-11-08,date_corrected,4279
South Korea central bank cuts benchmark rate 25bp to 2.5% amid trade uncertainty,2025-07-10,"KOSPI up 0.8%, Korean won weakened 0.4%",Low,monetary_policy,2025-07-H1-r2,2025-07-10,unverified,4660
Brazil real hits six-month low as fiscal deficit concerns resurface in Congress,2025-07-07,"BRL down 1.8%, Bovespa down 1.3%",Low,fiscal_policy,2025-07-H1-r2,2025-07-07,unverified,4661
India imposes anti-dumping duties on Chinese steel imports up to 25%,2025-07-03,"Indian steel stocks up 3-5%, Sensex flat",Low,trade_policy,2025-07-H1-r2,2025-07-03,unverified,4662
BlackRock acquires HPS Investment Partners for $12 billion in all-stock deal,2024-12-03,"BLK up 2.1%, HPS credit spreads tighten",Moderate,mega_cap_corporate,2025-07-H1-r2,2025-07-01,date_corrected,4663
"OPEC+ confirms additional 411,000 bpd output hike for August amid price slide",2025-07-05,"WTI crude down 3.1%, energy sector down 1.9%",Moderate,energy_opec,2025-07-H1-r2,2025-07-05,unverified,4664
Copper prices drop to three-month low on weak Chinese manufacturing PMI data,2025-07-02,"LME copper down 2.4%, miners BHP and RIO down 2%",Low,supply_disruption,2025-07-H1-r2,2025-07-02,unverified,4665
Nippon Steel raises US Steel acquisition bid to $15 billion after regulatory review,2025-09-03,"X up 4%, steel sector ETF SLX up 1.2%",Moderate,mega_cap_corporate,2025-09-H1-r2,2025-09-03,unverified,4666
"India cuts repo rate 25bp to 5.75%, third consecutive cut in 2025",2025-09-05,"Sensex up 1.1%, INR weakened 0.4% vs USD",Low,monetary_policy,2025-09-H1-r2,2025-09-05,unverified,4667
Moody's downgrades France sovereign debt to Aa3 citing fiscal slippage,2025-09-08,"French OAT spreads widened 12bp, CAC 40 down 1.4%",Moderate,credit_event,2025-09-H1-r2,2025-09-08,unverified,4668
US Department of Justice files antitrust suit to block Chevron-Hess merger completion,2025-09-09,"HES down 5.2%, CVX down 1.1%",Moderate,regulatory,2025-09-H1-r2,2025-09-09,fabricated,4669
Natural gas prices spike 18% as early cold snap forecast hits US Northeast,2025-09-10,"Henry Hub natgas futures up 18%, UNG ETF up 12%",Moderate,energy_opec,2025-09-H1-r2,2025-09-10,unverified,4670
Vietnam dong hits record low as foreign reserves drop to three-year trough,2025-09-11,"VND down 1.8% to record low, Vietnam VN-Index down 2.3%",Low,credit_event,2025-09-H1-r2,2025-09-11,unverified,4671
Microsoft acquires cybersecurity firm Wiz for $32 billion in all-cash deal,2025-03-03,"MSFT down 0.8% on deal dilution concerns, cybersecurity peers up 2-4%",Low,mega_cap_corporate,2025-09-H1-r2,2025-09-12,date_corrected,4672
Copper prices fall to four-month low on disappointing China industrial output data,2025-09-15,"Copper futures down 3.1%, FCX down 4.2%, BHP down 2.0%",Moderate,supply_disruption,2025-09-H1-r2,2025-09-15,unverified,4673
Adobe scraps $20B Figma acquisition after EU and DOJ opposition,2023-12-18,"ADBE down 3.1%, FIGM private valuation concerns circulate",Moderate,mega_cap_corporate,2025-09-H2-r2,2025-09-17,date_corrected,4674
Brazil real hits 6.20 per dollar as fiscal deficit fears resurface,2025-09-18,"BRL down 2.3%, Bovespa down 1.8%",Moderate,fiscal_policy,2025-09-H2-r2,2025-09-18,unverified,4675
India central bank cuts repo rate by 25bp to support slowing growth,2025-09-19,"Nifty 50 up 1.1%, INR weakened slightly",Low,monetary_policy,2025-09-H2-r2,2025-09-19,unverified,4676
Nippon Steel wins revised US Steel acquisition approval with conditions,2025-09-22,"X up 4.2%, Japanese steel stocks up 1-2%",Moderate,mega_cap_corporate,2025-09-H2-r2,2025-09-22,unverified,4677
Natural gas prices in Europe surge 18% on early cold snap and low storage,2025-09-24,"TTF gas futures up 18%, European utilities up 3%",High,energy_opec,2025-09-H2-r2,2025-09-24,unverified,4678
Twitter shareholder vote approves Elon Musk acquisition at original $54.20 per share,2022-10-04,"TWTR up 1.5%, deal uncertainty premium compressed",Low,mega_cap_corporate,2022-10-H1-r2,2022-10-04,fabricated,4239
China's Chengdu orders 21 million residents into lockdown as COVID cases rise,2022-09-01,"Hang Seng down 1.5%, copper fell 1.2% on demand fears",Moderate,pandemic_health,2022-08-H2-r2,2022-08-30,date_corrected,4260
"UK August flash PMI falls to 50.9, signaling near-recession conditions",2022-08-23,"GBP fell 0.6% to below 1.18 vs USD, gilts sold off",Low,fiscal_policy,2022-08-H2-r2,2022-08-23,confirmed,4261
European natural gas TTF futures hit record 340 euros per MWh,2022-08-26,"TTF up 15% on the week, DAX down 2.3% Friday",High,energy_opec,2022-08-H2-r2,2022-08-26,confirmed,4262
"Dollar index DXY breaks above 109, hitting 20-year high on Fed hike expectations",2022-08-23,"DXY reached 109.48, EUR/USD fell below 0.9950",Moderate,monetary_policy,2022-08-H2-r2,2022-08-23,confirmed,4263
Snap lays off 20% of workforce as digital advertising market deteriorates sharply,2022-08-31,"SNAP down 9%, META and GOOGL each fell 2-3%",Moderate,mega_cap_corporate,2022-08-H2-r2,2022-08-31,confirmed,4264
"Two-year US Treasury yield rises above 3.4%, highest since 2007 pre-crisis",2022-08-25,"2Y yield hit 3.43%, 2s10s curve inverted further to minus 40bp",Moderate,monetary_policy,2022-08-H2-r2,2022-08-25,confirmed,4265
"Starbucks holds investor day, raises long-term EPS growth target to 15-20%",2022-09-13,SBUX up 5.5% on the day,Moderate,mega_cap_corporate,2022-09-H1-r2,2022-09-13,confirmed,4266
Adobe acquires Figma for $20B in largest design software deal ever,2022-09-15,"ADBE down 17%, FIGM acquired at 100x revenue",High,mega_cap_corporate,2022-09-H1-r2,2022-09-15,confirmed,4267
"Swedish inflation hits 9.8% in August, highest since 1991",2022-09-13,"SEK weakened, Swedish 2-year yield up 20bp",Low,fiscal_policy,2022-09-H1-r2,2022-09-13,confirmed,4268
Chile copper output falls to decade low as ore grades decline and drought bites,2022-09-02,"Copper futures down 1.8%, mining stocks weaker",Low,supply_disruption,2022-09-H1-r2,2022-09-02,unverified,4269
Pakistan requests IMF emergency support as catastrophic floods submerge one-third of country,2022-09-09,"Pakistani rupee hits record low, sovereign spreads widen 80bp",Moderate,natural_disaster,2022-09-H1-r2,2022-09-09,unverified,4270
"Arm Holdings scraps Nvidia takeover, files confidentially for IPO",2022-02-08,"NVDA down 1.2%, semiconductor sector muted",Low,mega_cap_corporate,2022-09-H1-r2,2022-09-06,date_corrected,4271
"Bank of Canada raises rates by 75bp to 3.25%, signals further hikes ahead",2022-09-07,"CAD up 0.4%, Canadian 2-year yield hits 14-year high",Moderate,monetary_policy,2022-09-H1-r2,2022-09-07,confirmed,4272
"Walmart reports Q3 earnings beat, raises full-year guidance on resilient consumer",2022-11-15,"WMT up 6.5%, SPX up 0.9%",Moderate,mega_cap_earnings,2022-11-H1-r2,2022-11-15,confirmed,4273
"Target reports Q3 earnings miss, cuts holiday outlook on inventory glut",2022-11-16,"TGT down 13%, retail sector fell 2%",High,mega_cap_earnings,2022-11-H1-r2,2022-11-16,confirmed,4274
Crypto lender Genesis Global warns of potential bankruptcy after FTX losses,2022-11-16,"BTC fell below $16,000, crypto sector down 10%",High,credit_event,2022-11-H1-r2,2022-11-10,date_corrected,4275
"China eases some COVID zero rules, shortening quarantine requirements slightly",2022-11-11,"Hang Seng up 7.7%, CSI 300 up 3.1%",High,pandemic_health,2022-11-H1-r2,2022-11-11,confirmed,4276
UK Chancellor Hunt unveils austerity budget with £55B in tax rises and spending cuts,2022-11-17,"GBP up 0.3%, gilt yields fell 10bp, muted reaction",Low,fiscal_policy,2022-11-H1-r2,2022-11-17,confirmed,4277
"Cisco Systems reports Q1 earnings beat, raises annual revenue forecast",2022-11-16,CSCO up 5% after hours,Low,mega_cap_earnings,2022-11-H1-r2,2022-11-16,confirmed,4278
"Broadcom reports Q4 earnings, AI chip revenue surges 220% year-over-year",2024-12-12,"AVGO up 24% after hours, Nasdaq futures up 1%",High,mega_cap_earnings,2025-12-H1-r2,2025-12-12,date_corrected,4699
"Swiss National Bank cuts rates by 25bp to 0%, flags deflation risk",2024-12-12,"CHF down 0.6%, Swiss SMI up 0.5%",Low,monetary_policy,2025-12-H1-r2,2025-12-12,date_corrected,4700
China announces fresh stimulus package targeting domestic consumption,2024-12-09,"Hang Seng up 2.3%, CSI 300 up 1.8%",Moderate,fiscal_policy,2025-12-H1-r2,2025-12-09,date_corrected,4701
US imposes new sanctions on Iranian oil exports targeting shadow fleet tankers,2024-12-04,"WTI up 1.2%, shipping stocks mixed",Low,geopolitical_diplomatic,2025-12-H1-r2,2025-12-04,date_corrected,4702
Stellantis CEO Carlos Tavares resigns abruptly amid sales slump,2024-12-01,"STLA up 8% on relief rally, European auto sector up 1.5%",Moderate,mega_cap_corporate,2025-12-H1-r2,2025-12-01,date_corrected,4703
Micron Technology reports fiscal Q1 earnings beat but weak data center guidance disappoints,2024-12-18,"MU down 16%, Philadelphia Semiconductor Index down 3.5%",High,mega_cap_earnings,2025-12-H2-r2,2025-12-18,date_corrected,4704
Brazil real hits record low against dollar as fiscal concerns mount,2024-12-18,"BRL down 3.2% to 6.30 per dollar, Bovespa down 2.1%",High,fiscal_policy,2025-12-H2-r2,2025-12-19,date_corrected,4705
US Treasury 10-year yield breaches 4.6% after hawkish Fed repricing,2024-12-19,"10-year yield hit 4.64%, TLT down 1.8%",Moderate,monetary_policy,2025-12-H2-r2,2025-12-19,date_corrected,4706
EU antitrust regulators open formal investigation into Apple App Store compliance,2025-12-20,"AAPL down 0.8%, European tech sector flat",Low,regulatory,2025-12-H2-r2,2025-12-20,unverified,4707
Natural gas futures spike as Arctic cold blast forecast for US East Coast,2025-12-23,Henry Hub natural gas futures up 12% on the week,Moderate,supply_disruption,2025-12-H2-r2,2025-12-23,unverified,4708
South Korea acting president impeached by National Assembly amid political crisis,2024-12-27,"KOSPI down 1.9%, Korean won weakened 0.8%",Moderate,election_political,2025-12-H2-r2,2025-12-27,date_corrected,4709
"Bitcoin surpasses $100,000 milestone briefly before retreating into year-end",2024-12-05,"BTC hit $108,000 intraday, Coinbase COIN up 4%",Low,mega_cap_corporate,2025-12-H2-r2,2025-12-16,date_corrected,4710
Moody's downgrades China sovereign credit rating to A1 from Aa3,2017-05-24,"Chinese yuan weakened, Shanghai Composite down 0.5%",Moderate,credit_event,2017-05-H1-r2,2017-05-24,confirmed,4711
Toshiba shares halted as auditor PwC refuses to sign off on accounts,2017-04-11,"Toshiba down 9% on resumption, Tokyo market rattled",Moderate,mega_cap_corporate,2017-05-H1-r2,2017-05-11,date_corrected,4712
Nordstrom family group makes bid to take retailer private at $8.4B,2017-06-08,JWN up 8% on the day,Low,mega_cap_corporate,2017-05-H1-r2,2017-05-11,date_corrected,4713
"Brazil's Temer implicated in bribery scandal, real plunges 8%",2017-05-18,"BRL down 8%, Bovespa circuit breaker triggered, down 9%",High,election_political,2017-05-H1-r2,2017-05-18,confirmed,4714
Copper hits three-month low on China demand concerns and dollar strength,2017-05-09,Copper futures down 2.1% to $2.47/lb,Low,supply_disruption,2017-05-H1-r2,2017-05-09,unverified,4715
"Valeant Pharmaceuticals reports Q1 earnings, cuts full-year guidance sharply",2017-05-09,"VRX down 11%, bonds widened 50bp",Moderate,mega_cap_earnings,2017-05-H1-r2,2017-05-09,unverified,4716
South Korea elects Moon Jae-in as president on conciliation platform,2017-05-09,"KOSPI up 0.8%, KRW strengthened 0.5%",Low,election_political,2017-05-H1-r2,2017-05-09,confirmed,4717
Whole Foods shares surge 10% on activist investor Jana Partners stake disclosure,2017-04-10,"WFM up 10%, grocery sector stocks moved on M&A speculation",Moderate,mega_cap_corporate,2017-05-H1-r2,2017-05-09,date_corrected,4718
Toys R Us files for Chapter 11 bankruptcy protection amid debt load,2017-09-18,"Mattel down 6%, Hasbro down 3% on filing news",Moderate,credit_event,2017-09-H1-r2,2017-09-18,confirmed,4719
Bank of England holds rates but signals majority ready to hike soon,2017-09-14,"GBP/USD surges 0.9% to 1.336, gilts sell off",Moderate,monetary_policy,2017-09-H1-r2,2017-09-14,confirmed,4720
Lufthansa confirms bid for insolvent Air Berlin assets and routes,2017-09-12,"Air Berlin shares halted, Lufthansa up 2.1%",Low,mega_cap_corporate,2017-09-H1-r2,2017-09-12,unverified,4721
Iron ore futures in Dalian plunge 5% on Chinese steel output curb fears,2017-09-05,"Iron ore futures down 5%, BHP and Rio Tinto each down 2%",Moderate,supply_disruption,2017-09-H1-r2,2017-09-05,unverified,4722
Amazon acquires Whole Foods Market deal officially closes,2017-08-28,"Grocery sector stocks drop 2-5%, AMZN up 1%",Moderate,mega_cap_corporate,2017-09-H1-r2,2017-08-28,date_corrected,4723
US imposes new sanctions on Venezuela blocking government debt dealings,2017-08-25,"Venezuelan sovereign bonds fall 3-5 pts, VEF implied rate spikes",Low,geopolitical_diplomatic,2017-09-H1-r2,2017-08-25,confirmed,4724
"Brazil's Temer corruption charges dropped by lower house vote, BRL rallies",2017-10-25,"BRL strengthens 1.4%, Bovespa up 1.8%",Moderate,election_political,2017-09-H1-r2,2017-09-04,date_corrected,4725
South Africa sovereign debt downgraded to junk by S&P amid political crisis,2017-04-03,"ZAR fell 2%, South African bonds sold off sharply",Moderate,credit_event,2017-04-H2-r2,2017-04-03,confirmed,4726
"Snap Inc reports first earnings as public company, user growth disappoints",2017-05-10,"SNAP down 21% following report, though report date was May 10",High,mega_cap_earnings,2017-04-H2-r2,2017-05-10,confirmed,4727
"United Airlines forcibly removes passenger from overbooked flight, video goes viral",2017-04-10,"UAL down 4% intraday, recovered to close down 1.1%",Low,mega_cap_corporate,2017-04-H2-r2,2017-04-10,confirmed,4728
Venezuela opposition calls general strike as Maduro moves to rewrite constitution,2017-04-19,"Venezuelan bonds drop 3 points, VEF black market rate collapses",Moderate,geopolitical_diplomatic,2017-04-H2-r2,2017-04-19,unverified,4729
"Verizon reports Q1 2017 earnings, loses net wireless subscribers for first time",2017-04-20,"VZ down 3.5%, telecom sector fell 1.2%",Moderate,mega_cap_earnings,2017-04-H2-r2,2017-04-20,confirmed,4730
"Caterpillar Q1 2017 earnings beat estimates, raises full-year guidance on global demand",2017-04-25,"CAT up 7.5%, Dow Jones added 150 points on the open",Moderate,mega_cap_earnings,2017-04-H2-r2,2017-04-25,confirmed,4731
"Boeing reports Q1 2017 earnings beat, raises guidance on commercial jet deliveries",2017-04-26,"BA up 9%, single stock added over 100 Dow points",High,mega_cap_earnings,2017-04-H2-r2,2017-04-26,confirmed,4732
Copper prices hit five-week low on weak China demand data and dollar strength,2017-04-17,"Copper futures down 2.3%, mining stocks fell 1-2%",Low,supply_disruption,2017-04-H2-r2,2017-04-17,unverified,4733
"Davos speech: Trump says 'America First does not mean America alone', dollar rallies",2018-01-26,"DXY up 0.5%, partially reversing Mnuchin-driven losses",Moderate,geopolitical_diplomatic,2018-01-H2-r2,2018-01-26,confirmed,4734
"Johnson & Johnson Q4 2017 earnings beat estimates, raises 2018 guidance",2018-01-23,"JNJ up 2.1%, Dow Jones gains on healthcare strength",Low,mega_cap_earnings,2018-01-H2-r2,2018-01-23,confirmed,4735
Procter & Gamble Q2 fiscal 2018 earnings miss revenue estimates on weak sales,2018-01-19,"PG down 3.1%, consumer staples sector underperforms",Moderate,mega_cap_earnings,2018-01-H2-r2,2018-01-19,confirmed,4736
"IMF raises 2018 global growth forecast to 3.9%, citing US tax reform boost",2018-01-22,"SPX up 0.8%, emerging market equities rally broadly",Moderate,fiscal_policy,2018-01-H2-r2,2018-01-22,confirmed,4737
Tencent becomes first Asian company to surpass $500 billion market cap,2018-01-22,"Tencent HK up 1.8%, Hang Seng hits decade high",Low,mega_cap_corporate,2018-01-H2-r2,2018-01-22,unverified,4738
South Africa enters technical recession for first time since 2009,2018-09-04,"ZAR weakened 1.5%, Johannesburg All Share Index down 1.8%",Moderate,fiscal_policy,2018-09-H1-r2,2018-09-04,confirmed,4759
"Elon Musk smokes marijuana on Joe Rogan podcast, Tesla board members resign",2018-09-07,"TSLA down 9% on Monday September 10, two senior executives departed. Note: board members did not resign; CFO and Chief Accounting Officer departed but were not board resignations.",Moderate,mega_cap_corporate,2018-09-H1-r2,2018-09-07,confirmed,4760
Indonesia central bank raises rates 25bp for fourth time in 2018 to defend rupiah,2018-09-27,"IDR stabilized briefly, Jakarta Composite up 0.6%",Low,monetary_policy,2018-09-H1-r2,2018-09-14,date_corrected,4761
Copper falls to 14-month low below $2.60 per pound on China demand fears,2018-09-07,"HG copper down 1.8% to $2.585, Freeport-McMoRan FCX down 3.2%",Moderate,supply_disruption,2018-09-H1-r2,2018-09-07,confirmed,4762
Russia and China hold largest joint military exercises since Cold War in Siberia,2018-09-11,"Ruble and yuan little changed; SPX down 0.1%. Vostok-2018 exercises began September 11-15, 2018.",Low,geopolitical_military,2018-09-H1-r2,2018-09-11,confirmed,4763
Starbucks CFO Scott Maw announces surprise resignation effective November 2018,2018-09-13,"SBUX down 9.8% on the day, worst single-day drop in years",Moderate,mega_cap_corporate,2018-09-H1-r2,2018-09-13,confirmed,4764
Goldman Sachs Q1 2019 earnings beat on strong trading revenue,2019-04-15,"GS up 1.7%, financials sector outperformed",Moderate,mega_cap_earnings,2019-04-H1-r2,2019-04-15,confirmed,4765
Lyft shares fall below IPO price within two weeks of listing,2019-04-01,"LYFT down 11% on the day, below $72 IPO price. Lyft IPO'd March 29; shares fell below IPO price on April 1.",Moderate,mega_cap_corporate,2019-04-H1-r2,2019-04-01,confirmed,4766
Pinterest and Zoom file S-1 IPO prospectuses with SEC,2019-03-22,"Broad tech sentiment lifted, no direct index move. Both companies filed S-1s on March 22, 2019.",Low,mega_cap_corporate,2019-04-H1-r2,2019-04-04,date_corrected,4767
Turkey lira drops 3% as Istanbul election result disputed by Erdogan's AKP party,2019-04-01,"TRY down 3%, Borsa Istanbul down 1.8%. Istanbul mayoral election was March 31; AKP disputed results immediately after, market reaction on April 1.",Moderate,election_political,2019-04-H1-r2,2019-04-01,confirmed,4768
"WTI crude oil tops $64 per barrel, highest level of 2019",2019-04-08,"WTI up 1.6% to $64.40, energy sector up 0.9%",Low,energy_opec,2019-04-H1-r2,2019-04-08,confirmed,4769
US sanctions Iran's Revolutionary Guard Corps as foreign terrorist organization,2019-04-08,"Oil up 1.2%, Iranian rial weakened further",Low,geopolitical_diplomatic,2019-04-H1-r2,2019-04-08,confirmed,4770
Algeria President Bouteflika resigns after weeks of mass protests,2019-04-02,"Algerian dinar stable, minimal global market reaction",Low,election_political,2019-04-H1-r2,2019-04-02,confirmed,4771
China March trade surplus widens sharply as exports rebound 14.2%,2019-04-12,"Shanghai Composite up 1.5%, AUD up 0.4%",Moderate,trade_policy,2019-04-H1-r2,2019-04-12,confirmed,4772
Elon Musk and SEC reach settlement over Tesla privatization tweet fraud charges,2018-09-29,TSLA up 5% on settlement news after initial plunge fears,Moderate,regulatory,2018-09-H2-r2,2018-09-29,confirmed,4773
SEC charges Elon Musk with fraud over 'funding secured' Tesla tweet,2018-09-27,"TSLA down 13% intraday, closed down 11%",High,regulatory,2018-09-H2-r2,2018-09-27,confirmed,4774
India rupee hits record low of 72.9 per dollar amid EM selloff,2018-09-11,"INR hit all-time low around 72.9, RBI intervenes in FX market. The INR hit record lows in early-to-mid September 2018; 72.9 level was reached around September 11, not September 19.",Moderate,credit_event,2018-09-H2-r2,2018-09-19,date_corrected,4775
Bayer shares fall sharply as second Roundup cancer verdict goes against Monsanto,2018-09-24,"BAYN.DE down 5%, Bayer down 35% since Monsanto acquisition closed. Note: the first Roundup verdict was August 2018; a second verdict in this timeframe is unverified.",Moderate,regulatory,2018-09-H2-r2,2018-09-24,unverified,4776
"Chinese yuan weakens past 6.9 per dollar, approaching key 7.0 threshold",2018-09-28,"CNY hit 6.915, weakest since January 2017",Moderate,trade_policy,2018-09-H2-r2,2018-09-28,confirmed,4777
South African rand and Turkish lira resume declines as EM stress persists,2018-09-21,"ZAR down 2%, TRY down 3%, MSCI EM index down 1.4%",Moderate,credit_event,2018-09-H2-r2,2018-09-21,unverified,4778
"US 10-year Treasury yield breaks above 2.65%, highest since 2014",2018-01-18,"10Y yield hit 2.66%, utilities and REITs sold off 1-2%",Moderate,monetary_policy,2018-01-H2-r2,2018-01-18,confirmed,4739
"Caterpillar Q4 2017 earnings surge, raises 2018 outlook on global construction demand",2018-01-25,"CAT up 7.5%, Dow Jones adds over 100 points",Moderate,mega_cap_earnings,2018-01-H2-r2,2018-01-25,confirmed,4740
Canada warns NAFTA collapse increasingly likely as US demands stall talks,2018-01-23,"CAD down 0.6%, Mexican peso down 0.8%",Low,trade_policy,2018-01-H2-r2,2018-01-23,unverified,4741
Royal Dutch Shell agrees to sell North Sea assets to Chrysaor for $3.8B,2017-01-31,"RDS.A up 0.4%, deal part of $30B divestment program",Low,mega_cap_corporate,2018-05-H2-r2,2018-05-16,date_corrected,4742
"Turkish lira hits record low as inflation surges to 10.9%, Erdogan vows rate control",2018-05-23,"TRY down 3.5% to 4.92 per dollar, BIST-100 down 2.1%",Moderate,monetary_policy,2018-05-H2-r2,2018-05-23,confirmed,4743
Tencent reports Q1 profit miss as game approval freeze hits revenue growth,2018-05-16,"Tencent HK down 3.6%, Hang Seng tech stocks weaker",Moderate,mega_cap_earnings,2018-05-H2-r2,2018-05-16,confirmed,4744
"Brazil truckers strike paralyzes country over diesel prices, shelves go empty",2018-05-21,"BRL down 2%, Bovespa down 2.8%, Brazilian sugar and soy futures spike",High,supply_disruption,2018-05-H2-r2,2018-05-21,confirmed,4745
South Africa enters technical recession for first time since 2009,2018-09-04,"ZAR down 1.8%, South Africa ETF EZA down 2.3%",Moderate,fiscal_policy,2018-05-H2-r2,2018-05-29,date_corrected,4746
"US sanctions on Iran take effect, European firms race to exit Iranian contracts",2018-05-08,"Brent crude up 1.2%, Total and Eni shares down 1-2%",Low,geopolitical_diplomatic,2018-05-H2-r2,2018-05-18,date_corrected,4747
Poundland owner Steinhoff International shares suspended amid accounting fraud probe,2017-12-06,"Steinhoff JSE shares down 8%, South African retailers sold off",Low,credit_event,2018-05-H2-r2,2018-05-17,date_corrected,4748
Toys R Us files Chapter 11 bankruptcy with $5B in debt,2017-09-18,"Hasbro down 3%, Mattel down 3.5%, retail sector pressured",Moderate,credit_event,2017-09-H2-r2,2017-09-18,confirmed,4749
"Amazon acquires Whole Foods Market deal closes, price cuts begin immediately",2017-08-28,"WFM delisted, grocery stocks KR down 9%, SFM down 6% on deal close day",High,mega_cap_corporate,2017-09-H2-r2,2017-08-28,confirmed,4750
Uber loses London operating license as TfL cites public safety concerns,2017-09-22,"Private company; Lyft and taxi stocks unmoved, tech sentiment slightly negative",Low,regulatory,2017-09-H2-r2,2017-09-22,confirmed,4751
Yellen signals Fed balance sheet runoff to begin October 2017 at Jackson Hole follow-up,2017-09-20,"10-year Treasury yield rose to 2.28%, USD index up 0.4%",Low,monetary_policy,2017-09-H2-r2,2017-09-20,confirmed,4752
BlackRock warns passive investing bubble risks destabilizing markets,2017-09-25,"SPX flat, commentary noted but no measurable market reaction",Low,regulatory,2017-09-H2-r2,2017-09-25,unverified,4753
Reckitt Benckiser agrees to pay $1.4B to settle US opioid charges over Suboxone,2019-07-11,RB shares down 2.1% in London trading,Low,regulatory,2017-09-H2-r2,2017-09-21,date_corrected,4754
"Czech Republic holds parliamentary election, ANO party of Andrej Babis wins majority",2017-10-20,"Czech koruna stable, regional EM markets unaffected",Low,election_political,2017-09-H2-r2,2017-10-20,confirmed,4755
Softbank Vision Fund closes at record $93B making it world's largest technology fund,2017-05-20,"Tech sector sentiment positive, SoftBank Tokyo shares up 1.2%",Low,mega_cap_corporate,2017-09-H2-r2,2017-09-20,date_corrected,4756
Lehman Brothers 10th anniversary marks decade since financial crisis peak,2018-09-15,"SPX flat, financial media retrospectives dominate; KBW Bank Index up 0.3%",Low,credit_event,2018-09-H1-r2,2018-09-10,date_corrected,4757
Emerging market currencies extend selloff as contagion spreads from Turkey and Argentina,2018-09-04,"South African rand down 2.1%, Indonesian rupiah hits 20-year low, MSCI EM down 1.4%",High,credit_event,2018-09-H1-r2,2018-09-04,confirmed,4758
Turkey lira falls 3% as Istanbul election result ordered to be re-run,2019-05-06,"TRY down 2.8%, Borsa Istanbul index down 5%",Moderate,election_political,2019-04-H2-r2,2019-04-30,date_corrected,4799
Copper falls below $7000 per tonne for first time since 2020 on recession fears,2022-07-15,"Copper down 4% to $6955, mining stocks fell 2-3%",Moderate,supply_disruption,2022-07-H2-r2,2022-07-15,confirmed,4920
"Twitter suspends journalists covering Elon Musk, sparking advertiser backlash",2022-12-15,TWTR delisted; broader social media sentiment negative,Low,mega_cap_corporate,2022-11-H2-r2,2022-12-15,confirmed,4921
China's Foxconn Zhengzhou workers clash with police over unpaid bonuses,2022-11-23,"AAPL down 2.6%, supply chain concerns mount",Moderate,supply_disruption,2022-11-H2-r2,2022-11-23,confirmed,4922
"Eurozone PMI composite falls to 47.8 in November, recession fears deepen",2022-11-23,"EUR/USD slipped 0.4%, DAX down 0.3%",Low,fiscal_policy,2022-11-H2-r2,2022-11-23,confirmed,4923
BlockFi files for Chapter 11 bankruptcy citing FTX contagion exposure,2022-11-28,"Bitcoin fell 3% to near $16,000, crypto sector sold off",Moderate,credit_event,2022-11-H2-r2,2022-11-28,confirmed,4924
Germany agrees to 200B EUR energy price brake package to shield consumers,2022-09-29,"European gas futures down 4%, DAX up 0.5%",Low,fiscal_policy,2022-11-H2-r2,2022-11-18,date_corrected,4925
Iron ore futures surge 10% as China hints at property sector support measures,2022-11-28,"Iron ore up 10%, BHP and Rio Tinto up 3-4%",Moderate,regulatory,2022-11-H2-r2,2022-11-28,confirmed,4926
"Salesforce co-CEO Bret Taylor announces resignation, Benioff to run company alone",2022-11-30,CRM down 8% on the day,Moderate,mega_cap_corporate,2022-11-H2-r2,2022-11-30,confirmed,4927
US dollar index falls to three-month low as Fed pivot bets intensify,2022-11-22,"DXY down to 105.5, gold up 1.2% to $1,750",Low,monetary_policy,2022-11-H2-r2,2022-11-22,confirmed,4928
Binance sees $6B in withdrawals in 72 hours amid solvency fears,2022-12-13,"BTC down 3%, BNB down 8% on the week",Moderate,credit_event,2022-12-H1-r2,2022-12-13,unverified,4929
Japan's Softbank announces $4.4B share buyback after record losses,2022-12-06,Softbank TYO up 5.5% on the day,Moderate,mega_cap_corporate,2022-12-H1-r2,2022-12-06,unverified,4930
EU formally adopts $60 per barrel price cap on Russian seaborne oil,2022-12-05,"WTI down 3% to $76, Brent fell to $80",Moderate,energy_opec,2022-12-H1-r2,2022-12-05,confirmed,4931
Brazil's Congress strips Lula transition team of $150B spending exemption,2022-12-07,"Brazilian real BRL up 2%, Bovespa up 1.8%",Moderate,fiscal_policy,2022-12-H1-r2,2022-12-07,confirmed,4932
EU antitrust regulators open formal investigation into Microsoft-Activision deal,2022-11-08,"ATVI down 1.5%, MSFT flat",Low,regulatory,2022-12-H1-r2,2022-12-08,date_corrected,4933
Germany nationalizes gas importer Uniper in 34 billion euro rescue deal,2022-09-21,"Uniper FRA shares delisted, European gas futures down 4%",Low,fiscal_policy,2022-12-H1-r2,2022-12-19,date_corrected,4934
China's factory gate PPI deflation deepens to minus 1.3% in November,2022-12-09,"Hang Seng down 2.2%, yuan weakened slightly",Moderate,monetary_policy,2022-12-H1-r2,2022-12-09,confirmed,4935
"Elon Musk sells additional $3.6B of Tesla shares, ninth tranche in 2022",2022-12-12,"TSLA down 4%, stock hit two-year low near $150",Moderate,mega_cap_corporate,2022-12-H1-r2,2022-12-12,confirmed,4936
Adani Group stocks collapse after Hindenburg Research short-seller report alleges fraud,2023-01-25,"Adani Enterprises down 18%, group lost over $48B in market cap within days",High,mega_cap_corporate,2023-01-H2-r2,2023-01-24,date_corrected,4937
"UK inflation falls to 10.5% in December, still near 40-year highs",2023-01-18,"GBP down 0.3%, gilt yields little changed as data in line with expectations",Low,fiscal_policy,2023-01-H2-r2,2023-01-18,confirmed,4938
"3M announces 2,500 job cuts and warns on full-year 2023 earnings outlook",2023-01-24,"MMM down 6% on the day, worst performer in Dow",Moderate,mega_cap_earnings,2023-01-H2-r2,2023-01-24,confirmed,4939
China's population falls for first time in six decades in 2022,2023-01-17,"Chinese consumer and property stocks dipped 1-2%, demographic concerns weighed",Low,regulatory,2023-01-H2-r2,2023-01-17,confirmed,4940
Davos World Economic Forum opens as global recession fears dominate agenda,2023-01-16,"SPX up 0.7%, markets shrugged off bearish commentary from Davos speakers",Low,geopolitical_diplomatic,2023-01-H2-r2,2023-01-16,confirmed,4941
"European natural gas prices fall below €60 per MWh, lowest since mid-2021",2023-01-23,"TTF natural gas futures down 12% on the week, DAX up 0.8%",Moderate,energy_opec,2023-01-H2-r2,2023-01-23,confirmed,4942
Lockheed Martin Q4 earnings beat but 2023 revenue guidance disappoints,2023-01-24,LMT down 3.5% on guidance miss despite earnings beat,Low,mega_cap_earnings,2023-01-H2-r2,2023-01-24,confirmed,4943
"Bank of Canada raises rates 25bp to 4.25%, signals conditional pause ahead",2023-01-25,"CAD strengthened 0.4%, first major central bank to signal a pause in hike cycle",Moderate,monetary_policy,2023-01-H2-r2,2023-01-25,date_corrected,4944
Adani Group stocks collapse as Hindenburg Research releases short-seller report,2023-01-24,"Adani Enterprises down 28% on the day, group lost over $100B in market cap within days",High,mega_cap_corporate,2023-02-H1-r2,2023-02-01,date_corrected,4945
Adani Group scraps $2.5B share sale amid ongoing stock rout,2023-02-02,"Adani Enterprises halted limit-down, Indian Sensex fell 0.8%",Moderate,mega_cap_corporate,2023-02-H1-r2,2023-02-02,confirmed,4946
"Disney reports Q1 earnings beat, streaming losses narrow, Iger cuts 7,000 jobs",2023-02-08,DIS up 4.7% after hours,Moderate,mega_cap_earnings,2023-02-H1-r2,2023-02-08,confirmed,4947
Japan PM Kishida nominates Kazuo Ueda as next Bank of Japan governor,2023-02-10,"Yen strengthened 1.2%, JGB yields spiked, Nikkei fell 0.7%",Moderate,monetary_policy,2023-02-H1-r2,2023-02-10,confirmed,4948
US House committee votes to remove Congressman Santos amid fraud scrutiny,2023-02-09,"SPX unmoved, no measurable market reaction",Low,election_political,2023-02-H1-r2,2023-02-09,fabricated,4949
EU proposes new sanctions package targeting Russia drone components and electronics,2023-02-15,"Ruble weakened slightly, European defense stocks up 0.5%",Low,geopolitical_diplomatic,2023-02-H1-r2,2023-02-15,unverified,4950
Copper prices hit two-month low on China demand disappointment after Lunar New Year,2023-02-08,"Copper futures down 3.5% on the week, miners BHP and Rio Tinto down 2-3%",Moderate,supply_disruption,2023-02-H1-r2,2023-02-08,confirmed,4951
"Spotify reports Q4 earnings beat, monthly active users reach record 456 million",2023-02-07,SPOT up 12% on the day,Moderate,mega_cap_earnings,2023-02-H1-r2,2023-02-07,confirmed,4952
"Salesforce Q4 earnings beat estimates, shares surge on margin improvement",2023-03-01,"CRM up 11% after hours, Nasdaq futures up 0.5%",Moderate,mega_cap_earnings,2023-02-H2-r2,2023-03-01,confirmed,4953
ECB's Schnabel warns inflation persistence requires significant further rate hikes,2023-02-17,"EUR/USD fell 0.4%, European sovereign yields rose 5-8bp",Low,monetary_policy,2023-02-H2-r2,2023-02-17,confirmed,4954
Adani Group stocks extend rout as index provider MSCI reviews weightings,2023-02-17,"Adani Enterprises down 10%, broader Indian market BSE Sensex down 0.7%",Moderate,mega_cap_corporate,2023-02-H2-r2,2023-02-17,confirmed,4955
US announces $2.2 billion military aid package for Ukraine including artillery,2023-02-24,"European defense stocks up 1-2%, SPX broadly flat",Low,geopolitical_military,2023-02-H2-r2,2023-02-24,unverified,4956
Rio Tinto reports record annual profit of $12.4 billion on iron ore strength,2023-02-22,"RIO London shares up 2.1%, iron ore futures up 1.5%",Low,mega_cap_earnings,2023-02-H2-r2,2023-02-22,confirmed,4957
German Ifo business climate index rises to nine-month high in February,2023-02-27,"EUR/USD up 0.3%, DAX up 0.6%",Low,fiscal_policy,2023-02-H2-r2,2023-02-27,date_corrected,4958
"Zoom Video Q4 revenue growth slows to 4%, issues weak fiscal 2024 guidance",2023-02-27,ZM down 6% after hours on deceleration concerns,Moderate,mega_cap_earnings,2023-02-H2-r2,2023-02-27,confirmed,4959
European Central Bank policymakers signal further rate cuts as eurozone growth stalls,2025-02-20,"EUR/USD down 0.4%, German bund yields fell 5bp",Low,monetary_policy,2025-02-H2-r2,2025-02-20,unverified,5020
"Australia's RBA cuts interest rates for first time since 2020, lowers cash rate to 4.1%",2025-02-18,"AUD down 0.6%, ASX 200 up 0.5%",Low,monetary_policy,2025-02-H2-r2,2025-02-18,confirmed,5021
Rio Tinto reports full-year profit drop of 9% as iron ore prices weigh on earnings,2025-02-19,"RIO London shares down 3.2%, iron ore futures fell 1.5%",Low,mega_cap_earnings,2025-02-H2-r2,2025-02-19,unverified,5022
South Korea's acting government faces constitutional court ruling on Yoon impeachment,2025-04-04,"KOSPI down 0.8%, KRW weakened 0.5% vs USD",Low,election_political,2025-02-H2-r2,2025-02-25,date_corrected,5023
US imposes new sanctions on Iran targeting oil export network and tanker fleet,2025-02-24,"WTI crude up 1.2%, Iranian proxy shipping stocks fell",Low,geopolitical_diplomatic,2025-02-H2-r2,2025-02-24,unverified,5024
"Home Depot Q4 earnings miss estimates, warns of continued pressure on big-ticket spending",2025-02-25,"HD down 3.1%, XHB homebuilder ETF down 1.4%",Moderate,mega_cap_earnings,2025-02-H2-r2,2025-02-25,confirmed,5025
Moody's downgrades US sovereign credit rating to Aa1 from Aaa,2025-05-16,"SPX down 0.7% Monday June 2, 30-yr Treasury yield hit 5.03%",Moderate,credit_event,2025-06-H1-r2,2025-05-16,confirmed,5026
Brazil real hits record low as fiscal concerns mount under Lula government,2025-06-03,"BRL weakened past 6.10 per USD, Bovespa down 1.8%",Moderate,fiscal_policy,2025-06-H1-r2,2025-06-03,unverified,5027
Adobe shares drop after DOJ files antitrust suit over Figma deal remnants,2025-06-04,ADBE down 5.2% on the day,Moderate,regulatory,2025-06-H1-r2,2025-06-04,unverified,5028
Turkey central bank cuts rates 250bp as inflation eases toward 35%,2025-06-05,"TRY weakened 1.4%, Istanbul ISE-100 up 2.1%",Low,monetary_policy,2025-06-H1-r2,2025-06-05,unverified,5029
Copper prices slide to three-month low on weak China manufacturing data,2025-06-09,"LME copper down 3.1% to $9,420 per tonne",Low,supply_disruption,2025-06-H1-r2,2025-06-09,unverified,5030
"Salesforce reports Q1 FY2026 earnings, cuts full-year revenue guidance",2025-05-28,"CRM down 8.3% after-hours, Nasdaq futures fell 0.4%",Moderate,mega_cap_earnings,2025-06-H1-r2,2025-06-04,date_corrected,5031
"South Korea declares martial law briefly, president impeached by parliament",2024-12-03,"KOSPI down 2.6%, KRW weakened 1.9% versus USD",High,election_political,2025-06-H1-r2,2025-06-10,date_corrected,5032
Natural gas prices surge 18% as heat dome covers central US in June,2025-06-12,"Henry Hub natural gas futures hit $4.20/MMBtu, highest since 2023",Moderate,energy_opec,2025-06-H1-r2,2025-06-12,unverified,5033
"Nvidia briefly surpasses $3.5T market cap, becomes world's most valuable company",2025-06-18,"NVDA up 3.5%, SPX up 0.6%",Moderate,mega_cap_corporate,2025-06-H2-r2,2025-06-18,unverified,5034
Brazil real hits record low against dollar amid fiscal deficit concerns,2025-06-20,"BRL down 2.1%, Bovespa down 1.8%",Moderate,fiscal_policy,2025-06-H2-r2,2025-06-20,unverified,5035
Micron Technology reports Q3 earnings beat on surging AI memory demand,2025-06-25,"MU up 9% after hours, Philadelphia Semiconductor Index up 2.1%",Moderate,mega_cap_earnings,2025-06-H2-r2,2025-06-25,unverified,5036
"Germany enters technical recession for second consecutive year, GDP revised lower",2025-06-23,"DAX down 1.2%, EUR/USD down 0.4%",Low,fiscal_policy,2025-06-H2-r2,2025-06-23,unverified,5037
"Australia RBA holds rates steady, signals easing cycle may be on pause",2025-06-17,"AUD down 0.6%, ASX 200 down 0.4%",Low,monetary_policy,2025-06-H2-r2,2025-06-17,unverified,5038
Brazil real hits record low as fiscal spending fears mount in Congress,2025-11-27,"BRL down 3.2% to 6.10 per dollar, Bovespa down 1.9%",High,fiscal_policy,2025-11-H2-r2,2025-11-27,unverified,5059
Copper prices fall to three-month low on weak Chinese manufacturing PMI data,2025-11-21,Copper futures down 2.8% to $4.05/lb on LME,Low,supply_disruption,2025-11-H2-r2,2025-11-21,unverified,5060
"India central bank RBI holds rates at 6.5%, cuts growth forecast for FY2026",2025-11-19,"Sensex down 0.4%, rupee steady at 84.3 per dollar",Low,monetary_policy,2025-11-H2-r2,2025-11-19,unverified,5061
US imposes new sanctions on Iranian oil network targeting shadow fleet tankers,2025-11-20,"WTI up 1.2%, tanker stocks mixed",Low,geopolitical_diplomatic,2025-11-H2-r2,2025-11-20,unverified,5062
Copper prices fall to three-month low on weak Chinese manufacturing data,2025-06-19,"HG copper futures down 2.8%, miners BHP and Rio Tinto down 2-3%",Moderate,supply_disruption,2025-06-H2-r2,2025-06-19,unverified,5039
India Sensex hits record high as foreign inflows accelerate on stable rupee,2025-06-26,"Sensex up 1.4%, INR strongest level in six months",Low,election_political,2025-06-H2-r2,2025-06-26,unverified,5040
"Alphabet reports Q2 2025 earnings, Google Cloud revenue surges 35% year-over-year",2025-08-05,"GOOGL up 6% after-hours, Nasdaq futures up 0.8%",Moderate,mega_cap_earnings,2025-08-H1-r2,2025-08-05,unverified,5041
"Japan Q2 GDP contracts 0.4% quarter-on-quarter, recession fears resurface",2025-08-13,"Nikkei down 1.8%, yen strengthened to 144 per dollar",Moderate,fiscal_policy,2025-08-H1-r2,2025-08-13,unverified,5042
Moody's downgrades France sovereign credit rating one notch to Aa3,2025-08-08,"French OAT 10-year yield spread over Bunds widened 12bp, CAC 40 down 1.1%",Moderate,credit_event,2025-08-H1-r2,2025-08-08,fabricated,5043
China PBOC cuts reserve requirement ratio by 25bp to support slowing economy,2025-08-04,"CSI 300 up 1.2%, yuan steady, copper up 0.9%",Low,monetary_policy,2025-08-H1-r2,2025-08-04,unverified,5044
ExxonMobil completes $4.9B acquisition of offshore deepwater assets from Equinor,2025-08-06,"XOM up 1.3%, Equinor Oslo shares up 2.1%",Low,mega_cap_corporate,2025-08-H1-r2,2025-08-06,fabricated,5045
US Department of Justice files antitrust suit against Live Nation over concert ticketing monopoly,2024-05-23,LYV down 8.4% on the day,Moderate,regulatory,2025-08-H1-r2,2025-08-11,date_corrected,5046
"Ukraine drone strike hits major Russian oil refinery in Saratov, disrupting output",2025-08-09,"WTI up 1.8%, Brent up 1.6%, SPX flat",Low,geopolitical_military,2025-08-H1-r2,2025-08-09,unverified,5047
Chicago wheat futures spike 6% after Russia restricts grain export licenses citing domestic shortfall,2025-08-12,"CBOT wheat up 6.2%, corn up 1.4%, ag ETF WEAT up 5.8%",Moderate,trade_policy,2025-08-H1-r2,2025-08-12,unverified,5048
"Brazil real hits record low as fiscal deficit fears mount, BCB intervenes",2025-11-06,"BRL down 2.1% to record low, Bovespa down 1.8%",Moderate,fiscal_policy,2025-11-H1-r2,2025-11-06,unverified,5049
Super Micro Computer shares halted after auditor resignation and Nasdaq delisting warning,2024-10-30,SMCI down 18% on resumption of trading,High,mega_cap_corporate,2025-11-H1-r2,2025-11-05,date_corrected,5050
India central bank holds rates but cuts cash reserve ratio by 50bp to boost liquidity,2025-11-08,"Sensex up 1.1%, INR strengthened modestly",Low,monetary_policy,2025-11-H1-r2,2025-11-08,unverified,5051
"Germany coalition government collapses, snap election called for early 2026",2024-11-06,"DAX down 0.9%, EUR slipped 0.4% vs USD",Moderate,election_political,2025-11-H1-r2,2025-11-07,date_corrected,5052
Copper prices drop 3% as LME inventories surge to three-year high,2025-11-12,"LME copper down 3.2%, mining stocks BHP and Rio Tinto down 2%",Moderate,supply_disruption,2025-11-H1-r2,2025-11-12,unverified,5053
Stellantis CEO Carlos Tavares resigns abruptly amid profit warning and sales collapse,2024-12-01,STLA down 8.5% in Milan and New York trading,Moderate,mega_cap_corporate,2025-11-H1-r2,2025-11-03,date_corrected,5054
South Korea parliament votes to impeach finance minister over budget dispute,2025-11-14,"KOSPI down 0.7%, KRW weakened 0.5%",Low,election_political,2025-11-H1-r2,2025-11-14,unverified,5055
Moody's downgrades France sovereign credit outlook to negative amid fiscal concerns,2025-11-22,"French OAT-Bund spread widened to 90bp, CAC 40 down 0.8%",Moderate,credit_event,2025-11-H2-r2,2025-11-22,unverified,5056
"South Korea declares martial law briefly, president reverses order within hours",2024-12-03,"KOSPI futures halted, won fell 2% before partial recovery",High,election_political,2025-11-H2-r2,2025-11-28,date_corrected,5057
Stellantis CEO Carlos Tavares resigns abruptly amid sales collapse and board pressure,2024-12-01,"STLA up 6% on relief rally, had fallen 40% YTD prior",Moderate,mega_cap_corporate,2025-11-H2-r2,2025-11-25,date_corrected,5058
Nike cuts full-year revenue outlook citing Vietnam factory closures,2021-09-23,NKE down 6.3% after hours,Moderate,mega_cap_earnings,2021-09-H2,2021-09-23,confirmed,1780
"China declares all cryptocurrency transactions illegal, bans crypto trading",2021-09-24,"Bitcoin down 8%, Ethereum down 10%, crypto stocks sold off",High,regulatory,2021-09-H2,2021-09-24,confirmed,1781
Senate Democrats unveil $3.5T reconciliation spending framework details,2021-09-16,"SPX down 0.2%, bond yields little changed",Low,fiscal_policy,2021-09-H2,2021-09-16,confirmed,1782
"German federal election results in hung parliament, SPD edges CDU",2021-09-27,"DAX up 0.4%, EUR/USD little changed",Low,election_political,2021-09-H2,2021-09-26,date_corrected,1783
Fed's Powell warns supply-side inflation could be more persistent than expected,2021-09-29,"SPX down 1.2%, 10-year yield hit 1.57%",Moderate,monetary_policy,2021-09-H2,2021-09-29,confirmed,1784
"Global shipping container rates hit fresh record high, supply chain crisis deepens",2021-09-17,"Shipping stocks up 2-4%, retail stocks fell on margin fears",Low,supply_disruption,2021-09-H2,2021-09-17,unverified,1785
US debt ceiling deadline looms as Treasury warns of October default risk,2021-09-08,"SPX down 0.5%, 10-year yield dipped to 1.30%",Moderate,fiscal_policy,2021-09-H1,2021-09-08,confirmed,1786
ECB announces modest taper of pandemic emergency bond purchases,2021-09-09,"EUR up 0.3%, European equities flat, ECB kept rates unchanged",Low,monetary_policy,2021-09-H1,2021-09-09,confirmed,1787
El Salvador officially adopts Bitcoin as legal tender,2021-09-07,Bitcoin dropped 10% on launch day amid technical glitches,Moderate,regulatory,2021-09-H1,2021-09-07,confirmed,1788
"China declares all cryptocurrency transactions illegal, bans crypto businesses",2021-09-24,"Bitcoin fell 5%, Ethereum down 8%, crypto sector selloff",High,regulatory,2021-09-H1,2021-09-15,date_corrected,1789
"Apple holds iPhone 13 event, unveils new lineup with satellite connectivity",2021-09-14,"AAPL up 0.5%, muted reaction as features largely expected",Low,mega_cap_corporate,2021-09-H1,2021-09-14,confirmed,1790
"US August CPI rises 5.3% year-over-year, core inflation cools slightly",2021-09-14,"SPX up 0.2%, 10-year yield fell 2bp, dollar little changed",Low,monetary_policy,2021-09-H1,2021-09-14,confirmed,1791
"Evergrande misses supplier payments, fears grow over $300B debt crisis",2021-09-09,"Evergrande HK shares down 10%, iron ore futures fell 5%",High,credit_event,2021-09-H1,2021-09-09,confirmed,1792
"US August jobs report misses badly with only 235,000 jobs added",2021-09-03,"SPX down 0.2%, 10-year yield fell 5bp, dollar weakened",Low,monetary_policy,2021-09-H1,2021-09-03,confirmed,1793
Biden administration announces vaccine mandate for federal workers and contractors,2021-09-09,"SPX down 0.8%, airline and hospitality stocks mixed",Low,pandemic_health,2021-09-H1,2021-09-09,confirmed,1794
"OPEC+ confirms it will stick to gradual 400,000 bpd monthly output increase",2021-09-01,"WTI crude up 0.5%, settled near $69 per barrel",Low,energy_opec,2021-09-H1,2021-09-01,confirmed,1795
"US Senate passes $3.5 trillion budget resolution, advancing Biden agenda",2021-08-11,"SPX little changed, 10-year yield edged up to 1.36%",Low,fiscal_policy,2021-09-H1,2021-09-08,date_corrected,1796
Australia extends Sydney COVID lockdown as Delta variant cases surge,2021-09-10,"ASX 200 down 0.5%, AUD weakened 0.4% versus dollar",Low,pandemic_health,2021-09-H1,2021-09-10,unverified,1797
Robinhood shares fall sharply as lockup expiration nears and PFOF scrutiny grows,2021-09-01,"HOOD down 7%, stock had lost over 50% from August peak",Moderate,mega_cap_corporate,2021-09-H1,2021-09-01,unverified,1798
Fed Beige Book notes supply chain disruptions and labor shortages weighing on growth,2021-09-08,"SPX flat, markets already pricing in persistent supply pressures",Low,monetary_policy,2021-09-H1,2021-09-08,confirmed,1799
G7 summit in Sicily ends with US isolated on climate and trade,2017-05-27,"EUR/USD up 0.3% Monday, markets unmoved by communique discord",Low,geopolitical_diplomatic,2017-05-H2,2017-05-27,confirmed,480
Italy moves to bail out two Veneto regional banks using public funds,2017-06-25,"Italian bank stocks up 1-2%, EUR/USD stable around 1.118",Low,credit_event,2017-05-H2,2017-05-29,date_corrected,481
"North Korea test-fires Pukguksong-2 ballistic missile, second launch in two weeks",2017-05-21,"Nikkei down 0.2%, JPY strengthened slightly, markets muted",Low,geopolitical_military,2017-05-H2,2017-05-21,confirmed,482
"US Senate passes Tax Cuts and Jobs Act 51-49, slashing corporate rate to 21%",2017-12-02,"SPX up 0.6%, financials led gains, 10-year yield rose 5bp",Moderate,fiscal_policy,2017-12-H1,2017-12-02,confirmed,483
"Bitcoin surges past $19,000 on Coinbase, CME futures launch imminent",2017-12-07,"BTC hit $19,783 intraday, GBTC up 20%",High,credit_event,2017-12-H1,2017-12-07,confirmed,484
"Fed raises rates 25bp to 1.25-1.50%, signals three hikes in 2018",2017-12-13,"SPX up 0.1%, DXY barely moved, largely priced in",Low,monetary_policy,2017-12-H1,2017-12-13,confirmed,485
CME Group launches first Bitcoin futures contracts in the US,2017-12-18,"BTC futures opened at $15,000, BTC spot volatile 5% intraday",Moderate,regulatory,2017-12-H1,2017-12-10,date_corrected,486
"Trump recognizes Jerusalem as Israel's capital, orders embassy move",2017-12-06,"Oil up 0.8%, SPX down 0.1%, gold up 0.5%",Low,geopolitical_diplomatic,2017-12-H1,2017-12-06,confirmed,487
"Doug Jones wins Alabama Senate special election, Democrats gain seat",2017-12-12,"SPX down 0.3%, tax reform passage odds briefly dipped",Low,election_political,2017-12-H1,2017-12-12,confirmed,488
House and Senate tax conference committee releases final bill text,2017-12-15,"SPX up 0.9%, banks and industrials rallied 1-2%",Moderate,fiscal_policy,2017-12-H1,2017-12-15,confirmed,489
"ECB holds rates steady, Draghi signals QE taper continues as planned",2017-12-14,"EUR flat, European equities up 0.4%",Low,monetary_policy,2017-12-H1,2017-12-14,confirmed,490
Disney agrees to acquire 21st Century Fox assets for $52.4 billion,2017-12-14,"FOX up 8%, DIS down 2.8%, NFLX down 2%",Moderate,mega_cap_corporate,2017-12-H1,2017-12-14,confirmed,491
"US Congress passes Tax Cuts and Jobs Act, largest tax overhaul in 30 years",2017-12-20,"SPX up 0.2%, markets had largely priced in passage",Low,fiscal_policy,2017-12-H2,2017-12-20,confirmed,492
"Trump signs Tax Cuts and Jobs Act into law, cuts corporate rate to 21%",2017-12-22,"SPX up 0.2%, muted reaction as bill was fully priced in",Low,fiscal_policy,2017-12-H2,2017-12-22,confirmed,493
"Bitcoin crashes below $12,000 from record high above $19,000",2017-12-22,"BTC down over 30% from peak, GBTC down 25%",Moderate,credit_event,2017-12-H2,2017-12-22,confirmed,494
North Korea calls new UN sanctions an act of war,2017-12-22,"SPX flat, gold up 0.3%, minimal market reaction",Low,geopolitical_military,2017-12-H2,2017-12-22,confirmed,495
Nike reports fiscal Q2 earnings beat with North America revenue stabilizing,2017-12-21,"NKE up 5% after-hours, Dow futures up slightly",Low,mega_cap_earnings,2017-12-H2,2017-12-21,confirmed,496
US existing home sales hit highest level in 11 years at 5.81 million,2017-12-20,Homebuilder ETF XHB up 0.6%,Low,regulatory,2017-12-H2,2017-12-20,unverified,497
FCC officially repeals net neutrality rules in 3-2 vote,2017-12-14,"Telecom stocks up 0.5%, ISP shares gained modestly",Low,regulatory,2017-12-H2,2017-12-14,confirmed,498
"Dow Jones Industrial Average closes above 25,000 for first time",2018-01-04,"DJIA closed at 24,719, milestone reached intraday briefly",Low,mega_cap_corporate,2017-12-H2,2017-12-29,date_corrected,499
"Netflix Q4 subscriber growth misses badly, forecasts weak Q1 additions",2022-01-20,"NFLX down 22% next day, Nasdaq down 1.3%",High,mega_cap_earnings,2022-01-H2,2022-01-20,confirmed,1920
"SPX posts worst week since March 2020, briefly enters correction territory",2022-01-21,"SPX down 5.7% on the week, VIX hit 38 intraday",High,monetary_policy,2022-01-H2,2022-01-21,confirmed,1921
"Fed meeting signals imminent rate hike cycle, balance sheet runoff planned",2022-01-26,"SPX down 0.9%, 2-year Treasury yield hit 1.19%",Moderate,monetary_policy,2022-01-H2,2022-01-26,confirmed,1922
"Powell confirms March rate hike likely, does not rule out every-meeting increases",2022-01-26,"SPX fell 2.4% intraday before recovering, closed down 0.1%",Moderate,monetary_policy,2022-01-H2,2022-01-26,confirmed,1923
"Apple reports record Q1 revenue of $123.9B, beats on all major segments",2022-01-27,"AAPL up 7% Friday, added over $170B in market cap",High,mega_cap_earnings,2022-01-H2,2022-01-27,confirmed,1924
"US GDP grows 6.9% in Q4 2021, beating estimates of 5.5%",2022-01-27,"SPX up 2.4% on the day, bond yields rose slightly",Moderate,fiscal_policy,2022-01-H2,2022-01-27,confirmed,1925
"Microsoft Q2 earnings beat estimates, Azure cloud revenue up 46%",2022-01-25,"MSFT up 3% after-hours, Nasdaq futures rose 0.5%",Moderate,mega_cap_earnings,2022-01-H2,2022-01-25,confirmed,1926
Visa Q1 earnings beat expectations as payment volumes recover strongly,2022-01-25,V up 5% after-hours,Low,mega_cap_earnings,2022-01-H2,2022-01-25,confirmed,1927
"Russia denies invasion plans, calls NATO expansion an existential threat",2022-01-19,"Ruble down 1%, Russian RTS index down 3%",Low,geopolitical_diplomatic,2022-01-H2,2022-01-19,confirmed,1928
"UK inflation hits 5.4%, highest level in 30 years",2022-01-19,"GBP up 0.3%, gilt yields rose 5bp, FTSE flat",Low,monetary_policy,2022-01-H2,2022-01-19,confirmed,1929
IMF cuts 2022 global growth forecast to 4.4% citing Omicron and inflation,2022-01-25,"SPX down 1.2%, emerging market currencies weakened",Low,fiscal_policy,2022-01-H2,2022-01-25,confirmed,1930
Kazakhstan unrest triggers supply concerns as oil output disrupted briefly,2022-01-05,"WTI rose 0.8%, Brent above $84",Low,supply_disruption,2022-01-H2,2022-01-16,date_corrected,1931
Peloton shares crash as company reportedly halts production of bikes and treadmills,2022-01-20,"PTON down 24%, wiped $2.5B in market cap",Moderate,mega_cap_corporate,2022-01-H2,2022-01-20,confirmed,1932
"Russia masses over 150,000 troops on Ukraine border, US warns invasion imminent",2022-02-16,"SPX up 1.6% on false de-escalation hopes, VIX fell to 27",Moderate,geopolitical_military,2022-02-H2,2022-02-16,confirmed,1933
"UK inflation hits 5.5%, highest in 30 years, February CPI report",2022-02-16,"GBP up 0.3%, gilt yields rose, FTSE flat",Low,monetary_policy,2022-02-H2,2022-02-16,confirmed,1934
Walmart Q4 earnings miss estimates on supply chain and wage cost pressures,2022-02-17,"WMT down 2.4%, SPX down 0.7%",Low,mega_cap_earnings,2022-02-H2,2022-02-17,confirmed,1935
"US retail sales jump 3.8% in January, beating 2.0% estimate",2022-02-16,"SPX up 0.5%, Treasury yields rose slightly",Low,fiscal_policy,2022-02-H2,2022-02-16,confirmed,1936
Russia recognizes Donetsk and Luhansk as independent republics,2022-02-21,"SPX down 1.0%, oil up 2%, VIX spiked to 31",Moderate,geopolitical_diplomatic,2022-02-H2,2022-02-21,confirmed,1937
Putin orders Russian troops into eastern Ukraine separatist regions,2022-02-21,"Ruble hit record low, European equities fell 2%",High,geopolitical_military,2022-02-H2,2022-02-21,confirmed,1938
US and EU announce first wave of sanctions on Russia over Ukraine incursion,2022-02-22,"SPX down 1.0%, oil above $96, RUBUSD down 3%",Moderate,geopolitical_diplomatic,2022-02-H2,2022-02-22,confirmed,1939
Fed's Powell reiterates commitment to fight inflation at Cato Institute event,2022-09-08,"SPX down 1.1%, 2-year Treasury yield rose to 3.57%",Moderate,monetary_policy,2022-09-H1,2022-09-08,confirmed,2140
G7 agrees to impose price cap on Russian oil exports,2022-09-02,"WTI oil down 2%, Russian ruble weakened 1.5%",Moderate,geopolitical_diplomatic,2022-09-H1,2022-09-02,confirmed,2141
"US August PPI falls 0.1% month-over-month, first decline in over two years",2022-09-14,"SPX up 0.3%, bond yields little changed after prior day's CPI shock",Low,fiscal_policy,2022-09-H1,2022-09-14,confirmed,2142
"Ethereum completes Merge upgrade, transitioning to proof-of-stake consensus",2022-09-15,ETH down 8% on the day as sell-the-news reaction,Moderate,regulatory,2022-09-H1,2022-09-15,confirmed,2143
China reports weakest trade data in months as COVID lockdowns weigh on demand,2022-09-07,"Hang Seng down 1.4%, copper down 1.2%",Low,trade_policy,2022-09-H1,2022-09-07,confirmed,2144
OPEC+ considers output cuts at upcoming meeting amid falling oil prices,2022-09-09,"WTI crude up 3.3%, Brent up 3.5%",Moderate,energy_opec,2022-09-H1,2022-09-09,confirmed,2145
"FedEx issues dramatic profit warning, withdraws full-year guidance",2022-09-15,"FDX down 21%, SPX down 1.1%, recession fears spike",High,mega_cap_earnings,2022-09-H1,2022-09-15,confirmed,2146
"UK energy bills relief package announced, capping household prices at £2,500",2022-09-08,"GBP up 0.6%, UK gilt yields fell 10bp",Moderate,fiscal_policy,2022-09-H1,2022-09-08,confirmed,2147
US rail strike averted as Biden administration brokers tentative deal,2022-09-15,"Railroad stocks up 2-4%, SPX impact minimal",Low,supply_disruption,2022-09-H1,2022-09-15,confirmed,2148
"Putin announces partial military mobilization of 300,000 reservists",2022-09-21,Event outside window; ruble fell 3% on announcement day,High,geopolitical_military,2022-09-H1,2022-09-21,confirmed,2149
Germany nationalizes Uniper gas utility to prevent collapse amid energy crisis,2022-09-21,"Uniper shares suspended, DAX little changed, sector-level concern",Moderate,regulatory,2022-09-H1,2022-09-01,date_corrected,2150
Netflix Q2 earnings beat as paid sharing boost adds 5.9M subscribers,2023-07-19,NFLX up 7% after hours,Moderate,mega_cap_earnings,2023-07-H2,2023-07-19,confirmed,2151
Tesla Q2 earnings miss margin estimates as price cuts weigh on profits,2023-07-19,TSLA down 9.7% next day,High,mega_cap_earnings,2023-07-H2,2023-07-19,confirmed,2152
"ECB raises rates by 25bp to 3.75%, signals possible pause ahead",2023-07-27,"EUR down 0.5%, European equities up 0.4%",Low,monetary_policy,2023-07-H2,2023-07-27,confirmed,2153
"Fed raises rates by 25bp to 5.25-5.50%, highest level in 22 years",2023-07-26,"SPX up 0.02%, market sees near end of hike cycle",Low,monetary_policy,2023-07-H2,2023-07-26,confirmed,2154
"US Q2 GDP growth comes in at 2.4%, well above 1.8% consensus estimate",2023-07-27,"SPX up 1%, DXY up 0.6%, soft landing narrative strengthened",Moderate,fiscal_policy,2023-07-H2,2023-07-27,confirmed,2155
"Meta Q2 earnings beat, raises full-year revenue guidance sharply",2023-07-26,META up 8% after hours,Moderate,mega_cap_earnings,2023-07-H2,2023-07-26,confirmed,2156
Alphabet Q2 earnings beat on advertising revenue recovery,2023-07-25,GOOGL up 6% after hours,Moderate,mega_cap_earnings,2023-07-H2,2023-07-25,confirmed,2157
Microsoft Q4 earnings beat but Azure cloud growth guidance disappoints,2023-07-25,MSFT down 3.7% after hours,Moderate,mega_cap_earnings,2023-07-H2,2023-07-25,confirmed,2158
Ukraine grain export deal expires as Russia refuses to renew,2023-07-17,Wheat futures up 8%,Low,trade_policy,2023-07-H2,2023-07-17,confirmed,2159
Country Garden misses coupon payments on two dollar bonds,2023-08-07,"Country Garden shares down 18%, broader China property index down 5%",Moderate,credit_event,2023-08-H2,2023-08-07,confirmed,2200
"Nvidia reports Q2 revenue of $13.5B, more than doubling year-over-year",2023-08-23,"NVDA up 0.1% after hours, SPX flat as beat was largely priced in",Low,mega_cap_earnings,2023-08-H2,2023-08-23,confirmed,2201
"US 10-year Treasury yield hits 4.33%, highest level since 2007",2023-08-21,"SPX down 1.7% on the week, TLT down 1.5%",High,fiscal_policy,2023-08-H2,2023-08-21,confirmed,2202
BRICS summit admits six new members including Saudi Arabia and Iran,2023-08-24,"Gold up 0.4%, DXY down 0.2%, limited market reaction",Low,geopolitical_diplomatic,2023-08-H2,2023-08-24,confirmed,2203
Wagner Group leader Yevgeny Prigozhin dies in plane crash in Russia,2023-08-23,"Ruble weakened slightly, SPX and European markets largely unmoved",Low,geopolitical_military,2023-08-H2,2023-08-23,confirmed,2204
"Maui wildfires destroy historic Lahaina town, death toll rises above 100",2023-08-08,"Hawaiian Electric Industries down 45% over two weeks, SPX unaffected",Low,natural_disaster,2023-08-H2,2023-08-09,date_corrected,2205
"Fed holds rates steady at 5.25-5.50%, signals caution on further hikes",2023-11-01,"SPX up 1.1%, 10-year yield fell 20bp on the week",Moderate,monetary_policy,2023-11-H1,2023-11-01,confirmed,2206
US Treasury announces smaller-than-expected long-term bond issuance for Q4,2023-11-01,"10-year Treasury yield fell 20bp, SPX rallied 1.9% on the day",High,fiscal_policy,2023-11-H1,2023-11-01,confirmed,2207
Apple reports Q4 FY2023 earnings with revenue slightly below estimates,2023-11-02,"AAPL down 1.5% after-hours, recovered to flat by next session",Low,mega_cap_earnings,2023-11-H1,2023-11-02,confirmed,2208
"US October nonfarm payrolls rise 150K, below 180K forecast",2023-11-03,"SPX up 0.9%, 10-year yield fell 10bp to 4.57%",Moderate,fiscal_policy,2023-11-H1,2023-11-03,confirmed,2209
"Moody's cuts US credit outlook to negative, citing fiscal deficits",2023-11-10,"SPX down 0.1% Monday, 10-year yield barely moved; muted reaction",Low,credit_event,2023-11-H1,2023-11-10,confirmed,2210
"University of Michigan consumer sentiment falls to 60.4, misses estimates",2023-11-10,"SPX down 0.1%, 5-year inflation expectations rose to 3.2%",Low,fiscal_policy,2023-11-H1,2023-11-10,confirmed,2211
"US October CPI comes in at 3.2% year-on-year, below 3.3% forecast",2023-11-14,"SPX up 1.9%, Nasdaq up 2.4%, 10-year yield fell 19bp to 4.44%",High,monetary_policy,2023-11-H1,2023-11-14,confirmed,2212
Xi Jinping and Biden agree to meet at APEC summit in San Francisco,2023-11-06,"SPX up 0.2%, slight lift to US-China exposed equities",Low,geopolitical_diplomatic,2023-11-H1,2023-11-06,unverified,2213
WeWork files for Chapter 11 bankruptcy protection in US courts,2023-11-06,WeWork equity near zero; SoftBank ADR down 1.5%,Low,credit_event,2023-11-H1,2023-11-06,confirmed,2214
"Israel ground offensive in Gaza intensifies, raising Middle East risk premium",2023-11-01,"Oil up 1.5% intraday, faded to flat; gold up 0.5%",Low,geopolitical_military,2023-11-H1,2023-11-01,confirmed,2215
"Arm Holdings reports first earnings as public company, beats revenue estimates",2023-11-08,ARM up 7% after-hours on strong AI chip licensing revenue outlook,Moderate,mega_cap_earnings,2023-11-H1,2023-11-08,confirmed,2216
"US 30-year Treasury auction draws weak demand, yield hits 5.1%",2023-11-09,"10-year yield spiked 10bp, SPX fell 0.8% on auction day",Moderate,fiscal_policy,2023-11-H1,2023-11-09,confirmed,2217
"China October CPI falls 0.2%, deepening deflation concerns",2023-11-09,"Hang Seng down 1.4%, copper down 1.2%",Moderate,fiscal_policy,2023-11-H1,2023-11-09,confirmed,2218
"Eurozone GDP contracts 0.1% in Q3, confirming stagnation",2023-11-07,"EUR/USD fell 0.3%, DAX down 0.4%",Low,fiscal_policy,2023-11-H1,2023-11-07,confirmed,2219
Argentina peso devalued further as Milei government cuts subsidies sharply,2024-01-17,"ARS lost additional 20%, Argentine bonds volatile",Low,fiscal_policy,2024-01-H2,2024-01-17,unverified,2420
Fed Chair Powell signals rate cuts coming at Jackson Hole speech,2024-08-23,"SPX up 1.1%, DXY fell 0.8%, gold hit record high",High,monetary_policy,2024-08-H2,2024-08-23,confirmed,2421
"Nvidia Q2 earnings beat estimates, revenue up 122% year-over-year",2024-08-28,"NVDA down 6% after hours despite beat, SPX flat",Moderate,mega_cap_earnings,2024-08-H2,2024-08-28,confirmed,2422
"Japan core CPI rises 2.7% in July, above BOJ target",2024-08-23,"JPY strengthened 0.5%, Nikkei down 0.4%",Low,monetary_policy,2024-08-H2,2024-08-23,confirmed,2423
"US Bureau of Labor Statistics revises payrolls down by 818,000 jobs",2024-08-21,"SPX up 0.6%, Treasury yields fell, dollar weakened",Moderate,fiscal_policy,2024-08-H2,2024-08-21,confirmed,2424
Ukraine forces cross into Russian Kursk region in surprise incursion,2024-08-06,"Oil up 1.2%, European gas up 2%, SPX flat",Low,geopolitical_military,2024-08-H2,2024-08-16,date_corrected,2425
Israel-Hamas ceasefire talks resume in Cairo with US mediation,2024-08-19,"Oil down 1.5%, gold down 0.3%",Low,geopolitical_diplomatic,2024-08-H2,2024-08-19,confirmed,2426
"Palo Alto Networks raises full-year guidance, shares surge on earnings",2024-08-19,"PANW up 7%, cybersecurity ETF HACK up 2%",Moderate,mega_cap_earnings,2024-08-H2,2024-08-19,confirmed,2427
ECB officials signal further rate cuts likely in September meeting,2024-08-22,"EUR/USD up 0.3%, European bonds rallied",Low,monetary_policy,2024-08-H2,2024-08-22,unverified,2428
"US existing home sales rise 1.3% in July, breaking four-month decline",2024-08-22,"Homebuilder ETF XHB up 0.8%, SPX up 0.2%",Low,fiscal_policy,2024-08-H2,2024-08-22,confirmed,2429
"Biden withdraws from 2024 presidential race, endorses Harris",2024-07-21,"SPX up 1.1% Monday, DXY dipped slightly",Moderate,election_political,2024-07-H1,2024-07-21,confirmed,2430
Trump survives assassination attempt at Pennsylvania rally,2024-07-13,"SPX futures up 0.5%, Trump Media DJT up 31% Monday",Moderate,election_political,2024-07-H1,2024-07-13,confirmed,2431
"US CPI falls to 3.0% in June, below expectations, rate cut hopes rise",2024-07-11,"SPX up 0.1%, small caps surged, Russell 2000 up 3.6%",High,monetary_policy,2024-07-H1,2024-07-11,confirmed,2432
Fed Chair Powell signals rate cuts coming in congressional testimony,2024-07-09,"SPX up 0.1%, 2-year Treasury yield fell 4bp",Low,monetary_policy,2024-07-H1,2024-07-09,confirmed,2433
"JPMorgan Chase Q2 earnings beat estimates, net income rises 25%",2024-07-12,"JPM up 1.2%, KBW Bank Index up 2.5%",Moderate,mega_cap_earnings,2024-07-H1,2024-07-12,confirmed,2434
Nvidia briefly surpasses Microsoft as world's most valuable company,2024-06-18,"NVDA up 2.5%, market cap hit $3.34T intraday",Low,mega_cap_corporate,2024-07-H1,2024-07-09,date_corrected,2435
US imposes new restrictions on chip exports to China via third countries,2024-07-12,"ASML down 4%, Philadelphia Semiconductor Index down 2%",Moderate,trade_policy,2024-07-H1,2024-07-12,unverified,2436
UK Labour Party wins landslide general election majority,2024-07-05,"GBP up 0.3%, FTSE 100 flat, result widely expected",Low,election_political,2024-07-H1,2024-07-04,date_corrected,2437
Wells Fargo Q2 earnings miss on net interest income decline,2024-07-12,"WFC down 6%, regional bank stocks fell 1-2%",Moderate,mega_cap_earnings,2024-07-H1,2024-07-12,confirmed,2438
Israel strikes Houthi targets in Yemen after Tel Aviv drone attack,2024-07-20,"Oil up 1.2%, SPX down 0.2%",Low,geopolitical_military,2024-07-H1,2024-07-20,confirmed,2439
"Arm Holdings reports first earnings as public company, guidance disappoints",2024-02-07,"ARM down 4.8% initially then recovered, closed up 5% on AI chip optimism",Low,mega_cap_earnings,2024-02-H1,2024-02-07,confirmed,2320
"Japan's Nikkei 225 surpasses 37,000 for first time since 1990 bubble era",2024-02-09,"Nikkei up 2.1% on the day, yen weakened past 149 per dollar",Moderate,monetary_policy,2024-02-H1,2024-02-09,confirmed,2321
Lyft surges 67% after earnings report accidentally includes extra zero in margin guidance,2024-02-13,LYFT up 67% intraday before correcting to close up 35%,Low,mega_cap_earnings,2024-02-H1,2024-02-08,date_corrected,2322
"US Treasury 10-year auction sees weak demand, yields rise",2024-02-07,"10-year yield rose to 4.17%, SPX down 0.3%",Low,fiscal_policy,2024-02-H1,2024-02-07,unverified,2323
"Nvidia reports Q4 earnings, revenue surges 265% on AI chip demand",2024-02-21,"NVDA up 16%, added $277B in market cap, Nasdaq up 3%",High,mega_cap_earnings,2024-02-H2,2024-02-21,confirmed,2324
US January CPI comes in hotter than expected at 3.1% year-over-year,2024-02-13,"SPX down 1.4%, 10-year yield jumped 14bp",High,monetary_policy,2024-02-H2,2024-02-13,confirmed,2325
"Japan enters technical recession, GDP contracts 0.4% in Q4 2023",2024-02-15,"Nikkei fell 0.3%, yen weakened slightly",Low,fiscal_policy,2024-02-H2,2024-02-15,confirmed,2326
"US January PPI rises 0.3%, above consensus estimate of 0.1%",2024-02-16,"SPX down 0.5%, Treasury yields rose 5bp",Moderate,monetary_policy,2024-02-H2,2024-02-16,confirmed,2327
Walmart acquires smart TV maker Vizio for $2.3 billion,2024-02-20,"VZIO up 17%, WMT up 0.5%",Low,mega_cap_corporate,2024-02-H2,2024-02-20,confirmed,2328
Argentina central bank cuts benchmark interest rate from 100% to 80%,2024-02-26,"Argentine peso stable, local equities up 2%",Low,monetary_policy,2024-02-H2,2024-02-26,confirmed,2329
"FOMC minutes signal Fed in no rush to cut rates, inflation concerns persist",2024-02-21,"SPX down 0.6%, 2-year yield rose 4bp",Moderate,monetary_policy,2024-02-H2,2024-02-21,confirmed,2330
Houthi rebels strike Greek-operated cargo ship in Red Sea with missile,2024-02-18,"Oil up 1.2%, shipping stocks fell 1-2%",Low,geopolitical_military,2024-02-H2,2024-02-18,unverified,2331
Alexei Navalny dies in Russian Arctic prison colony,2024-02-16,"Ruble weakened 0.5%, SPX flat",Low,geopolitical_diplomatic,2024-02-H2,2024-02-16,confirmed,2332
"Bitcoin surges above $57,000, highest level since November 2021",2024-02-26,"BTC up 15% on the week, crypto stocks MSTR up 20%",Moderate,credit_event,2024-02-H2,2024-02-26,confirmed,2333
US House passes $95 billion foreign aid package for Ukraine and Israel,2024-04-20,"Defense stocks LMT and RTX up 1-2%, SPX flat",Low,geopolitical_diplomatic,2024-02-H2,2024-02-13,date_corrected,2334
EU agrees on 50 billion euro aid package for Ukraine over four years,2024-02-01,"EUR/USD little changed, European defense stocks up 1%",Low,geopolitical_diplomatic,2024-02-H2,2024-02-01,confirmed,2335
"US PCE inflation index rises 2.4% year-over-year in January, in line with estimates",2024-02-29,"SPX up 0.5%, 10-year yield fell 3bp",Low,monetary_policy,2024-02-H2,2024-02-29,confirmed,2336
Apple faces EU antitrust fine of nearly 2 billion euros over music streaming,2024-03-04,"AAPL down 0.5%, EU regulatory scrutiny weighs",Low,regulatory,2024-02-H2,2024-03-04,confirmed,2337
"US CPI rises 3.2% year-over-year in February, above 3.1% forecast",2024-03-12,"SPX down 0.6%, 2-year Treasury yield up 10bp, rate cut expectations pushed back",Moderate,monetary_policy,2024-03-H1,2024-03-12,confirmed,2338
"Bitcoin surges past $70,000 for first time ever amid ETF inflows",2024-03-11,"BTC hit $72,000 intraday, crypto-related stocks up 5-10%",High,mega_cap_corporate,2024-03-H1,2024-03-11,confirmed,2339
"Elon Musk discloses 9.2% passive stake in Twitter, becomes largest shareholder",2022-04-04,TWTR up 27% on the day,High,mega_cap_corporate,2022-04-H2-r2,2022-04-04,confirmed,4219
"Bank of Canada raises rates 50bp, largest hike in over two decades",2022-04-13,"CAD strengthened, Canadian bank stocks up 1%",Moderate,monetary_policy,2022-04-H2-r2,2022-04-13,confirmed,4220
Nickel trading resumes on LME after historic short-squeeze suspension,2022-03-16,"Nickel prices volatile, LME credibility questioned, nickel down 8% on resumption",Moderate,supply_disruption,2022-04-H2-r2,2022-04-27,date_corrected,4221
"Snap Q1 earnings beat estimates, raises full-year guidance on ad resilience",2022-04-21,"SNAP up 24% after hours, social media peers rallied",Moderate,mega_cap_earnings,2022-04-H2-r2,2022-04-21,confirmed,4222
IMF warns Sri Lanka economy in free fall as foreign reserves hit near zero,2022-04-19,"Sri Lankan rupee down 40% year-to-date, contagion fears in frontier EM",Low,credit_event,2022-04-H2-r2,2022-04-19,confirmed,4223
China's Q1 GDP grows 4.8% but March data signals sharp slowdown from lockdowns,2022-04-18,"Hang Seng up 0.3%, CSI 300 flat as beat offset by weak March retail sales",Low,fiscal_policy,2022-04-H2-r2,2022-04-18,confirmed,4224
US imposes new sanctions on Russia blocking debt payments through US banks,2022-04-04,"Russian sovereign default risk rose, OFZ bonds untradeable for foreign holders",Moderate,geopolitical_diplomatic,2022-04-H2-r2,2022-04-22,date_corrected,4225
Wheat futures hit multi-week highs as India considers export restrictions amid heatwave,2022-04-29,"Chicago wheat futures up 6% on the week, food inflation fears intensified",Moderate,supply_disruption,2022-04-H2-r2,2022-04-29,confirmed,4226
Revlon files for Chapter 11 bankruptcy protection amid debt burden,2022-06-16,"REV equity down 15%, bonds trading at distressed levels",Low,credit_event,2022-06-H2-r2,2022-06-16,confirmed,4227
European natural gas prices surge as Russia cuts Nord Stream flows to 40%,2022-06-15,"Dutch TTF gas up 18%, German power prices hit record highs",High,supply_disruption,2022-06-H2-r2,2022-06-16,date_corrected,4228
Voyager Digital suspends trading and withdrawals citing Three Arrows exposure,2022-07-01,"VOYG shares down 60%, Bitcoin fell below $20,000",Moderate,credit_event,2022-06-H2-r2,2022-06-23,date_corrected,4229
"Fed Chair Powell tells Senate recession is possible, not inevitable",2022-06-22,"SPX up 0.2%, 2-year Treasury yield fell 5bp",Low,monetary_policy,2022-06-H2-r2,2022-06-22,confirmed,4230
US Supreme Court overturns Roe v. Wade in Dobbs v. Jackson ruling,2022-06-24,"SPX up 3.1% on the day, markets focused on Fed pivot hopes",Low,election_political,2022-06-H2-r2,2022-06-24,confirmed,4231
Wheat futures spike as India bans wheat exports citing food security,2022-05-14,"CBOT wheat futures up 5%, corn up 2% on contagion fears",Moderate,trade_policy,2022-06-H2-r2,2022-06-17,date_corrected,4232
Coinbase announces layoffs of 18% of workforce amid crypto winter,2022-06-14,"COIN down 11%, crypto sector ETFs fell 5-8%",Moderate,mega_cap_corporate,2022-06-H2-r2,2022-06-14,confirmed,4233
South African power utility Eskom declares Stage 6 load-shedding emergency,2022-06-22,"JSE All Share down 1.8%, ZAR weakened 1.2% vs USD",Low,supply_disruption,2022-06-H2-r2,2022-06-22,confirmed,4234
Wells Fargo Q3 earnings beat as net interest income jumps 36% year-over-year,2022-10-14,"WFC up 3.7%, KBW Bank Index up 2%",Moderate,mega_cap_earnings,2022-10-H1-r2,2022-10-14,confirmed,4235
UK government reverses plan to scrap 45p top income tax rate after market revolt,2022-10-03,"GBP recovered to 1.1350, gilt yields fell 20bp",Moderate,fiscal_policy,2022-10-H1-r2,2022-10-03,confirmed,4236
Citigroup Q3 earnings top estimates on strong fixed income trading revenue,2022-10-14,"C up 0.6%, SPX financials sector up 1.8%",Low,mega_cap_earnings,2022-10-H1-r2,2022-10-14,confirmed,4237
China delays release of key economic data including GDP without explanation,2022-10-14,"Hang Seng down 1.9%, yuan weakened past 7.20 per dollar",Moderate,election_political,2022-10-H1-r2,2022-10-14,confirmed,4238
Natural gas futures spike 8% on early cold weather forecasts and tight storage,2018-09-26,Henry Hub nat gas futures up 8% to highest since 2014,Moderate,energy_opec,2018-09-H2-r2,2018-09-26,unverified,4779
Cobalt prices slump 20% from peak as electric vehicle supply fears ease,2018-09-17,"Cobalt spot price fell to $30/lb, down from $44 peak in April",Low,supply_disruption,2018-09-H2-r2,2018-09-17,unverified,4780
"UK parliament prorogation announced, raising no-deal Brexit fears",2019-08-28,"GBP fell 0.9% to $1.2195, FTSE 250 down 1.4%",Moderate,election_political,2019-08-H2-r2,2019-08-28,confirmed,4781
Moody's downgrades Argentina sovereign debt to Caa2 amid peso collapse,2019-08-16,"Argentine bonds fell further, 10-year yield above 20%",Moderate,credit_event,2019-08-H2-r2,2019-08-16,unverified,4782
Denmark's Danske Bank shares drop as US money laundering probe expands,2019-08-19,"DANSKE down 4%, European bank index down 0.8%",Low,regulatory,2019-08-H2-r2,2019-08-19,unverified,4783
"Nvidia reports Q2 earnings beat, data center revenue surges 35%",2019-08-15,NVDA up 6% after hours,Moderate,mega_cap_earnings,2019-08-H2-r2,2019-08-15,confirmed,4784
"India revokes Article 370, stripping Kashmir of special status",2019-08-05,"BSE Sensex down 1.2%, Pakistani rupee weakened",Low,geopolitical_diplomatic,2019-08-H2-r2,2019-08-05,confirmed,4785
WeWork files IPO prospectus revealing $900M net loss on $1.8B revenue,2019-08-14,"SoftBank shares fell 2.5%, private market valuation questioned",Moderate,mega_cap_corporate,2019-08-H2-r2,2019-08-14,confirmed,4786
Brazil's INPE data shows Amazon deforestation surging 278% year-on-year,2019-08-22,"BRL weakened 0.8%, Ibovespa down 1.1% on trade boycott fears",Low,geopolitical_diplomatic,2019-08-H2-r2,2019-08-22,unverified,4787
"Gold surges above $1,500 per ounce for first time since 2013",2019-08-27,"Gold hit $1,537 intraday, GLD up 1.8%",Moderate,supply_disruption,2019-08-H2-r2,2019-08-27,date_corrected,4788
Boeing 737 MAX remains grounded as FAA finds new software flaw,2020-01-02,"BA down 2.1%, airlines flat",Moderate,mega_cap_corporate,2020-01-H1-r2,2020-01-02,unverified,4789
Saudi Aramco surpasses $2 trillion market cap milestone after IPO surge,2019-12-11,"Aramco shares up 1.6%, oil majors broadly flat",Low,mega_cap_corporate,2020-01-H1-r2,2020-01-02,date_corrected,4790
Citigroup Q4 earnings beat estimates with $5B profit on strong trading revenue,2020-01-14,"C up 1.8%, KBW Bank Index up 0.6%",Low,mega_cap_earnings,2020-01-H1-r2,2020-01-14,confirmed,4791
US Treasury removes China from currency manipulator list ahead of Phase One signing,2020-01-13,"CNY strengthened 0.3%, SPX up 0.2%",Low,trade_policy,2020-01-H1-r2,2020-01-13,confirmed,4792
Wells Fargo Q4 revenue misses as asset cap continues to weigh on growth,2020-01-14,"WFC down 4.3%, worst big-bank reaction of earnings season",Moderate,mega_cap_earnings,2020-01-H1-r2,2020-01-14,confirmed,4793
Libya's National Oil Corporation declares force majeure as militia blockades ports,2020-01-10,"WTI up 0.8%, Brent briefly above $65",Low,energy_opec,2020-01-H1-r2,2020-01-10,unverified,4794
Taiwan elects Tsai Ing-wen to second term in landslide amid China tensions,2020-01-11,"Taiwan dollar steady, TAIEX up 0.3% Monday",Low,election_political,2020-01-H1-r2,2020-01-11,confirmed,4795
Lyft shares fall below IPO price as lock-up concerns weigh on stock,2019-04-16,"LYFT down 5% to $57, well below $72 IPO price",Low,mega_cap_corporate,2019-04-H2-r2,2019-04-16,unverified,4796
"IMF cuts 2019 global growth forecast to 3.3%, slowest since financial crisis",2019-04-09,"SPX down 0.2%, EM currencies softened slightly",Low,fiscal_policy,2019-04-H2-r2,2019-04-09,confirmed,4797
Halliburton Q1 earnings miss as North America oilfield activity slumps,2019-04-22,"HAL down 4.5%, oilfield services peers fell 1-2%",Low,mega_cap_earnings,2019-04-H2-r2,2019-04-22,confirmed,4798
Argentina elects libertarian Javier Milei as president,2023-11-19,"Argentine peso fell 3%, local equities surged 30% on dollarization hopes",Moderate,election_political,2023-11-H2,2023-11-19,confirmed,2260
Hamas launches surprise multi-front attack on Israel from Gaza,2023-10-07,"Oil up 4% Monday, SPX down 0.5%, gold up 1%",Low,geopolitical_military,2023-10-H1,2023-10-07,confirmed,2261
"Israel declares state of war after Hamas attack, mobilizes 300,000 reservists",2023-10-08,"VIX rose to 19, oil up 3.5%, defense stocks up 5%",Moderate,geopolitical_military,2023-10-H1,2023-10-08,confirmed,2262
"US 10-year Treasury yield hits 4.88%, highest level since 2007",2023-10-03,"SPX down 1.4%, Nasdaq down 1.9%, TLT down 1.2%",High,monetary_policy,2023-10-H1,2023-10-03,confirmed,2263
"US September jobs report shows 336,000 payrolls added, nearly double estimates",2023-10-06,"10-year yield spiked to 4.89%, SPX fell 0.5% then recovered",Moderate,fiscal_policy,2023-10-H1,2023-10-06,confirmed,2264
"House Republicans elect Steve Scalise as Speaker, then he withdraws",2023-10-11,"SPX down 0.3%, markets largely shrugged off dysfunction",Low,election_political,2023-10-H1,2023-10-11,confirmed,2265
"Kevin McCarthy ousted as House Speaker in historic vote, first ever removal",2023-10-03,"SPX down 0.3%, no significant market reaction to political chaos",Low,election_political,2023-10-H1,2023-10-03,confirmed,2266
Fed minutes signal rates to stay higher for longer amid strong economy,2023-10-11,"10-year yield briefly touched 4.7%, SPX down 0.6%",Moderate,monetary_policy,2023-10-H1,2023-10-11,confirmed,2267
"US September CPI comes in at 3.7%, core CPI 4.1% year-over-year",2023-10-12,"SPX up 0.4%, 10-year yield fell slightly to 4.56%",Low,monetary_policy,2023-10-H1,2023-10-12,confirmed,2268
"JPMorgan Chase Q3 earnings beat estimates with EPS of $4.33, revenue $39.9B",2023-10-13,"JPM up 1.5%, KBE bank ETF up 2.1%",Moderate,mega_cap_earnings,2023-10-H1,2023-10-13,confirmed,2269
Wells Fargo Q3 profit rises 61% on higher interest income,2023-10-13,"WFC up 3%, regional bank ETF KRE up 1.8%",Low,mega_cap_earnings,2023-10-H1,2023-10-13,confirmed,2270
"Citigroup Q3 revenue falls short, announces major reorganization plan",2023-10-13,"C down 0.5%, underperformed peers on earnings day",Low,mega_cap_corporate,2023-10-H1,2023-10-13,confirmed,2271
Oil prices jump as markets price Middle East supply risk after Israel-Hamas war,2023-10-09,"WTI crude up 4.3% to $87, Brent above $88",Moderate,energy_opec,2023-10-H1,2023-10-09,confirmed,2272
US imposes new restrictions on advanced AI chip exports to China,2023-10-17,"NVDA down 4.7%, AMD down 3.8% on updated export controls",High,regulatory,2023-10-H1,2023-10-07,date_corrected,2273
"IMF cuts 2024 global growth forecast to 2.9%, warns of high-for-longer rates risk",2023-10-10,"SPX down 0.2%, limited market reaction to IMF warning",Low,fiscal_policy,2023-10-H1,2023-10-10,confirmed,2274
"Fed holds rates steady, signals three cuts in 2024 dot plot",2023-12-13,"SPX up 1.4%, 10-year yield fell 18bp, DXY down 0.9%",High,monetary_policy,2023-12-H1,2023-12-13,confirmed,2275
"ECB holds rates steady, pushes back on early cut expectations",2023-12-14,"EUR down 0.5%, European equities fell 0.5%",Moderate,monetary_policy,2023-12-H1,2023-12-14,confirmed,2276
"Bank of England holds rates at 5.25%, three members dissent for hike",2023-12-14,"GBP down 0.4%, FTSE 100 up 0.2%",Low,monetary_policy,2023-12-H1,2023-12-14,confirmed,2277
"US CPI rises 3.1% year-over-year in November, slightly below forecast",2023-12-12,"SPX up 0.5%, 10-year yield fell 12bp",Moderate,monetary_policy,2023-12-H1,2023-12-12,confirmed,2278
"Norway's Norges Bank raises rates by 25bp to 4.5%, surprises markets",2023-12-14,NOK up 0.8% against EUR,Low,monetary_policy,2023-12-H1,2023-12-14,confirmed,2279
South Korea sovereign credit outlook revised to negative by Moody's,2025-09-25,"KOSPI down 1.4%, KRW weakened 0.9%",Low,credit_event,2025-09-H2-r2,2025-09-25,unverified,4679
Copper prices fall to six-month low on weak Chinese manufacturing PMI data,2025-09-29,"Copper futures down 3.2%, mining stocks FCX and RIO down 2-4%",Moderate,supply_disruption,2025-09-H2-r2,2025-09-29,unverified,4680
"TSMC reports Q3 revenue surge 36% on AI chip demand, raises guidance",2025-10-10,"TSM up 4.2%, Philadelphia Semiconductor Index up 2.1%",Moderate,mega_cap_earnings,2025-10-H1-r2,2025-10-10,unverified,4681
Brazil real hits record low as fiscal deficit fears mount ahead of budget vote,2025-10-07,"BRL down 2.8% to record low, Bovespa down 1.9%",Moderate,fiscal_policy,2025-10-H1-r2,2025-10-07,unverified,4682
South Korea central bank cuts rates 25bp citing export slowdown and weak won,2025-10-02,"KRW weakened 0.8%, KOSPI up 0.6% on stimulus hopes",Low,monetary_policy,2025-10-H1-r2,2025-10-02,unverified,4683
EU antitrust regulators open formal investigation into Apple App Store fees,2025-10-08,"AAPL down 1.3%, broadly shrugged off by broader market",Low,regulatory,2025-10-H1-r2,2025-10-08,unverified,4684
Nigerian naira falls 9% in single session as central bank halts FX interventions,2025-10-03,"NGN down 9%, Nigerian equities index down 3.4%",Moderate,credit_event,2025-10-H1-r2,2025-10-03,unverified,4685
Natural gas prices spike 18% in Europe after Norwegian pipeline maintenance extended,2025-10-09,"Dutch TTF gas futures up 18%, European utilities sector down 2.3%",High,supply_disruption,2025-10-H1-r2,2025-10-09,unverified,4686
Wells Fargo Q3 earnings miss estimates as net interest income falls short,2025-10-11,"WFC down 5.7%, KBW Bank Index down 1.2%",Moderate,mega_cap_earnings,2025-10-H1-r2,2025-10-11,unverified,4687
India imposes anti-dumping duties on steel imports from China and Vietnam,2025-10-06,"Indian steel stocks up 3-5%, broader Sensex flat",Low,trade_policy,2025-10-H1-r2,2025-10-06,unverified,4688
Moody's downgrades France sovereign credit outlook to negative amid fiscal slippage,2025-10-25,"French OAT-Bund spread widened to 85bp, CAC 40 down 0.8%",Moderate,credit_event,2025-10-H2-r2,2025-10-25,unverified,4689
"Intel reports Q3 earnings with revenue miss and announces 15,000 additional layoffs",2025-10-24,"INTC down 8%, Philadelphia Semiconductor Index down 2.1%",Moderate,mega_cap_earnings,2025-10-H2-r2,2025-10-24,unverified,4690
Brazil real hits record low against dollar as fiscal concerns mount,2025-10-21,"BRL down 3.2% to 5.98 per USD, Bovespa down 1.9%",Moderate,fiscal_policy,2025-10-H2-r2,2025-10-21,unverified,4691
Natural gas futures spike 12% as early cold snap forecast for US Northeast,2025-10-17,Henry Hub nat gas futures up 12% to $3.85/MMBtu,Moderate,energy_opec,2025-10-H2-r2,2025-10-17,unverified,4692
EU antitrust regulators open formal investigation into Apple App Store fees,2025-10-22,"AAPL down 1.1%, largely shrugged off by broader market",Low,regulatory,2025-10-H2-r2,2025-10-22,unverified,4693
Copper prices fall to three-month low on weak Chinese manufacturing PMI data,2025-10-20,"Copper futures down 3.4% to $4.18/lb, mining stocks down 2%",Moderate,supply_disruption,2025-10-H2-r2,2025-10-20,unverified,4694
South Korea central bank cuts rates by 25bp citing export slowdown and weak won,2025-10-16,"KOSPI up 0.6%, KRW weakened slightly to 1,385 per USD",Low,monetary_policy,2025-10-H2-r2,2025-10-16,unverified,4695
"Volkswagen announces closure of three German plants, 35,000 job cuts in restructuring",2025-10-28,"VOW3 down 5.2%, DAX down 0.7%, German auto sector down 3%",Moderate,mega_cap_corporate,2025-10-H2-r2,2025-10-28,unverified,4696
"Bank of Canada cuts rates by 50bp, loonie falls sharply",2025-12-11,"CAD down 0.8% vs USD, TSX up 0.4%",Moderate,monetary_policy,2025-12-H1-r2,2025-12-11,unverified,4697
"Brazil real hits record low as fiscal concerns mount, central bank intervenes",2025-12-05,"BRL down 3.5% to 6.10 per USD, Bovespa down 1.8%",High,fiscal_policy,2025-12-H1-r2,2025-12-05,unverified,4698
